strategy,entry_time,exit_time,direction,entry,exit,result,pnl,capital,month
v1 Original,2026-02-27 03:00:00+00:00,2026-02-27 03:50:00+00:00,short,67246.6,67520.6,SL,-1.0,99.0,2026-02
v1 Original,2026-02-27 07:50:00+00:00,2026-02-27 08:45:00+00:00,long,67717.08,68035.87,TP,1.98,100.98,2026-02
v1 Original,2026-02-27 14:45:00+00:00,2026-02-27 15:05:00+00:00,short,65960.27,66176.52,SL,-1.0098,99.9702,2026-02
v1 Original,2026-02-27 16:10:00+00:00,2026-02-27 16:30:00+00:00,short,65886.87,66046.69,SL,-0.9997,98.9705,2026-02
v1 Original,2026-02-27 18:55:00+00:00,2026-02-27 20:00:00+00:00,short,65299.44,65515.6,SL,-0.9897,97.9808,2026-02
v1 Original,2026-02-27 21:45:00+00:00,2026-02-27 22:35:00+00:00,short,65596.92,65246.38,TP,1.9596,99.9404,2026-02
v1 Original,2026-02-28 00:25:00+00:00,2026-02-28 00:40:00+00:00,short,65761.44,65948.71,SL,-0.9994,98.941,2026-02
v1 Original,2026-02-28 03:05:00+00:00,2026-02-28 04:30:00+00:00,short,65877.1,65595.05,TP,1.9788,100.9198,2026-02
v1 Original,2026-02-28 05:35:00+00:00,2026-02-28 06:15:00+00:00,short,65593.41,64698.49,TP,2.0184,102.9382,2026-02
v1 Original,2026-02-28 11:45:00+00:00,2026-02-28 13:45:00+00:00,short,64043.73,64205.95,SL,-1.0294,101.9088,2026-02
v1 Original,2026-02-28 14:50:00+00:00,2026-02-28 15:25:00+00:00,short,64456.12,64821.32,SL,-1.0191,100.8898,2026-02
v1 Original,2026-02-28 15:45:00+00:00,2026-02-28 16:40:00+00:00,long,64814.82,65129.49,TP,2.0178,102.9075,2026-02
v1 Original,2026-02-28 17:55:00+00:00,2026-02-28 18:15:00+00:00,long,65421.79,65290.8,SL,-1.0291,101.8785,2026-02
v1 Original,2026-02-28 18:30:00+00:00,2026-02-28 18:35:00+00:00,long,65396.56,65711.88,TP,2.0376,103.916,2026-02
v1 Original,2026-02-28 19:30:00+00:00,2026-02-28 19:50:00+00:00,long,66199.2,66501.69,TP,2.0783,105.9944,2026-02
v1 Original,2026-02-28 22:20:00+00:00,2026-02-28 22:35:00+00:00,long,67077.66,67565.65,TP,2.1199,108.1143,2026-02
v1 Original,2026-03-01 01:40:00+00:00,2026-03-01 01:45:00+00:00,long,66683.41,67060.07,TP,2.1623,110.2765,2026-03
v1 Original,2026-03-01 05:20:00+00:00,2026-03-01 05:50:00+00:00,long,67512.41,67349.18,SL,-1.1028,109.1738,2026-03
v1 Original,2026-03-01 07:15:00+00:00,2026-03-01 08:25:00+00:00,long,67002.11,67279.48,TP,2.1835,111.3572,2026-03
v1 Original,2026-03-01 08:50:00+00:00,2026-03-01 09:15:00+00:00,short,66581.95,66715.94,SL,-1.1136,110.2437,2026-03
v1 Original,2026-03-01 12:30:00+00:00,2026-03-01 12:40:00+00:00,short,66375.86,66509.04,SL,-1.1024,109.1412,2026-03
v1 Original,2026-03-01 13:20:00+00:00,2026-03-01 13:40:00+00:00,short,66229.31,66364.55,SL,-1.0914,108.0498,2026-03
v1 Original,2026-03-01 15:15:00+00:00,2026-03-01 15:20:00+00:00,long,67189.66,67039.38,SL,-1.0805,106.9693,2026-03
v1 Original,2026-03-01 19:15:00+00:00,2026-03-01 20:10:00+00:00,short,65995.22,65459.47,TP,2.1394,109.1087,2026-03
v1 Original,2026-03-01 22:35:00+00:00,2026-03-01 22:40:00+00:00,short,65175.42,65423.42,SL,-1.0911,108.0176,2026-03
v1 Original,2026-03-02 03:15:00+00:00,2026-03-02 03:25:00+00:00,long,66542.73,66820.3,TP,2.1604,110.178,2026-03
v1 Original,2026-03-02 05:50:00+00:00,2026-03-02 06:00:00+00:00,long,66871.77,66540.18,SL,-1.1018,109.0762,2026-03
v1 Original,2026-03-02 09:55:00+00:00,2026-03-02 12:45:00+00:00,short,66237.29,65966.16,TP,2.1815,111.2577,2026-03
v1 Original,2026-03-02 20:00:00+00:00,2026-03-02 20:05:00+00:00,long,69186.77,68878.58,SL,-1.1126,110.1451,2026-03
v1 Original,2026-03-02 20:20:00+00:00,2026-03-02 20:45:00+00:00,long,68928.3,69361.53,TP,2.2029,112.348,2026-03
v1 Original,2026-03-03 00:35:00+00:00,2026-03-03 01:15:00+00:00,long,69099.57,68904.14,SL,-1.1235,111.2246,2026-03
v1 Original,2026-03-03 03:30:00+00:00,2026-03-03 03:45:00+00:00,long,68484.27,68343.43,SL,-1.1122,110.1123,2026-03
v1 Original,2026-03-03 04:40:00+00:00,2026-03-03 05:15:00+00:00,short,68183.74,68441.29,SL,-1.1011,109.0112,2026-03
v1 Original,2026-03-03 05:45:00+00:00,2026-03-03 06:55:00+00:00,short,67914.4,68093.92,SL,-1.0901,107.9211,2026-03
v1 Original,2026-03-03 08:20:00+00:00,2026-03-03 08:30:00+00:00,short,67940.87,67614.92,TP,2.1584,110.0795,2026-03
v1 Original,2026-03-03 12:50:00+00:00,2026-03-03 13:35:00+00:00,short,67304.73,66965.87,TP,2.2016,112.2811,2026-03
v1 Original,2026-03-03 14:30:00+00:00,2026-03-03 14:35:00+00:00,short,66830.73,67108.35,SL,-1.1228,111.1583,2026-03
v1 Original,2026-03-03 14:40:00+00:00,2026-03-03 15:25:00+00:00,short,66629.02,66820.47,SL,-1.1116,110.0467,2026-03
v1 Original,2026-03-03 18:25:00+00:00,2026-03-03 19:05:00+00:00,long,68566.45,68421.19,SL,-1.1005,108.9462,2026-03
v1 Original,2026-03-03 21:55:00+00:00,2026-03-03 22:00:00+00:00,long,68064.79,68502.47,TP,2.1789,111.1252,2026-03
v1 Original,2026-03-04 01:30:00+00:00,2026-03-04 01:50:00+00:00,long,68561.07,68400.67,SL,-1.1113,110.0139,2026-03
v1 Original,2026-03-04 02:55:00+00:00,2026-03-04 03:25:00+00:00,long,68309.3,68012.6,SL,-1.1001,108.9138,2026-03
v1 Original,2026-03-04 07:25:00+00:00,2026-03-04 07:45:00+00:00,long,68666.74,69429.37,TP,2.1783,111.092,2026-03
v1 Original,2026-03-04 12:50:00+00:00,2026-03-04 13:05:00+00:00,long,71115.12,71594.09,TP,2.2218,113.3139,2026-03
v1 Original,2026-03-04 15:05:00+00:00,2026-03-04 15:25:00+00:00,long,72075.62,72789.41,TP,2.2663,115.5802,2026-03
v1 Original,2026-03-04 17:10:00+00:00,2026-03-04 17:15:00+00:00,long,73695.29,73474.8,SL,-1.1558,114.4244,2026-03
v1 Original,2026-03-04 18:50:00+00:00,2026-03-04 20:05:00+00:00,long,73695.27,73410.31,SL,-1.1442,113.2801,2026-03
v1 Original,2026-03-04 21:40:00+00:00,2026-03-04 22:35:00+00:00,long,73273.41,73087.77,SL,-1.1328,112.1473,2026-03
v1 Original,2026-03-04 23:50:00+00:00,2026-03-05 00:20:00+00:00,long,72639.29,72943.03,TP,2.2429,114.3903,2026-03
v1 Original,2026-03-05 02:20:00+00:00,2026-03-05 02:30:00+00:00,long,72806.99,72474.45,SL,-1.1439,113.2464,2026-03
v1 Original,2026-03-05 03:05:00+00:00,2026-03-05 03:30:00+00:00,long,72735.3,72468.06,SL,-1.1325,112.1139,2026-03
v1 Original,2026-03-05 04:00:00+00:00,2026-03-05 04:20:00+00:00,long,72478.26,72775.29,TP,2.2423,114.3562,2026-03
v1 Original,2026-03-05 06:35:00+00:00,2026-03-05 07:40:00+00:00,long,72409.27,72217.65,SL,-1.1436,113.2126,2026-03
v1 Original,2026-03-05 12:55:00+00:00,2026-03-05 13:00:00+00:00,long,72960.7,72801.28,SL,-1.1321,112.0805,2026-03
v1 Original,2026-03-05 14:40:00+00:00,2026-03-05 14:50:00+00:00,short,72170.67,72521.13,SL,-1.1208,110.9597,2026-03
v1 Original,2026-03-05 14:55:00+00:00,2026-03-05 15:00:00+00:00,long,72711.29,72436.43,SL,-1.1096,109.8501,2026-03
v1 Original,2026-03-05 15:05:00+00:00,2026-03-05 15:10:00+00:00,short,72081.73,71685.5,TP,2.197,112.0471,2026-03
v1 Original,2026-03-05 17:35:00+00:00,2026-03-05 18:05:00+00:00,short,70819.98,70970.02,SL,-1.1205,110.9266,2026-03
v1 Original,2026-03-05 19:55:00+00:00,2026-03-05 20:15:00+00:00,short,70952.46,71220.57,SL,-1.1093,109.8173,2026-03
v1 Original,2026-03-05 21:40:00+00:00,2026-03-05 23:45:00+00:00,short,71185.59,70896.94,TP,2.1963,112.0137,2026-03
v1 Original,2026-03-06 01:20:00+00:00,2026-03-06 01:25:00+00:00,short,70829.72,70420.72,TP,2.2403,114.254,2026-03
v1 Original,2026-03-06 03:05:00+00:00,2026-03-06 04:10:00+00:00,short,71250.83,70928.58,TP,2.2851,116.539,2026-03
v1 Original,2026-03-06 08:20:00+00:00,2026-03-06 09:10:00+00:00,short,70899.68,70540.24,TP,2.3308,118.8698,2026-03
v1 Original,2026-03-06 11:00:00+00:00,2026-03-06 12:00:00+00:00,short,70479.56,70184.15,TP,2.3774,121.2472,2026-03
v1 Original,2026-03-06 13:55:00+00:00,2026-03-06 14:05:00+00:00,short,69358.98,68930.41,TP,2.4249,123.6722,2026-03
v1 Original,2026-03-06 16:20:00+00:00,2026-03-06 16:25:00+00:00,short,68314.33,68534.46,SL,-1.2367,122.4354,2026-03
v1 Original,2026-03-06 17:30:00+00:00,2026-03-06 17:35:00+00:00,short,68202.62,67854.32,TP,2.4487,124.8842,2026-03
v1 Original,2026-03-06 19:35:00+00:00,2026-03-06 20:25:00+00:00,short,68194.02,67815.21,TP,2.4977,127.3818,2026-03
v1 Original,2026-03-06 23:05:00+00:00,2026-03-07 03:10:00+00:00,short,68298.34,68513.84,SL,-1.2738,126.108,2026-03
v1 Original,2026-03-07 03:35:00+00:00,2026-03-07 04:00:00+00:00,short,68244.89,67908.2,TP,2.5222,128.6302,2026-03
v1 Original,2026-03-07 05:15:00+00:00,2026-03-07 07:00:00+00:00,short,67948.6,67600.73,TP,2.5726,131.2028,2026-03
v1 Original,2026-03-07 09:00:00+00:00,2026-03-07 09:10:00+00:00,short,67754.11,67943.45,SL,-1.312,129.8908,2026-03
v1 Original,2026-03-07 10:25:00+00:00,2026-03-07 11:15:00+00:00,short,67925.17,68142.19,SL,-1.2989,128.5918,2026-03
v1 Original,2026-03-07 11:55:00+00:00,2026-03-07 14:10:00+00:00,short,68020.88,67631.5,TP,2.5718,131.1637,2026-03
v1 Original,2026-03-07 15:40:00+00:00,2026-03-07 18:35:00+00:00,short,67810.73,67521.79,TP,2.6233,133.787,2026-03
v1 Original,2026-03-07 22:20:00+00:00,2026-03-08 00:10:00+00:00,short,67303.76,67439.18,SL,-1.3379,132.4491,2026-03
v1 Original,2026-03-08 00:35:00+00:00,2026-03-08 02:50:00+00:00,short,67280.38,66979.72,TP,2.649,135.0981,2026-03
v1 Original,2026-03-08 04:45:00+00:00,2026-03-08 05:15:00+00:00,short,66858.64,67018.45,SL,-1.351,133.7471,2026-03
v1 Original,2026-03-08 06:30:00+00:00,2026-03-08 07:05:00+00:00,short,67081.28,67336.07,SL,-1.3375,132.4096,2026-03
v1 Original,2026-03-08 07:50:00+00:00,2026-03-08 08:40:00+00:00,short,67291.73,67446.88,SL,-1.3241,131.0855,2026-03
v1 Original,2026-03-08 08:45:00+00:00,2026-03-08 09:15:00+00:00,long,67478.58,67788.12,TP,2.6217,133.7072,2026-03
v1 Original,2026-03-08 13:10:00+00:00,2026-03-08 13:50:00+00:00,short,67037.69,67178.28,SL,-1.3371,132.3702,2026-03
v1 Original,2026-03-08 15:35:00+00:00,2026-03-08 16:35:00+00:00,short,67182.69,66858.33,TP,2.6474,135.0176,2026-03
v1 Original,2026-03-08 18:10:00+00:00,2026-03-08 19:15:00+00:00,short,66959.27,67166.68,SL,-1.3502,133.6674,2026-03
v1 Original,2026-03-08 20:15:00+00:00,2026-03-08 20:35:00+00:00,short,67179.93,67480.87,SL,-1.3367,132.3307,2026-03
v1 Original,2026-03-08 20:55:00+00:00,2026-03-08 21:10:00+00:00,short,67210.84,66760.64,TP,2.6466,134.9773,2026-03
v1 Original,2026-03-08 23:55:00+00:00,2026-03-09 00:05:00+00:00,short,65969.59,66288.72,SL,-1.3498,133.6276,2026-03
v1 Original,2026-03-09 01:55:00+00:00,2026-03-09 02:35:00+00:00,short,66239.64,66500.2,SL,-1.3363,132.2913,2026-03
v1 Original,2026-03-09 04:25:00+00:00,2026-03-09 04:50:00+00:00,long,67544.5,67380.97,SL,-1.3229,130.9684,2026-03
v1 Original,2026-03-09 05:40:00+00:00,2026-03-09 06:05:00+00:00,long,67898.24,67644.23,SL,-1.3097,129.6587,2026-03
v1 Original,2026-03-09 07:40:00+00:00,2026-03-09 08:20:00+00:00,long,67433.43,67730.93,TP,2.5932,132.2519,2026-03
v1 Original,2026-03-09 11:50:00+00:00,2026-03-09 12:20:00+00:00,long,67719.51,68039.66,TP,2.645,134.8969,2026-03
v1 Original,2026-03-09 16:50:00+00:00,2026-03-09 16:55:00+00:00,long,69130.88,68972.67,SL,-1.349,133.5479,2026-03
v1 Original,2026-03-09 18:30:00+00:00,2026-03-09 18:50:00+00:00,long,68583.2,68421.58,SL,-1.3355,132.2124,2026-03
v1 Original,2026-03-09 19:00:00+00:00,2026-03-09 19:20:00+00:00,long,68481.6,68964.93,TP,2.6442,134.8567,2026-03
v1 Original,2026-03-09 21:05:00+00:00,2026-03-09 21:20:00+00:00,long,69105.95,68884.05,SL,-1.3486,133.5081,2026-03
v1 Original,2026-03-10 00:15:00+00:00,2026-03-10 00:25:00+00:00,long,68624.25,68926.22,TP,2.6702,136.1783,2026-03
v1 Original,2026-03-10 01:55:00+00:00,2026-03-10 02:30:00+00:00,long,69282.46,69890.68,TP,2.7236,138.9019,2026-03
v1 Original,2026-03-10 04:50:00+00:00,2026-03-10 05:00:00+00:00,long,69916.36,70201.22,TP,2.778,141.6799,2026-03
v1 Original,2026-03-10 07:05:00+00:00,2026-03-10 08:05:00+00:00,long,70203.55,70914.66,TP,2.8336,144.5135,2026-03
v1 Original,2026-03-10 09:25:00+00:00,2026-03-10 09:45:00+00:00,long,71225.74,71015.66,SL,-1.4451,143.0684,2026-03
v1 Original,2026-03-10 12:50:00+00:00,2026-03-10 13:25:00+00:00,long,70551.0,70907.7,TP,2.8614,145.9297,2026-03
v1 Original,2026-03-10 13:35:00+00:00,2026-03-10 13:45:00+00:00,short,69809.53,70136.77,SL,-1.4593,144.4704,2026-03
v1 Original,2026-03-10 14:40:00+00:00,2026-03-10 14:50:00+00:00,long,70441.49,71121.16,TP,2.8894,147.3598,2026-03
v1 Original,2026-03-10 15:55:00+00:00,2026-03-10 16:05:00+00:00,long,71360.66,71110.0,SL,-1.4736,145.8862,2026-03
v1 Original,2026-03-10 19:30:00+00:00,2026-03-10 19:40:00+00:00,short,69886.3,70104.1,SL,-1.4589,144.4274,2026-03
v1 Original,2026-03-10 21:25:00+00:00,2026-03-10 21:45:00+00:00,short,70001.07,69678.68,TP,2.8885,147.3159,2026-03
v1 Original,2026-03-11 01:30:00+00:00,2026-03-11 02:35:00+00:00,short,70057.9,69691.4,TP,2.9463,150.2622,2026-03
v1 Original,2026-03-11 05:30:00+00:00,2026-03-11 05:40:00+00:00,short,69924.84,69453.7,TP,3.0052,153.2675,2026-03
v1 Original,2026-03-11 07:30:00+00:00,2026-03-11 09:35:00+00:00,short,69728.13,69404.74,TP,3.0654,156.3328,2026-03
v1 Original,2026-03-11 09:55:00+00:00,2026-03-11 10:40:00+00:00,short,69411.18,69672.51,SL,-1.5633,154.7695,2026-03
v1 Original,2026-03-11 11:25:00+00:00,2026-03-11 12:00:00+00:00,short,69453.68,69153.67,TP,3.0954,157.8649,2026-03
v1 Original,2026-03-11 14:20:00+00:00,2026-03-11 14:35:00+00:00,long,70467.04,70926.56,TP,3.1573,161.0222,2026-03
v1 Original,2026-03-11 16:15:00+00:00,2026-03-11 17:00:00+00:00,long,70485.2,70910.82,TP,3.2204,164.2426,2026-03
v1 Original,2026-03-11 19:40:00+00:00,2026-03-11 20:10:00+00:00,long,70655.57,70480.34,SL,-1.6424,162.6002,2026-03
v1 Original,2026-03-11 20:45:00+00:00,2026-03-11 22:10:00+00:00,long,70557.36,70901.88,TP,3.252,165.8522,2026-03
v1 Original,2026-03-12 01:00:00+00:00,2026-03-12 02:15:00+00:00,short,70027.11,69720.29,TP,3.317,169.1693,2026-03
v1 Original,2026-03-12 04:50:00+00:00,2026-03-12 05:40:00+00:00,short,69359.53,69532.66,SL,-1.6917,167.4776,2026-03
v1 Original,2026-03-12 08:40:00+00:00,2026-03-12 09:40:00+00:00,short,69776.45,70064.09,SL,-1.6748,165.8028,2026-03
v1 Original,2026-03-12 14:10:00+00:00,2026-03-12 14:15:00+00:00,long,70423.12,70193.97,SL,-1.658,164.1448,2026-03
v1 Original,2026-03-12 14:25:00+00:00,2026-03-12 14:35:00+00:00,short,70036.86,69601.05,TP,3.2829,167.4277,2026-03
v1 Original,2026-03-12 19:20:00+00:00,2026-03-12 19:50:00+00:00,long,70126.98,70433.34,TP,3.3486,170.7762,2026-03
v1 Original,2026-03-12 21:15:00+00:00,2026-03-12 22:15:00+00:00,long,70345.91,70156.68,SL,-1.7078,169.0685,2026-03
v1 Original,2026-03-12 23:05:00+00:00,2026-03-13 00:10:00+00:00,long,70448.88,70949.19,TP,3.3814,172.4498,2026-03
v1 Original,2026-03-13 03:55:00+00:00,2026-03-13 05:10:00+00:00,long,71403.62,71250.9,SL,-1.7245,170.7253,2026-03
v1 Original,2026-03-13 05:20:00+00:00,2026-03-13 06:25:00+00:00,long,71422.93,71270.58,SL,-1.7073,169.0181,2026-03
v1 Original,2026-03-13 07:10:00+00:00,2026-03-13 08:35:00+00:00,long,71447.38,71928.49,TP,3.3804,172.3984,2026-03
v1 Original,2026-03-13 09:45:00+00:00,2026-03-13 10:15:00+00:00,long,71982.39,72467.06,TP,3.448,175.8464,2026-03
v1 Original,2026-03-13 12:45:00+00:00,2026-03-13 12:50:00+00:00,long,72852.18,72702.68,SL,-1.7585,174.0879,2026-03
v1 Original,2026-03-13 17:40:00+00:00,2026-03-13 20:10:00+00:00,short,71116.12,71303.24,SL,-1.7409,172.3471,2026-03
v1 Original,2026-03-13 21:25:00+00:00,2026-03-13 22:00:00+00:00,short,71223.8,70694.39,TP,3.4469,175.794,2026-03
v1 Original,2026-03-14 00:40:00+00:00,2026-03-14 01:20:00+00:00,short,70614.75,70797.38,SL,-1.7579,174.0361,2026-03
v1 Original,2026-03-14 01:35:00+00:00,2026-03-14 01:40:00+00:00,short,70507.88,70795.88,SL,-1.7404,172.2957,2026-03
v1 Original,2026-03-14 02:45:00+00:00,2026-03-14 03:05:00+00:00,short,70765.4,70973.46,SL,-1.723,170.5727,2026-03
v1 Original,2026-03-14 04:50:00+00:00,2026-03-14 06:15:00+00:00,short,71136.46,70833.91,TP,3.4115,173.9842,2026-03
v1 Original,2026-03-14 07:45:00+00:00,2026-03-14 08:05:00+00:00,short,70534.04,70685.84,SL,-1.7398,172.2444,2026-03
v1 Original,2026-03-14 09:45:00+00:00,2026-03-14 11:00:00+00:00,short,70435.73,70627.78,SL,-1.7224,170.5219,2026-03
v1 Original,2026-03-14 12:30:00+00:00,2026-03-14 13:20:00+00:00,short,70741.27,70898.99,SL,-1.7052,168.8167,2026-03
v1 Original,2026-03-14 14:10:00+00:00,2026-03-14 23:00:00+00:00,short,70754.11,70903.92,SL,-1.6882,167.1285,2026-03
v1 Original,2026-03-15 02:00:00+00:00,2026-03-15 04:05:00+00:00,long,71263.25,71577.24,TP,3.3426,170.4711,2026-03
v1 Original,2026-03-15 04:10:00+00:00,2026-03-15 06:30:00+00:00,long,71618.88,71442.46,SL,-1.7047,168.7664,2026-03
v1 Original,2026-03-15 07:10:00+00:00,2026-03-15 07:35:00+00:00,long,71639.73,71493.3,SL,-1.6877,167.0787,2026-03
v1 Original,2026-03-15 08:10:00+00:00,2026-03-15 09:15:00+00:00,long,71583.66,71891.36,TP,3.3416,170.4203,2026-03
v1 Original,2026-03-15 11:50:00+00:00,2026-03-15 12:20:00+00:00,long,71857.89,71693.2,SL,-1.7042,168.7161,2026-03
v1 Original,2026-03-15 13:55:00+00:00,2026-03-15 14:35:00+00:00,long,71545.34,71397.16,SL,-1.6872,167.0289,2026-03
v1 Original,2026-03-15 16:15:00+00:00,2026-03-15 17:40:00+00:00,short,71387.79,71539.2,SL,-1.6703,165.3586,2026-03
v1 Original,2026-03-15 18:45:00+00:00,2026-03-15 20:30:00+00:00,short,71450.32,71646.09,SL,-1.6536,163.7051,2026-03
v1 Original,2026-03-15 22:35:00+00:00,2026-03-15 22:45:00+00:00,long,72190.77,72516.96,TP,3.2741,166.9792,2026-03
v1 Original,2026-03-16 01:50:00+00:00,2026-03-16 02:15:00+00:00,long,72774.18,72622.55,SL,-1.6698,165.3094,2026-03
v1 Original,2026-03-16 03:15:00+00:00,2026-03-16 03:30:00+00:00,long,72590.72,73518.89,TP,3.3062,168.6156,2026-03
v1 Original,2026-03-16 09:25:00+00:00,2026-03-16 10:55:00+00:00,long,73280.27,73722.41,TP,3.3723,171.9879,2026-03
v1 Original,2026-03-16 12:25:00+00:00,2026-03-16 13:30:00+00:00,long,73783.45,74139.65,TP,3.4398,175.4276,2026-03
v1 Original,2026-03-16 15:20:00+00:00,2026-03-16 15:35:00+00:00,long,73891.31,73665.37,SL,-1.7543,173.6733,2026-03
v1 Original,2026-03-16 16:30:00+00:00,2026-03-16 16:50:00+00:00,long,73475.24,73838.91,TP,3.4735,177.1468,2026-03
v1 Original,2026-03-16 20:45:00+00:00,2026-03-16 21:15:00+00:00,long,74075.79,74399.22,TP,3.5429,180.6897,2026-03
v1 Original,2026-03-16 23:40:00+00:00,2026-03-17 00:10:00+00:00,long,74871.14,75442.27,TP,3.6138,184.3035,2026-03
v1 Original,2026-03-17 01:05:00+00:00,2026-03-17 01:10:00+00:00,long,75346.09,75810.38,TP,3.6861,187.9896,2026-03
v1 Original,2026-03-17 05:45:00+00:00,2026-03-17 05:50:00+00:00,short,73839.92,74050.73,SL,-1.8799,186.1097,2026-03
v1 Original,2026-03-17 08:15:00+00:00,2026-03-17 08:20:00+00:00,short,74158.89,74309.36,SL,-1.8611,184.2486,2026-03
v1 Original,2026-03-17 08:40:00+00:00,2026-03-17 08:55:00+00:00,long,74425.85,74167.98,SL,-1.8425,182.4061,2026-03
v1 Original,2026-03-17 12:25:00+00:00,2026-03-17 13:30:00+00:00,short,73831.28,73985.05,SL,-1.8241,180.5821,2026-03
v1 Original,2026-03-17 13:50:00+00:00,2026-03-17 13:55:00+00:00,short,73515.3,73668.18,SL,-1.8058,178.7763,2026-03
v1 Original,2026-03-17 15:25:00+00:00,2026-03-17 15:35:00+00:00,short,74109.26,73767.46,TP,3.5755,182.3518,2026-03
v1 Original,2026-03-17 16:20:00+00:00,2026-03-17 16:30:00+00:00,long,74305.13,74099.67,SL,-1.8235,180.5283,2026-03
v1 Original,2026-03-17 16:45:00+00:00,2026-03-17 17:00:00+00:00,short,74111.98,74305.06,SL,-1.8053,178.723,2026-03
v1 Original,2026-03-17 19:10:00+00:00,2026-03-17 19:25:00+00:00,long,74796.76,74596.64,SL,-1.7872,176.9357,2026-03
v1 Original,2026-03-17 21:10:00+00:00,2026-03-17 21:25:00+00:00,long,74770.95,74616.05,SL,-1.7694,175.1664,2026-03
v1 Original,2026-03-18 03:25:00+00:00,2026-03-18 04:15:00+00:00,long,74557.97,74375.21,SL,-1.7517,173.4147,2026-03
v1 Original,2026-03-18 07:00:00+00:00,2026-03-18 09:10:00+00:00,short,73978.35,74176.31,SL,-1.7341,171.6806,2026-03
v1 Original,2026-03-18 10:05:00+00:00,2026-03-18 11:05:00+00:00,short,74130.66,73804.45,TP,3.4336,175.1142,2026-03
v1 Original,2026-03-18 14:25:00+00:00,2026-03-18 14:35:00+00:00,short,71651.88,71811.43,SL,-1.7511,173.363,2026-03
v1 Original,2026-03-18 18:40:00+00:00,2026-03-18 18:50:00+00:00,short,71643.0,71300.87,TP,3.4673,176.8303,2026-03
v1 Original,2026-03-18 22:00:00+00:00,2026-03-18 23:30:00+00:00,short,71139.2,71326.34,SL,-1.7683,175.062,2026-03
v1 Original,2026-03-19 00:10:00+00:00,2026-03-19 03:15:00+00:00,short,71143.01,71462.11,SL,-1.7506,173.3114,2026-03
v1 Original,2026-03-19 03:50:00+00:00,2026-03-19 04:05:00+00:00,short,71276.49,70845.98,TP,3.4662,176.7776,2026-03
v1 Original,2026-03-19 05:30:00+00:00,2026-03-19 06:05:00+00:00,short,70713.87,70924.21,SL,-1.7678,175.0098,2026-03
v1 Original,2026-03-19 06:35:00+00:00,2026-03-19 07:05:00+00:00,short,70630.13,70337.53,TP,3.5002,178.51,2026-03
v1 Original,2026-03-19 10:35:00+00:00,2026-03-19 11:50:00+00:00,short,70259.09,69975.83,TP,3.5702,182.0802,2026-03
v1 Original,2026-03-19 14:25:00+00:00,2026-03-19 14:40:00+00:00,short,69164.67,69335.55,SL,-1.8208,180.2594,2026-03
v1 Original,2026-03-19 15:30:00+00:00,2026-03-19 15:40:00+00:00,short,69248.59,68932.9,TP,3.6052,183.8646,2026-03
v1 Original,2026-03-19 17:05:00+00:00,2026-03-19 17:15:00+00:00,short,69220.39,69367.39,SL,-1.8386,182.026,2026-03
v1 Original,2026-03-19 18:30:00+00:00,2026-03-19 18:55:00+00:00,short,69638.48,69842.75,SL,-1.8203,180.2057,2026-03
v1 Original,2026-03-19 21:10:00+00:00,2026-03-19 21:30:00+00:00,long,70681.62,70451.43,SL,-1.8021,178.4037,2026-03
v1 Original,2026-03-20 03:00:00+00:00,2026-03-20 04:00:00+00:00,long,70469.5,70775.02,TP,3.5681,181.9717,2026-03
v1 Original,2026-03-20 07:25:00+00:00,2026-03-20 07:40:00+00:00,long,70473.34,70811.85,TP,3.6394,185.6112,2026-03
v1 Original,2026-03-20 10:40:00+00:00,2026-03-20 11:45:00+00:00,long,70536.02,70362.9,SL,-1.8561,183.7551,2026-03
v1 Original,2026-03-20 12:05:00+00:00,2026-03-20 12:25:00+00:00,long,70647.55,70463.4,SL,-1.8376,181.9175,2026-03
v1 Original,2026-03-20 12:30:00+00:00,2026-03-20 13:30:00+00:00,short,70386.37,70031.23,TP,3.6383,185.5559,2026-03
v1 Original,2026-03-20 15:00:00+00:00,2026-03-20 15:20:00+00:00,short,69666.51,69947.23,SL,-1.8556,183.7003,2026-03
v1 Original,2026-03-20 16:40:00+00:00,2026-03-20 17:55:00+00:00,short,69778.95,69953.97,SL,-1.837,181.8633,2026-03
v1 Original,2026-03-20 18:30:00+00:00,2026-03-20 18:50:00+00:00,short,69663.38,69823.45,SL,-1.8186,180.0447,2026-03
v1 Original,2026-03-20 20:30:00+00:00,2026-03-20 20:45:00+00:00,short,69826.31,69991.27,SL,-1.8004,178.2442,2026-03
v1 Original,2026-03-20 21:15:00+00:00,2026-03-20 22:00:00+00:00,long,70492.48,70778.02,TP,3.5649,181.8091,2026-03
v1 Original,2026-03-21 00:20:00+00:00,2026-03-21 01:30:00+00:00,long,70698.3,70550.93,SL,-1.8181,179.991,2026-03
v1 Original,2026-03-21 02:25:00+00:00,2026-03-21 14:10:00+00:00,long,70664.18,70971.23,TP,3.5998,183.5908,2026-03
v1 Original,2026-03-21 19:35:00+00:00,2026-03-21 21:05:00+00:00,short,70346.77,70490.62,SL,-1.8359,181.7549,2026-03
v1 Original,2026-03-21 21:10:00+00:00,2026-03-21 23:45:00+00:00,short,70364.41,69667.4,TP,3.6351,185.39,2026-03
v1 Original,2026-03-22 04:20:00+00:00,2026-03-22 07:40:00+00:00,short,69262.16,68968.1,TP,3.7078,189.0978,2026-03
v1 Original,2026-03-22 10:40:00+00:00,2026-03-22 11:45:00+00:00,short,68616.57,68285.59,TP,3.782,192.8798,2026-03
v1 Original,2026-03-22 13:40:00+00:00,2026-03-22 13:55:00+00:00,short,68583.57,68732.06,SL,-1.9288,190.951,2026-03
v1 Original,2026-03-22 14:50:00+00:00,2026-03-22 15:05:00+00:00,short,68701.84,68875.44,SL,-1.9095,189.0415,2026-03
v1 Original,2026-03-22 15:35:00+00:00,2026-03-22 18:35:00+00:00,short,68756.6,68455.22,TP,3.7808,192.8223,2026-03
v1 Original,2026-03-22 21:00:00+00:00,2026-03-22 21:10:00+00:00,short,68131.38,67733.65,TP,3.8564,196.6787,2026-03
v1 Original,2026-03-22 23:30:00+00:00,2026-03-23 00:35:00+00:00,short,68002.54,67638.16,TP,3.9336,200.6123,2026-03
v1 Original,2026-03-23 02:15:00+00:00,2026-03-23 02:20:00+00:00,short,67854.73,68016.36,SL,-2.0061,198.6062,2026-03
v1 Original,2026-03-23 03:25:00+00:00,2026-03-23 04:35:00+00:00,short,68181.44,68340.01,SL,-1.9861,196.6201,2026-03
v1 Original,2026-03-23 09:00:00+00:00,2026-03-23 09:30:00+00:00,short,68339.0,68065.49,TP,3.9324,200.5525,2026-03
v1 Original,2026-03-23 10:05:00+00:00,2026-03-23 11:05:00+00:00,long,68483.61,70810.02,TP,4.0111,204.5636,2026-03
v1 Original,2026-03-23 13:40:00+00:00,2026-03-23 13:45:00+00:00,long,71324.69,71018.5,SL,-2.0456,202.5179,2026-03
v1 Original,2026-03-23 13:50:00+00:00,2026-03-23 14:05:00+00:00,long,71348.94,71696.08,TP,4.0504,206.5683,2026-03
v1 Original,2026-03-23 16:45:00+00:00,2026-03-23 17:20:00+00:00,long,70680.66,70432.61,SL,-2.0657,204.5026,2026-03
v1 Original,2026-03-23 20:35:00+00:00,2026-03-23 22:00:00+00:00,long,70911.94,70648.49,SL,-2.045,202.4576,2026-03
v1 Original,2026-03-23 22:55:00+00:00,2026-03-23 23:10:00+00:00,long,70759.26,70543.6,SL,-2.0246,200.433,2026-03
v1 Original,2026-03-23 23:35:00+00:00,2026-03-24 01:10:00+00:00,long,70684.2,70537.52,SL,-2.0043,198.4287,2026-03
v1 Original,2026-03-24 01:25:00+00:00,2026-03-24 01:35:00+00:00,long,70832.52,70636.23,SL,-1.9843,196.4444,2026-03
v1 Original,2026-03-24 02:40:00+00:00,2026-03-24 04:30:00+00:00,long,70514.84,70343.0,SL,-1.9644,194.48,2026-03
v1 Original,2026-03-24 09:40:00+00:00,2026-03-24 11:00:00+00:00,long,71206.3,71022.27,SL,-1.9448,192.5352,2026-03
v1 Original,2026-03-24 11:45:00+00:00,2026-03-24 11:50:00+00:00,long,71291.58,71038.44,SL,-1.9254,190.6098,2026-03
v1 Original,2026-03-24 16:35:00+00:00,2026-03-24 17:05:00+00:00,short,69631.62,69197.73,TP,3.8122,194.422,2026-03
v1 Original,2026-03-24 19:45:00+00:00,2026-03-24 20:20:00+00:00,short,69308.58,69833.77,SL,-1.9442,192.4778,2026-03
v1 Original,2026-03-24 21:25:00+00:00,2026-03-24 21:35:00+00:00,short,70002.57,70142.66,SL,-1.9248,190.553,2026-03
v1 Original,2026-03-24 23:20:00+00:00,2026-03-25 00:35:00+00:00,long,70536.24,70826.88,TP,3.8111,194.3641,2026-03
v1 Original,2026-03-25 00:40:00+00:00,2026-03-25 01:05:00+00:00,long,70919.99,70701.02,SL,-1.9436,192.4204,2026-03
v1 Original,2026-03-25 03:35:00+00:00,2026-03-25 05:05:00+00:00,long,70728.9,71228.63,TP,3.8484,196.2688,2026-03
v1 Original,2026-03-25 08:25:00+00:00,2026-03-25 10:45:00+00:00,long,71214.69,71534.49,TP,3.9254,200.1942,2026-03
v1 Original,2026-03-25 13:00:00+00:00,2026-03-25 13:20:00+00:00,long,71759.34,71613.16,SL,-2.0019,198.1923,2026-03
v1 Original,2026-03-25 17:15:00+00:00,2026-03-25 17:25:00+00:00,short,70956.2,71155.15,SL,-1.9819,196.2103,2026-03
v1 Original,2026-03-25 18:40:00+00:00,2026-03-25 19:35:00+00:00,short,70788.23,70945.48,SL,-1.9621,194.2482,2026-03
v1 Original,2026-03-25 20:00:00+00:00,2026-03-25 20:40:00+00:00,short,70733.35,70892.05,SL,-1.9425,192.3058,2026-03
v1 Original,2026-03-25 22:10:00+00:00,2026-03-25 22:35:00+00:00,short,70998.22,71250.38,SL,-1.9231,190.3827,2026-03
v1 Original,2026-03-26 03:20:00+00:00,2026-03-26 03:55:00+00:00,short,70718.3,70864.47,SL,-1.9038,188.4789,2026-03
v1 Original,2026-03-26 05:05:00+00:00,2026-03-26 05:50:00+00:00,short,70539.59,70103.61,TP,3.7696,192.2484,2026-03
v1 Original,2026-03-26 08:25:00+00:00,2026-03-26 08:55:00+00:00,short,69824.25,69978.73,SL,-1.9225,190.326,2026-03
v1 Original,2026-03-26 09:30:00+00:00,2026-03-26 13:45:00+00:00,short,69518.16,69681.83,SL,-1.9033,188.4227,2026-03
v1 Original,2026-03-26 14:45:00+00:00,2026-03-26 15:10:00+00:00,short,69441.44,69105.02,TP,3.7685,192.1912,2026-03
v1 Original,2026-03-26 16:35:00+00:00,2026-03-26 17:30:00+00:00,short,68852.15,69104.58,SL,-1.9219,190.2692,2026-03
v1 Original,2026-03-26 17:50:00+00:00,2026-03-26 17:55:00+00:00,short,68735.6,68448.48,TP,3.8054,194.0746,2026-03
v1 Original,2026-03-26 21:00:00+00:00,2026-03-26 21:20:00+00:00,short,68890.75,69130.95,SL,-1.9407,192.1339,2026-03
v1 Original,2026-03-27 00:35:00+00:00,2026-03-27 00:50:00+00:00,short,68548.35,68714.45,SL,-1.9213,190.2125,2026-03
v1 Original,2026-03-27 02:40:00+00:00,2026-03-27 04:00:00+00:00,short,68881.96,68553.09,TP,3.8043,194.0168,2026-03
v1 Original,2026-03-27 06:55:00+00:00,2026-03-27 07:10:00+00:00,short,68615.82,68815.74,SL,-1.9402,192.0766,2026-03
v1 Original,2026-03-27 07:40:00+00:00,2026-03-27 08:20:00+00:00,short,68585.55,68303.19,TP,3.8415,195.9182,2026-03
v1 Original,2026-03-27 10:35:00+00:00,2026-03-27 10:55:00+00:00,short,67025.74,66486.01,TP,3.9184,199.8365,2026-03
v1 Original,2026-03-27 13:50:00+00:00,2026-03-27 14:20:00+00:00,short,66204.32,65867.48,TP,3.9967,203.8333,2026-03
v1 Original,2026-03-27 16:05:00+00:00,2026-03-27 16:25:00+00:00,short,65794.7,65936.38,SL,-2.0383,201.7949,2026-03
v1 Original,2026-03-27 17:30:00+00:00,2026-03-27 19:30:00+00:00,short,65768.98,65974.49,SL,-2.0179,199.777,2026-03
v1 Original,2026-03-27 20:25:00+00:00,2026-03-27 20:50:00+00:00,short,65824.49,66025.88,SL,-1.9978,197.7792,2026-03
v1 Original,2026-03-27 21:55:00+00:00,2026-03-27 23:35:00+00:00,short,66034.47,66172.65,SL,-1.9778,195.8014,2026-03
v1 Original,2026-03-28 00:55:00+00:00,2026-03-28 01:35:00+00:00,short,66376.83,66059.12,TP,3.916,199.7174,2026-03
v1 Original,2026-03-28 05:10:00+00:00,2026-03-28 06:15:00+00:00,short,66191.88,66446.08,SL,-1.9972,197.7203,2026-03
v1 Original,2026-03-28 06:50:00+00:00,2026-03-28 07:55:00+00:00,short,66342.2,66508.24,SL,-1.9772,195.7431,2026-03
v1 Original,2026-03-28 10:20:00+00:00,2026-03-28 12:10:00+00:00,short,66208.92,66355.3,SL,-1.9574,193.7856,2026-03
v1 Original,2026-03-28 15:20:00+00:00,2026-03-28 15:25:00+00:00,long,67173.09,67009.65,SL,-1.9379,191.8478,2026-03
v1 Original,2026-03-28 18:05:00+00:00,2026-03-28 21:50:00+00:00,long,66866.13,66591.98,SL,-1.9185,189.9293,2026-03
v1 Original,2026-03-28 22:30:00+00:00,2026-03-28 23:05:00+00:00,long,66720.33,66546.51,SL,-1.8993,188.03,2026-03
v1 Original,2026-03-29 05:55:00+00:00,2026-03-29 07:00:00+00:00,long,66732.31,66529.38,SL,-1.8803,186.1497,2026-03
v1 Original,2026-03-29 07:40:00+00:00,2026-03-29 11:10:00+00:00,short,66573.59,66716.05,SL,-1.8615,184.2882,2026-03
v1 Original,2026-03-29 15:25:00+00:00,2026-03-29 16:15:00+00:00,short,66354.04,66536.65,SL,-1.8429,182.4453,2026-03
v1 Original,2026-03-29 17:10:00+00:00,2026-03-29 20:20:00+00:00,short,66414.95,66710.8,SL,-1.8245,180.6209,2026-03
v1 Original,2026-03-29 21:35:00+00:00,2026-03-29 22:00:00+00:00,long,66608.11,66344.32,SL,-1.8062,178.8147,2026-03
v1 Original,2026-03-30 02:45:00+00:00,2026-03-30 02:50:00+00:00,long,67222.8,67085.2,SL,-1.7881,177.0265,2026-03
v1 Original,2026-03-30 04:05:00+00:00,2026-03-30 05:15:00+00:00,long,67376.98,67649.76,TP,3.5405,180.567,2026-03
v1 Original,2026-03-30 07:45:00+00:00,2026-03-30 08:00:00+00:00,long,67350.93,67708.59,TP,3.6113,184.1784,2026-03
v1 Original,2026-03-30 10:55:00+00:00,2026-03-30 12:05:00+00:00,long,67438.39,67790.03,TP,3.6836,187.862,2026-03
v1 Original,2026-03-30 13:20:00+00:00,2026-03-30 13:25:00+00:00,long,68039.06,67884.31,SL,-1.8786,185.9833,2026-03
v1 Original,2026-03-30 14:55:00+00:00,2026-03-30 15:05:00+00:00,long,67757.82,67562.48,SL,-1.8598,184.1235,2026-03
v1 Original,2026-03-30 19:05:00+00:00,2026-03-30 20:00:00+00:00,short,66329.2,66498.67,SL,-1.8412,182.2823,2026-03
v1 Original,2026-03-30 22:10:00+00:00,2026-03-30 23:05:00+00:00,short,66713.7,66427.32,TP,3.6456,185.9279,2026-03
v1 Original,2026-03-31 00:15:00+00:00,2026-03-31 00:25:00+00:00,short,66507.42,66734.99,SL,-1.8593,184.0686,2026-03
v1 Original,2026-03-31 05:30:00+00:00,2026-03-31 06:15:00+00:00,long,67569.37,67416.18,SL,-1.8407,182.2279,2026-03
v1 Original,2026-03-31 07:00:00+00:00,2026-03-31 07:10:00+00:00,long,67429.16,67252.68,SL,-1.8223,180.4057,2026-03
v1 Original,2026-03-31 07:45:00+00:00,2026-03-31 08:30:00+00:00,long,67372.45,67108.41,SL,-1.8041,178.6016,2026-03
v1 Original,2026-03-31 13:00:00+00:00,2026-03-31 13:35:00+00:00,short,66682.7,66862.83,SL,-1.786,176.8156,2026-03
v1 Original,2026-03-31 16:25:00+00:00,2026-03-31 16:40:00+00:00,long,67085.66,67853.55,TP,3.5363,180.3519,2026-03
v1 Original,2026-03-31 19:10:00+00:00,2026-03-31 19:35:00+00:00,long,67945.22,67772.98,SL,-1.8035,178.5484,2026-03
v1 Original,2026-03-31 20:10:00+00:00,2026-03-31 20:15:00+00:00,long,68111.42,67974.93,SL,-1.7855,176.7629,2026-03
v1 Original,2026-03-31 20:35:00+00:00,2026-03-31 21:15:00+00:00,long,68063.59,67897.62,SL,-1.7676,174.9953,2026-03
v1 Original,2026-03-31 21:50:00+00:00,2026-03-31 22:00:00+00:00,long,68285.15,68148.23,SL,-1.75,173.2453,2026-03
v1 Original,2026-03-31 23:10:00+00:00,2026-04-01 00:10:00+00:00,long,68187.86,68027.63,SL,-1.7325,171.5129,2026-03
v1 Original,2026-04-01 00:55:00+00:00,2026-04-01 01:20:00+00:00,long,68230.67,68023.95,SL,-1.7151,169.7977,2026-04
v1 Original,2026-04-01 03:05:00+00:00,2026-04-01 04:35:00+00:00,long,67886.59,68165.12,TP,3.396,173.1937,2026-04
v1 Original,2026-04-01 06:05:00+00:00,2026-04-01 06:35:00+00:00,long,68566.91,68968.51,TP,3.4639,176.6576,2026-04
v1 Original,2026-04-01 09:50:00+00:00,2026-04-01 10:15:00+00:00,long,68641.14,68489.55,SL,-1.7666,174.891,2026-04
v1 Original,2026-04-01 10:40:00+00:00,2026-04-01 12:35:00+00:00,long,68506.86,68340.73,SL,-1.7489,173.1421,2026-04
v1 Original,2026-04-01 13:20:00+00:00,2026-04-01 13:40:00+00:00,long,68457.61,68006.92,SL,-1.7314,171.4107,2026-04
v1 Original,2026-04-01 14:20:00+00:00,2026-04-01 15:20:00+00:00,long,68444.41,68736.41,TP,3.4282,174.8389,2026-04
v1 Original,2026-04-01 16:30:00+00:00,2026-04-01 17:20:00+00:00,long,68850.52,68493.34,SL,-1.7484,173.0905,2026-04
v1 Original,2026-04-01 22:05:00+00:00,2026-04-02 00:40:00+00:00,short,68200.45,68401.56,SL,-1.7309,171.3596,2026-04
v1 Original,2026-04-02 01:10:00+00:00,2026-04-02 01:15:00+00:00,short,68117.42,67509.84,TP,3.4272,174.7868,2026-04
v1 Original,2026-04-02 04:40:00+00:00,2026-04-02 05:00:00+00:00,short,66236.67,66420.41,SL,-1.7479,173.0389,2026-04
v1 Original,2026-04-02 08:10:00+00:00,2026-04-02 09:00:00+00:00,short,66709.18,66353.02,TP,3.4608,176.4997,2026-04
v1 Original,2026-04-02 10:10:00+00:00,2026-04-02 10:30:00+00:00,short,66268.34,66426.73,SL,-1.765,174.7347,2026-04
v1 Original,2026-04-02 11:40:00+00:00,2026-04-02 12:15:00+00:00,short,66321.46,66050.69,TP,3.4947,178.2294,2026-04
v1 Original,2026-04-02 12:50:00+00:00,2026-04-02 13:40:00+00:00,short,66080.71,65802.6,TP,3.5646,181.794,2026-04
v1 Original,2026-04-02 15:30:00+00:00,2026-04-02 15:35:00+00:00,short,66704.17,66943.2,SL,-1.8179,179.976,2026-04
v1 Original,2026-04-02 16:40:00+00:00,2026-04-02 17:00:00+00:00,long,67148.41,66879.77,SL,-1.7998,178.1763,2026-04
v1 Original,2026-04-02 17:15:00+00:00,2026-04-02 17:30:00+00:00,long,67384.45,67066.07,SL,-1.7818,176.3945,2026-04
v1 Original,2026-04-02 18:50:00+00:00,2026-04-02 20:00:00+00:00,long,66982.16,66822.55,SL,-1.7639,174.6306,2026-04
v1 Original,2026-04-02 20:35:00+00:00,2026-04-02 20:50:00+00:00,long,67084.67,66939.12,SL,-1.7463,172.8843,2026-04
v1 Original,2026-04-02 22:00:00+00:00,2026-04-03 00:10:00+00:00,long,66962.07,66822.34,SL,-1.7288,171.1554,2026-04
v1 Original,2026-04-03 01:35:00+00:00,2026-04-03 02:40:00+00:00,short,66623.02,66348.13,TP,3.4231,174.5785,2026-04
v1 Original,2026-04-03 04:35:00+00:00,2026-04-03 05:30:00+00:00,short,66520.55,66716.8,SL,-1.7458,172.8327,2026-04
v1 Original,2026-04-03 06:05:00+00:00,2026-04-03 06:40:00+00:00,short,66602.62,66738.3,SL,-1.7283,171.1044,2026-04
v1 Original,2026-04-03 10:45:00+00:00,2026-04-03 13:00:00+00:00,long,66844.45,66682.44,SL,-1.711,169.3934,2026-04
v1 Original,2026-04-03 16:25:00+00:00,2026-04-03 17:15:00+00:00,long,66961.98,66771.22,SL,-1.6939,167.6994,2026-04
v1 Original,2026-04-03 18:30:00+00:00,2026-04-04 10:50:00+00:00,long,66876.35,67148.18,TP,3.354,171.0534,2026-04
v1 Original,2026-04-04 13:35:00+00:00,2026-04-04 14:40:00+00:00,long,67229.01,67086.67,SL,-1.7105,169.3429,2026-04
v1 Original,2026-04-04 15:05:00+00:00,2026-04-05 01:30:00+00:00,long,67249.2,67105.6,SL,-1.6934,167.6495,2026-04
v1 Original,2026-04-05 04:05:00+00:00,2026-04-05 06:05:00+00:00,short,67098.86,66791.02,TP,3.353,171.0024,2026-04
v1 Original,2026-04-05 10:15:00+00:00,2026-04-05 10:35:00+00:00,short,66957.54,67095.8,SL,-1.71,169.2924,2026-04
v1 Original,2026-04-05 10:50:00+00:00,2026-04-05 12:40:00+00:00,short,66996.12,66725.42,TP,3.3858,172.6783,2026-04
v1 Original,2026-04-05 18:35:00+00:00,2026-04-05 22:00:00+00:00,long,67394.6,67691.09,TP,3.4536,176.1318,2026-04
v1 Original,2026-04-05 22:45:00+00:00,2026-04-05 22:55:00+00:00,long,68008.4,68325.48,TP,3.5226,179.6545,2026-04
v1 Original,2026-04-06 02:20:00+00:00,2026-04-06 04:10:00+00:00,long,69164.72,69015.3,SL,-1.7965,177.8579,2026-04
v1 Original,2026-04-06 04:45:00+00:00,2026-04-06 06:20:00+00:00,long,69150.73,69002.53,SL,-1.7786,176.0793,2026-04
v1 Original,2026-04-06 07:20:00+00:00,2026-04-06 09:10:00+00:00,long,69051.08,69527.41,TP,3.5216,179.6009,2026-04
v1 Original,2026-04-06 13:25:00+00:00,2026-04-06 13:35:00+00:00,long,69452.12,69290.49,SL,-1.796,177.8049,2026-04
v1 Original,2026-04-06 13:40:00+00:00,2026-04-06 14:05:00+00:00,long,69367.76,69211.2,SL,-1.778,176.0269,2026-04
v1 Original,2026-04-06 14:15:00+00:00,2026-04-06 14:55:00+00:00,long,69372.76,69660.39,TP,3.5205,179.5474,2026-04
v1 Original,2026-04-06 18:10:00+00:00,2026-04-06 21:35:00+00:00,long,69719.95,69488.96,SL,-1.7955,177.7519,2026-04
v1 Original,2026-04-07 01:10:00+00:00,2026-04-07 01:30:00+00:00,short,68602.71,68767.11,SL,-1.7775,175.9744,2026-04
v1 Original,2026-04-07 01:45:00+00:00,2026-04-07 03:20:00+00:00,short,68584.95,68772.11,SL,-1.7597,174.2147,2026-04
v1 Original,2026-04-07 04:10:00+00:00,2026-04-07 04:35:00+00:00,short,68639.09,68844.76,SL,-1.7421,172.4725,2026-04
v1 Original,2026-04-07 05:25:00+00:00,2026-04-07 08:35:00+00:00,short,68700.39,68839.63,SL,-1.7247,170.7478,2026-04
v1 Original,2026-04-07 13:45:00+00:00,2026-04-07 13:50:00+00:00,short,68205.89,68354.49,SL,-1.7075,169.0403,2026-04
v1 Original,2026-04-07 19:45:00+00:00,2026-04-07 20:00:00+00:00,long,68885.13,69341.69,TP,3.3808,172.4211,2026-04
v1 Original,2026-04-07 21:05:00+00:00,2026-04-07 21:25:00+00:00,long,69882.98,69519.42,SL,-1.7242,170.6969,2026-04
v1 Original,2026-04-07 21:40:00+00:00,2026-04-07 22:05:00+00:00,long,69845.81,70346.92,TP,3.4139,174.1109,2026-04
v1 Original,2026-04-08 03:30:00+00:00,2026-04-08 05:20:00+00:00,long,71409.03,71738.62,TP,3.4822,177.5931,2026-04
v1 Original,2026-04-08 06:20:00+00:00,2026-04-08 06:50:00+00:00,long,71897.41,71729.94,SL,-1.7759,175.8171,2026-04
v1 Original,2026-04-08 08:15:00+00:00,2026-04-08 09:45:00+00:00,long,71762.02,71615.01,SL,-1.7582,174.059,2026-04
v1 Original,2026-04-08 11:15:00+00:00,2026-04-08 11:35:00+00:00,long,71620.47,71417.46,SL,-1.7406,172.3184,2026-04
v1 Original,2026-04-08 11:50:00+00:00,2026-04-08 12:55:00+00:00,long,71702.69,72078.86,TP,3.4464,175.7647,2026-04
v1 Original,2026-04-08 19:45:00+00:00,2026-04-08 21:20:00+00:00,long,71347.23,71647.92,TP,3.5153,179.28,2026-04
v1 Original,2026-04-09 00:30:00+00:00,2026-04-09 01:05:00+00:00,short,70844.62,70551.29,TP,3.5856,182.8656,2026-04
v1 Original,2026-04-09 03:20:00+00:00,2026-04-09 08:30:00+00:00,short,70960.26,71108.8,SL,-1.8287,181.037,2026-04
v1 Original,2026-04-09 09:45:00+00:00,2026-04-09 11:15:00+00:00,long,71333.18,71172.54,SL,-1.8104,179.2266,2026-04
v1 Original,2026-04-09 12:25:00+00:00,2026-04-09 13:10:00+00:00,long,71265.88,71101.92,SL,-1.7923,177.4344,2026-04
v1 Original,2026-04-09 17:10:00+00:00,2026-04-09 17:25:00+00:00,long,72428.06,72272.56,SL,-1.7743,175.66,2026-04
v1 Original,2026-04-09 19:40:00+00:00,2026-04-09 20:35:00+00:00,long,72086.08,72395.09,TP,3.5132,179.1732,2026-04
v1 Original,2026-04-09 22:15:00+00:00,2026-04-09 22:20:00+00:00,long,73004.66,72788.64,SL,-1.7917,177.3815,2026-04
v1 Original,2026-04-10 00:10:00+00:00,2026-04-10 01:35:00+00:00,long,71815.31,72332.38,TP,3.5476,180.9291,2026-04
v1 Original,2026-04-10 04:15:00+00:00,2026-04-10 05:25:00+00:00,long,71908.54,72247.6,TP,3.6186,184.5477,2026-04
v1 Original,2026-04-10 10:35:00+00:00,2026-04-10 10:50:00+00:00,short,71748.48,71900.73,SL,-1.8455,182.7022,2026-04
v1 Original,2026-04-10 12:40:00+00:00,2026-04-10 13:15:00+00:00,long,72367.26,72214.07,SL,-1.827,180.8752,2026-04
v1 Original,2026-04-10 14:00:00+00:00,2026-04-10 14:15:00+00:00,long,72461.75,72785.88,TP,3.6175,184.4927,2026-04
v1 Original,2026-04-10 16:50:00+00:00,2026-04-10 19:10:00+00:00,long,72938.99,73263.1,TP,3.6899,188.1825,2026-04
v1 Original,2026-04-10 20:00:00+00:00,2026-04-10 21:30:00+00:00,long,73228.67,73075.62,SL,-1.8818,186.3007,2026-04
v1 Original,2026-04-10 23:35:00+00:00,2026-04-11 01:15:00+00:00,long,72940.13,72741.49,SL,-1.863,184.4377,2026-04
v1 Original,2026-04-11 01:30:00+00:00,2026-04-11 04:20:00+00:00,long,72951.2,72773.7,SL,-1.8444,182.5933,2026-04
v1 Original,2026-04-11 05:25:00+00:00,2026-04-11 09:10:00+00:00,long,72813.96,72659.44,SL,-1.8259,180.7674,2026-04
v1 Original,2026-04-11 09:20:00+00:00,2026-04-11 13:10:00+00:00,long,72903.59,72594.53,SL,-1.8077,178.9597,2026-04
v1 Original,2026-04-11 17:30:00+00:00,2026-04-11 18:35:00+00:00,long,73137.19,73660.73,TP,3.5792,182.5389,2026-04
v1 Original,2026-04-11 21:40:00+00:00,2026-04-11 22:35:00+00:00,long,73471.34,73270.55,SL,-1.8254,180.7135,2026-04
v1 Original,2026-04-12 01:30:00+00:00,2026-04-12 01:35:00+00:00,short,72809.78,72095.95,TP,3.6143,184.3278,2026-04
v1 Original,2026-04-12 06:55:00+00:00,2026-04-12 12:10:00+00:00,short,71675.66,71377.04,TP,3.6866,188.0144,2026-04
v1 Original,2026-04-12 12:50:00+00:00,2026-04-12 13:55:00+00:00,short,71210.23,70895.84,TP,3.7603,191.7746,2026-04
v1 Original,2026-04-12 14:50:00+00:00,2026-04-12 15:50:00+00:00,short,70784.45,70944.45,SL,-1.9177,189.8569,2026-04
v1 Original,2026-04-12 19:00:00+00:00,2026-04-12 20:40:00+00:00,short,71169.92,71431.7,SL,-1.8986,187.9583,2026-04
v1 Original,2026-04-12 21:35:00+00:00,2026-04-12 22:00:00+00:00,short,71311.06,70746.41,TP,3.7592,191.7175,2026-04
v1 Original,2026-04-13 02:05:00+00:00,2026-04-13 05:05:00+00:00,short,71155.23,70870.01,TP,3.8344,195.5518,2026-04
v1 Original,2026-04-13 07:10:00+00:00,2026-04-13 12:50:00+00:00,short,70910.5,71141.66,SL,-1.9555,193.5963,2026-04
v1 Original,2026-04-13 13:35:00+00:00,2026-04-13 13:45:00+00:00,short,70899.43,71337.41,SL,-1.936,191.6604,2026-04
v1 Original,2026-04-13 16:25:00+00:00,2026-04-13 17:30:00+00:00,long,72170.93,72511.62,TP,3.8332,195.4936,2026-04
v1 Original,2026-04-13 18:55:00+00:00,2026-04-13 19:25:00+00:00,long,72457.69,72844.98,TP,3.9099,199.4034,2026-04
v1 Original,2026-04-13 22:15:00+00:00,2026-04-13 22:50:00+00:00,long,74253.0,74574.12,TP,3.9881,203.3915,2026-04
v1 Original,2026-04-14 01:50:00+00:00,2026-04-14 05:55:00+00:00,long,74426.34,74209.84,SL,-2.0339,201.3576,2026-04
v1 Original,2026-04-14 06:15:00+00:00,2026-04-14 07:10:00+00:00,long,74412.57,74758.68,TP,4.0272,205.3848,2026-04
v1 Original,2026-04-14 08:30:00+00:00,2026-04-14 09:40:00+00:00,long,74779.54,74553.38,SL,-2.0538,203.3309,2026-04
v1 Original,2026-04-14 11:55:00+00:00,2026-04-14 12:25:00+00:00,long,74456.0,74297.02,SL,-2.0333,201.2976,2026-04
v1 Original,2026-04-14 12:35:00+00:00,2026-04-14 13:15:00+00:00,long,74355.46,74687.57,TP,4.026,205.3235,2026-04
v1 Original,2026-04-14 15:50:00+00:00,2026-04-14 16:45:00+00:00,long,75378.64,75186.48,SL,-2.0532,203.2703,2026-04
v1 Original,2026-04-14 18:00:00+00:00,2026-04-14 18:20:00+00:00,long,74787.96,74623.05,SL,-2.0327,201.2376,2026-04
v1 Original,2026-04-14 18:30:00+00:00,2026-04-14 18:45:00+00:00,short,74493.91,73946.85,TP,4.0248,205.2624,2026-04
v1 Original,2026-04-14 21:35:00+00:00,2026-04-14 21:50:00+00:00,short,74085.11,74255.59,SL,-2.0526,203.2097,2026-04
v1 Original,2026-04-14 22:25:00+00:00,2026-04-14 22:50:00+00:00,short,73964.49,74115.49,SL,-2.0321,201.1776,2026-04
v1 Original,2026-04-15 05:05:00+00:00,2026-04-15 05:35:00+00:00,short,74272.0,73934.22,TP,4.0236,205.2012,2026-04
v1 Original,2026-04-15 07:15:00+00:00,2026-04-15 08:10:00+00:00,short,73684.36,73876.66,SL,-2.052,203.1492,2026-04
v1 Original,2026-04-15 09:25:00+00:00,2026-04-15 10:05:00+00:00,short,73980.03,74161.77,SL,-2.0315,201.1177,2026-04
v1 Original,2026-04-15 10:20:00+00:00,2026-04-15 11:50:00+00:00,short,74010.29,74247.79,SL,-2.0112,199.1065,2026-04
v1 Original,2026-04-15 14:20:00+00:00,2026-04-15 14:35:00+00:00,long,74464.42,74013.13,SL,-1.9911,197.1154,2026-04
v1 Original,2026-04-15 14:40:00+00:00,2026-04-15 14:45:00+00:00,short,73977.29,74126.08,SL,-1.9712,195.1443,2026-04
v1 Original,2026-04-15 15:10:00+00:00,2026-04-15 15:20:00+00:00,long,74311.38,74068.79,SL,-1.9514,193.1929,2026-04
v1 Original,2026-04-15 16:50:00+00:00,2026-04-15 17:00:00+00:00,short,73861.47,74083.71,SL,-1.9319,191.2609,2026-04
v1 Original,2026-04-15 22:00:00+00:00,2026-04-15 23:00:00+00:00,long,75013.31,74848.65,SL,-1.9126,189.3483,2026-04
v1 Original,2026-04-16 00:35:00+00:00,2026-04-16 01:05:00+00:00,long,74799.53,74614.53,SL,-1.8935,187.4548,2026-04
v1 Original,2026-04-16 01:40:00+00:00,2026-04-16 02:35:00+00:00,long,74705.15,75071.22,TP,3.7491,191.2039,2026-04
v1 Original,2026-04-16 04:40:00+00:00,2026-04-16 04:45:00+00:00,long,75130.84,74845.88,SL,-1.912,189.2919,2026-04
v1 Original,2026-04-16 05:20:00+00:00,2026-04-16 07:30:00+00:00,long,75073.11,74908.01,SL,-1.8929,187.399,2026-04
v1 Original,2026-04-16 09:50:00+00:00,2026-04-16 10:45:00+00:00,short,74662.93,74290.79,TP,3.748,191.1469,2026-04
v1 Original,2026-04-16 12:55:00+00:00,2026-04-16 13:10:00+00:00,short,74632.87,74836.89,SL,-1.9115,189.2355,2026-04
v1 Original,2026-04-16 13:40:00+00:00,2026-04-16 13:50:00+00:00,short,74619.17,73428.18,TP,3.7847,193.0202,2026-04
v1 Original,2026-04-16 16:30:00+00:00,2026-04-16 17:10:00+00:00,short,74327.8,73968.84,TP,3.8604,196.8806,2026-04
v1 Original,2026-04-16 23:05:00+00:00,2026-04-17 01:20:00+00:00,long,75006.64,74708.79,SL,-1.9688,194.9118,2026-04
v1 Original,2026-04-17 05:05:00+00:00,2026-04-17 06:15:00+00:00,short,74627.99,74815.8,SL,-1.9491,192.9627,2026-04
v1 Original,2026-04-17 07:50:00+00:00,2026-04-17 08:30:00+00:00,long,75060.87,75378.75,TP,3.8593,196.8219,2026-04
v1 Original,2026-04-17 11:30:00+00:00,2026-04-17 11:40:00+00:00,long,75587.26,75413.31,SL,-1.9682,194.8537,2026-04
v1 Original,2026-04-17 18:40:00+00:00,2026-04-17 18:50:00+00:00,long,77420.38,77225.9,SL,-1.9485,192.9052,2026-04
v1 Original,2026-04-17 19:10:00+00:00,2026-04-17 20:00:00+00:00,long,77264.99,77612.0,TP,3.8581,196.7633,2026-04
v1 Original,2026-04-17 21:10:00+00:00,2026-04-17 23:05:00+00:00,long,77419.99,77242.49,SL,-1.9676,194.7956,2026-04
v1 Original,2026-04-18 00:00:00+00:00,2026-04-18 00:40:00+00:00,long,77204.06,77047.5,SL,-1.948,192.8477,2026-04
v1 Original,2026-04-18 02:10:00+00:00,2026-04-18 03:50:00+00:00,long,77321.02,77043.51,SL,-1.9285,190.9192,2026-04
v1 Original,2026-04-18 04:50:00+00:00,2026-04-18 08:10:00+00:00,long,77124.66,76834.0,SL,-1.9092,189.01,2026-04
v1 Original,2026-04-18 10:05:00+00:00,2026-04-18 11:10:00+00:00,short,76286.3,75980.97,TP,3.7802,192.7902,2026-04
v1 Original,2026-04-18 11:35:00+00:00,2026-04-18 11:55:00+00:00,short,75866.38,76069.46,SL,-1.9279,190.8623,2026-04
v1 Original,2026-04-18 13:30:00+00:00,2026-04-18 14:10:00+00:00,short,76034.08,76200.1,SL,-1.9086,188.9537,2026-04
v1 Original,2026-04-18 15:35:00+00:00,2026-04-18 17:05:00+00:00,short,76213.03,75907.41,TP,3.7791,192.7328,2026-04
v1 Original,2026-04-18 18:00:00+00:00,2026-04-19 03:05:00+00:00,short,75789.97,75462.5,TP,3.8547,196.5874,2026-04
v1 Original,2026-04-19 04:40:00+00:00,2026-04-19 07:15:00+00:00,short,75570.52,75159.16,TP,3.9317,200.5192,2026-04
v1 Original,2026-04-19 09:20:00+00:00,2026-04-19 10:55:00+00:00,short,75084.59,75246.09,SL,-2.0052,198.514,2026-04
v1 Original,2026-04-19 12:25:00+00:00,2026-04-19 13:00:00+00:00,short,75546.49,75718.72,SL,-1.9851,196.5288,2026-04
v1 Original,2026-04-19 13:05:00+00:00,2026-04-19 14:45:00+00:00,long,75804.0,76131.1,TP,3.9306,200.4594,2026-04
v1 Original,2026-04-19 20:15:00+00:00,2026-04-19 20:30:00+00:00,short,74711.98,74900.47,SL,-2.0046,198.4548,2026-04
v1 Original,2026-04-19 20:40:00+00:00,2026-04-19 20:50:00+00:00,short,74580.0,74729.25,SL,-1.9845,196.4703,2026-04
v1 Original,2026-04-19 21:50:00+00:00,2026-04-19 22:00:00+00:00,short,74461.2,73906.91,TP,3.9294,200.3997,2026-04
v1 Original,2026-04-20 02:10:00+00:00,2026-04-20 03:40:00+00:00,short,74425.34,74610.14,SL,-2.004,198.3957,2026-04
v1 Original,2026-04-20 04:10:00+00:00,2026-04-20 05:20:00+00:00,short,74539.47,74181.04,TP,3.9679,202.3636,2026-04
v1 Original,2026-04-20 09:10:00+00:00,2026-04-20 10:10:00+00:00,long,75058.43,75373.39,TP,4.0473,206.4109,2026-04
v1 Original,2026-04-20 12:10:00+00:00,2026-04-20 13:15:00+00:00,long,75382.94,75154.55,SL,-2.0641,204.3468,2026-04
v1 Original,2026-04-20 14:15:00+00:00,2026-04-20 14:50:00+00:00,long,75334.61,75061.8,SL,-2.0435,202.3033,2026-04
v1 Original,2026-04-20 15:25:00+00:00,2026-04-20 15:45:00+00:00,long,75747.39,75589.5,SL,-2.023,200.2803,2026-04
v1 Original,2026-04-20 17:10:00+00:00,2026-04-20 18:00:00+00:00,long,75686.3,76100.02,TP,4.0056,204.2859,2026-04
v1 Original,2026-04-20 18:50:00+00:00,2026-04-20 19:20:00+00:00,long,76448.27,76236.09,SL,-2.0429,202.243,2026-04
v1 Original,2026-04-20 22:05:00+00:00,2026-04-20 23:00:00+00:00,long,76086.26,75849.46,SL,-2.0224,200.2206,2026-04
v1 Original,2026-04-20 23:45:00+00:00,2026-04-21 01:05:00+00:00,long,75890.3,76199.69,TP,4.0044,204.225,2026-04
v1 Original,2026-04-21 06:30:00+00:00,2026-04-21 07:00:00+00:00,long,76088.85,75922.48,SL,-2.0423,202.1827,2026-04
v1 Original,2026-04-21 08:20:00+00:00,2026-04-21 08:45:00+00:00,long,76363.72,76684.71,TP,4.0437,206.2264,2026-04
v1 Original,2026-04-21 10:20:00+00:00,2026-04-21 11:10:00+00:00,long,76598.55,76429.98,SL,-2.0623,204.1641,2026-04
v1 Original,2026-04-21 15:00:00+00:00,2026-04-21 15:15:00+00:00,short,75681.54,75979.95,SL,-2.0416,202.1225,2026-04
v1 Original,2026-04-21 17:00:00+00:00,2026-04-21 17:15:00+00:00,short,75752.82,75107.18,TP,4.0424,206.1649,2026-04
v1 Original,2026-04-21 19:35:00+00:00,2026-04-21 19:40:00+00:00,short,75278.0,74874.37,TP,4.1233,210.2882,2026-04
v1 Original,2026-04-21 21:25:00+00:00,2026-04-21 23:00:00+00:00,short,75592.44,75776.85,SL,-2.1029,208.1853,2026-04
v1 Original,2026-04-22 02:10:00+00:00,2026-04-22 02:25:00+00:00,long,76756.59,77235.0,TP,4.1637,212.3491,2026-04
v1 Original,2026-04-22 05:20:00+00:00,2026-04-22 05:35:00+00:00,long,78217.86,78039.99,SL,-2.1235,210.2256,2026-04
v1 Original,2026-04-22 08:10:00+00:00,2026-04-22 08:25:00+00:00,long,78159.54,77980.0,SL,-2.1023,208.1233,2026-04
v1 Original,2026-04-22 09:25:00+00:00,2026-04-22 09:50:00+00:00,long,78171.96,78009.73,SL,-2.0812,206.0421,2026-04
v1 Original,2026-04-22 10:30:00+00:00,2026-04-22 13:20:00+00:00,long,78179.4,78500.53,TP,4.1208,210.1629,2026-04
v1 Original,2026-04-22 15:35:00+00:00,2026-04-22 16:20:00+00:00,long,79307.78,79032.47,SL,-2.1016,208.0613,2026-04
v1 Original,2026-04-22 17:50:00+00:00,2026-04-22 19:00:00+00:00,long,79024.01,78826.01,SL,-2.0806,205.9807,2026-04
v1 Original,2026-04-22 19:25:00+00:00,2026-04-22 19:35:00+00:00,long,79062.64,78904.43,SL,-2.0598,203.9209,2026-04
v1 Original,2026-04-22 21:10:00+00:00,2026-04-22 23:20:00+00:00,long,78620.85,78335.76,SL,-2.0392,201.8817,2026-04
v1 Original,2026-04-23 01:15:00+00:00,2026-04-23 01:45:00+00:00,short,78178.85,78410.48,SL,-2.0188,199.8628,2026-04
v1 Original,2026-04-23 02:15:00+00:00,2026-04-23 03:10:00+00:00,short,78124.91,77762.56,TP,3.9973,203.8601,2026-04
v1 Original,2026-04-23 05:35:00+00:00,2026-04-23 05:45:00+00:00,short,77821.65,78007.81,SL,-2.0386,201.8215,2026-04
v1 Original,2026-04-23 10:05:00+00:00,2026-04-23 11:00:00+00:00,short,77326.08,77524.68,SL,-2.0182,199.8033,2026-04
v1 Original,2026-04-23 13:10:00+00:00,2026-04-23 14:30:00+00:00,short,77685.78,77853.98,SL,-1.998,197.8052,2026-04
v1 Original,2026-04-23 18:05:00+00:00,2026-04-23 18:55:00+00:00,long,77998.99,77739.09,SL,-1.9781,195.8272,2026-04
v1 Original,2026-04-23 19:00:00+00:00,2026-04-23 19:15:00+00:00,short,77652.74,77853.4,SL,-1.9583,193.8689,2026-04
v1 Original,2026-04-23 19:30:00+00:00,2026-04-23 20:05:00+00:00,short,77734.79,77920.37,SL,-1.9387,191.9302,2026-04
v1 Original,2026-04-24 00:10:00+00:00,2026-04-24 01:15:00+00:00,long,78321.46,78098.55,SL,-1.9193,190.0109,2026-04
v1 Original,2026-04-24 01:50:00+00:00,2026-04-24 02:50:00+00:00,long,78420.97,78166.51,SL,-1.9001,188.1108,2026-04
v1 Original,2026-04-24 04:35:00+00:00,2026-04-24 05:45:00+00:00,short,77599.19,77805.01,SL,-1.8811,186.2297,2026-04
v1 Original,2026-04-24 06:55:00+00:00,2026-04-24 09:05:00+00:00,short,77813.12,77467.68,TP,3.7246,189.9543,2026-04
v1 Original,2026-04-24 14:50:00+00:00,2026-04-24 15:00:00+00:00,long,78054.65,77878.4,SL,-1.8995,188.0548,2026-04
v1 Original,2026-04-24 15:05:00+00:00,2026-04-24 15:25:00+00:00,short,77669.0,77840.96,SL,-1.8805,186.1742,2026-04
v1 Original,2026-04-24 15:40:00+00:00,2026-04-24 16:10:00+00:00,long,78004.96,77814.72,SL,-1.8617,184.3125,2026-04
v1 Original,2026-04-24 16:20:00+00:00,2026-04-24 18:15:00+00:00,short,77761.92,77437.53,TP,3.6862,187.9987,2026-04
v1 Original,2026-04-24 20:20:00+00:00,2026-04-24 20:55:00+00:00,short,77541.1,77748.68,SL,-1.88,186.1187,2026-04
v1 Original,2026-04-24 21:30:00+00:00,2026-04-25 09:50:00+00:00,short,77626.09,77790.9,SL,-1.8612,184.2576,2026-04
v1 Original,2026-04-25 13:10:00+00:00,2026-04-25 15:50:00+00:00,long,77663.49,77355.32,SL,-1.8426,182.415,2026-04
v1 Original,2026-04-25 17:45:00+00:00,2026-04-25 20:25:00+00:00,short,77280.83,77443.27,SL,-1.8241,180.5908,2026-04
v1 Original,2026-04-25 21:35:00+00:00,2026-04-25 22:30:00+00:00,short,77470.23,77644.9,SL,-1.8059,178.7849,2026-04
v2 RSI+Volume,2026-02-27 14:45:00+00:00,2026-02-27 15:05:00+00:00,short,65960.27,66176.52,SL,-1.0,99.0,2026-02
v2 RSI+Volume,2026-02-28 05:35:00+00:00,2026-02-28 06:15:00+00:00,short,65593.41,64698.49,TP,1.98,100.98,2026-02
v2 RSI+Volume,2026-02-28 15:55:00+00:00,2026-02-28 16:40:00+00:00,long,64862.44,65129.49,TP,2.0196,102.9996,2026-02
v2 RSI+Volume,2026-02-28 18:30:00+00:00,2026-02-28 18:35:00+00:00,long,65396.56,65711.88,TP,2.06,105.0596,2026-02
v2 RSI+Volume,2026-02-28 22:20:00+00:00,2026-02-28 22:35:00+00:00,long,67077.66,67565.65,TP,2.1012,107.1608,2026-02
v2 RSI+Volume,2026-03-02 11:40:00+00:00,2026-03-02 12:20:00+00:00,long,66324.62,66122.14,SL,-1.0716,106.0892,2026-03
v2 RSI+Volume,2026-03-03 18:25:00+00:00,2026-03-03 19:05:00+00:00,long,68566.45,68421.19,SL,-1.0609,105.0283,2026-03
v2 RSI+Volume,2026-03-03 21:55:00+00:00,2026-03-03 22:00:00+00:00,long,68064.79,68502.47,TP,2.1006,107.1288,2026-03
v2 RSI+Volume,2026-03-04 03:25:00+00:00,2026-03-04 03:35:00+00:00,short,68012.6,67603.13,TP,2.1426,109.2714,2026-03
v2 RSI+Volume,2026-03-04 12:50:00+00:00,2026-03-04 13:05:00+00:00,long,71115.12,71594.09,TP,2.1854,111.4569,2026-03
v2 RSI+Volume,2026-03-04 18:50:00+00:00,2026-03-04 20:05:00+00:00,long,73695.27,73410.31,SL,-1.1146,110.3423,2026-03
v2 RSI+Volume,2026-03-04 23:50:00+00:00,2026-03-05 00:20:00+00:00,long,72639.29,72943.03,TP,2.2068,112.5491,2026-03
v2 RSI+Volume,2026-03-05 02:20:00+00:00,2026-03-05 02:30:00+00:00,long,72806.99,72474.45,SL,-1.1255,111.4236,2026-03
v2 RSI+Volume,2026-03-05 04:00:00+00:00,2026-03-05 04:20:00+00:00,long,72478.26,72775.29,TP,2.2285,113.6521,2026-03
v2 RSI+Volume,2026-03-05 12:55:00+00:00,2026-03-05 13:00:00+00:00,long,72960.7,72801.28,SL,-1.1365,112.5156,2026-03
v2 RSI+Volume,2026-03-05 14:55:00+00:00,2026-03-05 15:00:00+00:00,long,72711.29,72436.43,SL,-1.1252,111.3904,2026-03
v2 RSI+Volume,2026-03-05 23:10:00+00:00,2026-03-05 23:45:00+00:00,short,71197.27,70896.94,TP,2.2278,113.6182,2026-03
v2 RSI+Volume,2026-03-06 13:55:00+00:00,2026-03-06 14:05:00+00:00,short,69358.98,68930.41,TP,2.2724,115.8906,2026-03
v2 RSI+Volume,2026-03-06 19:35:00+00:00,2026-03-06 20:25:00+00:00,short,68194.02,67815.21,TP,2.3178,118.2084,2026-03
v2 RSI+Volume,2026-03-07 03:35:00+00:00,2026-03-07 04:00:00+00:00,short,68244.89,67908.2,TP,2.3642,120.5726,2026-03
v2 RSI+Volume,2026-03-07 10:25:00+00:00,2026-03-07 11:15:00+00:00,short,67925.17,68142.19,SL,-1.2057,119.3669,2026-03
v2 RSI+Volume,2026-03-08 02:50:00+00:00,2026-03-08 04:55:00+00:00,short,66979.72,66647.52,TP,2.3873,121.7542,2026-03
v2 RSI+Volume,2026-03-08 08:45:00+00:00,2026-03-08 09:15:00+00:00,long,67478.58,67788.12,TP,2.4351,124.1893,2026-03
v2 RSI+Volume,2026-03-08 13:10:00+00:00,2026-03-08 13:50:00+00:00,short,67037.69,67178.28,SL,-1.2419,122.9474,2026-03
v2 RSI+Volume,2026-03-08 18:10:00+00:00,2026-03-08 19:15:00+00:00,short,66959.27,67166.68,SL,-1.2295,121.7179,2026-03
v2 RSI+Volume,2026-03-08 20:15:00+00:00,2026-03-08 20:35:00+00:00,short,67179.93,67480.87,SL,-1.2172,120.5007,2026-03
v2 RSI+Volume,2026-03-09 05:40:00+00:00,2026-03-09 06:05:00+00:00,long,67898.24,67644.23,SL,-1.205,119.2957,2026-03
v2 RSI+Volume,2026-03-09 07:40:00+00:00,2026-03-09 08:20:00+00:00,long,67433.43,67730.93,TP,2.3859,121.6816,2026-03
v2 RSI+Volume,2026-03-10 00:15:00+00:00,2026-03-10 00:25:00+00:00,long,68624.25,68926.22,TP,2.4336,124.1153,2026-03
v2 RSI+Volume,2026-03-10 04:50:00+00:00,2026-03-10 05:00:00+00:00,long,69916.36,70201.22,TP,2.4823,126.5976,2026-03
v2 RSI+Volume,2026-03-10 07:05:00+00:00,2026-03-10 08:05:00+00:00,long,70203.55,70914.66,TP,2.532,129.1295,2026-03
v2 RSI+Volume,2026-03-10 09:25:00+00:00,2026-03-10 09:45:00+00:00,long,71225.74,71015.66,SL,-1.2913,127.8382,2026-03
v2 RSI+Volume,2026-03-11 01:30:00+00:00,2026-03-11 02:35:00+00:00,short,70057.9,69691.4,TP,2.5568,130.395,2026-03
v2 RSI+Volume,2026-03-12 14:25:00+00:00,2026-03-12 14:35:00+00:00,short,70036.86,69601.05,TP,2.6079,133.0029,2026-03
v2 RSI+Volume,2026-03-15 02:00:00+00:00,2026-03-15 04:05:00+00:00,long,71263.25,71577.24,TP,2.6601,135.663,2026-03
v2 RSI+Volume,2026-03-15 04:10:00+00:00,2026-03-15 06:30:00+00:00,long,71618.88,71442.46,SL,-1.3566,134.3063,2026-03
v2 RSI+Volume,2026-03-15 13:55:00+00:00,2026-03-15 14:35:00+00:00,long,71545.34,71397.16,SL,-1.3431,132.9633,2026-03
v2 RSI+Volume,2026-03-15 18:45:00+00:00,2026-03-15 20:30:00+00:00,short,71450.32,71646.09,SL,-1.3296,131.6336,2026-03
v2 RSI+Volume,2026-03-15 22:35:00+00:00,2026-03-15 22:45:00+00:00,long,72190.77,72516.96,TP,2.6327,134.2663,2026-03
v2 RSI+Volume,2026-03-16 12:25:00+00:00,2026-03-16 13:30:00+00:00,long,73783.45,74139.65,TP,2.6853,136.9516,2026-03
v2 RSI+Volume,2026-03-16 15:20:00+00:00,2026-03-16 15:35:00+00:00,long,73891.31,73665.37,SL,-1.3695,135.5821,2026-03
v2 RSI+Volume,2026-03-19 02:55:00+00:00,2026-03-19 03:10:00+00:00,short,71050.74,71206.27,SL,-1.3558,134.2263,2026-03
v2 RSI+Volume,2026-03-19 06:35:00+00:00,2026-03-19 07:05:00+00:00,short,70630.13,70337.53,TP,2.6845,136.9108,2026-03
v2 RSI+Volume,2026-03-19 10:35:00+00:00,2026-03-19 11:50:00+00:00,short,70259.09,69975.83,TP,2.7382,139.649,2026-03
v2 RSI+Volume,2026-03-20 03:00:00+00:00,2026-03-20 04:00:00+00:00,long,70469.5,70775.02,TP,2.793,142.442,2026-03
v2 RSI+Volume,2026-03-20 10:40:00+00:00,2026-03-20 11:45:00+00:00,long,70536.02,70362.9,SL,-1.4244,141.0176,2026-03
v2 RSI+Volume,2026-03-20 16:40:00+00:00,2026-03-20 17:55:00+00:00,short,69778.95,69953.97,SL,-1.4102,139.6074,2026-03
v2 RSI+Volume,2026-03-20 21:15:00+00:00,2026-03-20 22:00:00+00:00,long,70492.48,70778.02,TP,2.7921,142.3996,2026-03
v2 RSI+Volume,2026-03-21 00:20:00+00:00,2026-03-21 01:30:00+00:00,long,70698.3,70550.93,SL,-1.424,140.9756,2026-03
v2 RSI+Volume,2026-03-21 05:20:00+00:00,2026-03-21 08:20:00+00:00,long,70750.7,70542.97,SL,-1.4098,139.5658,2026-03
v2 RSI+Volume,2026-03-21 21:10:00+00:00,2026-03-21 23:45:00+00:00,short,70364.41,69667.4,TP,2.7913,142.3571,2026-03
v2 RSI+Volume,2026-03-22 10:40:00+00:00,2026-03-22 11:45:00+00:00,short,68616.57,68285.59,TP,2.8471,145.2043,2026-03
v2 RSI+Volume,2026-03-22 13:40:00+00:00,2026-03-22 13:55:00+00:00,short,68583.57,68732.06,SL,-1.452,143.7522,2026-03
v2 RSI+Volume,2026-03-22 17:35:00+00:00,2026-03-22 19:10:00+00:00,short,68699.15,68407.58,TP,2.875,146.6273,2026-03
v2 RSI+Volume,2026-03-23 13:50:00+00:00,2026-03-23 14:05:00+00:00,long,71348.94,71696.08,TP,2.9325,149.5598,2026-03
v2 RSI+Volume,2026-03-23 16:45:00+00:00,2026-03-23 17:20:00+00:00,long,70680.66,70432.61,SL,-1.4956,148.0642,2026-03
v2 RSI+Volume,2026-03-23 23:35:00+00:00,2026-03-24 01:10:00+00:00,long,70684.2,70537.52,SL,-1.4806,146.5836,2026-03
v2 RSI+Volume,2026-03-24 01:25:00+00:00,2026-03-24 01:35:00+00:00,long,70832.52,70636.23,SL,-1.4658,145.1177,2026-03
v2 RSI+Volume,2026-03-24 23:20:00+00:00,2026-03-25 00:35:00+00:00,long,70536.24,70826.88,TP,2.9024,148.0201,2026-03
v2 RSI+Volume,2026-03-25 10:05:00+00:00,2026-03-25 11:20:00+00:00,long,71380.99,71684.23,TP,2.9604,150.9805,2026-03
v2 RSI+Volume,2026-03-25 13:00:00+00:00,2026-03-25 13:20:00+00:00,long,71759.34,71613.16,SL,-1.5098,149.4707,2026-03
v2 RSI+Volume,2026-03-25 18:55:00+00:00,2026-03-25 19:35:00+00:00,short,70758.75,70945.48,SL,-1.4947,147.976,2026-03
v2 RSI+Volume,2026-03-25 20:00:00+00:00,2026-03-25 20:40:00+00:00,short,70733.35,70892.05,SL,-1.4798,146.4962,2026-03
v2 RSI+Volume,2026-03-26 08:25:00+00:00,2026-03-26 08:55:00+00:00,short,69824.25,69978.73,SL,-1.465,145.0313,2026-03
v2 RSI+Volume,2026-03-26 09:30:00+00:00,2026-03-26 13:45:00+00:00,short,69518.16,69681.83,SL,-1.4503,143.581,2026-03
v2 RSI+Volume,2026-03-26 17:50:00+00:00,2026-03-26 17:55:00+00:00,short,68735.6,68448.48,TP,2.8716,146.4526,2026-03
v2 RSI+Volume,2026-03-28 00:55:00+00:00,2026-03-28 01:35:00+00:00,short,66376.83,66059.12,TP,2.9291,149.3816,2026-03
v2 RSI+Volume,2026-03-29 05:55:00+00:00,2026-03-29 07:00:00+00:00,long,66732.31,66529.38,SL,-1.4938,147.8878,2026-03
v2 RSI+Volume,2026-03-29 19:45:00+00:00,2026-03-29 20:15:00+00:00,short,66360.59,66501.78,SL,-1.4789,146.4089,2026-03
v2 RSI+Volume,2026-03-29 21:35:00+00:00,2026-03-29 22:00:00+00:00,long,66608.11,66344.32,SL,-1.4641,144.9448,2026-03
v2 RSI+Volume,2026-03-30 04:55:00+00:00,2026-03-30 05:45:00+00:00,long,67541.89,67402.35,SL,-1.4494,143.4954,2026-03
v2 RSI+Volume,2026-03-30 07:45:00+00:00,2026-03-30 08:00:00+00:00,long,67350.93,67708.59,TP,2.8699,146.3653,2026-03
v2 RSI+Volume,2026-03-30 10:55:00+00:00,2026-03-30 12:05:00+00:00,long,67438.39,67790.03,TP,2.9273,149.2926,2026-03
v2 RSI+Volume,2026-03-30 14:55:00+00:00,2026-03-30 15:05:00+00:00,long,67757.82,67562.48,SL,-1.4929,147.7997,2026-03
v2 RSI+Volume,2026-04-01 00:55:00+00:00,2026-04-01 01:20:00+00:00,long,68230.67,68023.95,SL,-1.478,146.3217,2026-04
v2 RSI+Volume,2026-04-01 03:05:00+00:00,2026-04-01 04:35:00+00:00,long,67886.59,68165.12,TP,2.9264,149.2481,2026-04
v2 RSI+Volume,2026-04-01 16:30:00+00:00,2026-04-01 17:20:00+00:00,long,68850.52,68493.34,SL,-1.4925,147.7556,2026-04
v2 RSI+Volume,2026-04-01 22:05:00+00:00,2026-04-02 00:40:00+00:00,short,68200.45,68401.56,SL,-1.4776,146.2781,2026-04
v2 RSI+Volume,2026-04-02 01:10:00+00:00,2026-04-02 01:15:00+00:00,short,68117.42,67509.84,TP,2.9256,149.2036,2026-04
v2 RSI+Volume,2026-04-02 08:10:00+00:00,2026-04-02 09:00:00+00:00,short,66709.18,66353.02,TP,2.9841,152.1877,2026-04
v2 RSI+Volume,2026-04-02 20:35:00+00:00,2026-04-02 20:50:00+00:00,long,67084.67,66939.12,SL,-1.5219,150.6658,2026-04
v2 RSI+Volume,2026-04-03 04:35:00+00:00,2026-04-03 05:30:00+00:00,short,66520.55,66716.8,SL,-1.5067,149.1592,2026-04
v2 RSI+Volume,2026-04-03 12:35:00+00:00,2026-04-03 13:45:00+00:00,short,66826.46,66534.32,TP,2.9832,152.1424,2026-04
v2 RSI+Volume,2026-04-03 23:50:00+00:00,2026-04-04 13:35:00+00:00,long,66931.32,67229.01,TP,3.0428,155.1852,2026-04
v2 RSI+Volume,2026-04-04 19:05:00+00:00,2026-04-04 20:00:00+00:00,long,67409.79,67206.88,SL,-1.5519,153.6334,2026-04
v2 RSI+Volume,2026-04-05 04:50:00+00:00,2026-04-05 06:05:00+00:00,short,67083.77,66791.02,TP,3.0727,156.706,2026-04
v2 RSI+Volume,2026-04-05 10:35:00+00:00,2026-04-05 12:00:00+00:00,long,67095.8,66912.42,SL,-1.5671,155.139,2026-04
v2 RSI+Volume,2026-04-05 18:35:00+00:00,2026-04-05 22:00:00+00:00,long,67394.6,67691.09,TP,3.1028,158.2418,2026-04
v2 RSI+Volume,2026-04-05 22:45:00+00:00,2026-04-05 22:55:00+00:00,long,68008.4,68325.48,TP,3.1648,161.4066,2026-04
v2 RSI+Volume,2026-04-06 04:45:00+00:00,2026-04-06 06:20:00+00:00,long,69150.73,69002.53,SL,-1.6141,159.7925,2026-04
v2 RSI+Volume,2026-04-06 13:40:00+00:00,2026-04-06 14:05:00+00:00,long,69367.76,69211.2,SL,-1.5979,158.1946,2026-04
v2 RSI+Volume,2026-04-06 14:15:00+00:00,2026-04-06 14:55:00+00:00,long,69372.76,69660.39,TP,3.1639,161.3585,2026-04
v2 RSI+Volume,2026-04-06 19:20:00+00:00,2026-04-06 20:00:00+00:00,long,69837.34,69651.7,SL,-1.6136,159.7449,2026-04
v2 RSI+Volume,2026-04-07 19:45:00+00:00,2026-04-07 20:00:00+00:00,long,68885.13,69341.69,TP,3.1949,162.9398,2026-04
v2 RSI+Volume,2026-04-08 08:15:00+00:00,2026-04-08 09:45:00+00:00,long,71762.02,71615.01,SL,-1.6294,161.3104,2026-04
v2 RSI+Volume,2026-04-08 11:50:00+00:00,2026-04-08 12:55:00+00:00,long,71702.69,72078.86,TP,3.2262,164.5366,2026-04
v2 RSI+Volume,2026-04-09 00:30:00+00:00,2026-04-09 01:05:00+00:00,short,70844.62,70551.29,TP,3.2907,167.8273,2026-04
v2 RSI+Volume,2026-04-09 03:20:00+00:00,2026-04-09 08:30:00+00:00,short,70960.26,71108.8,SL,-1.6783,166.1491,2026-04
v2 RSI+Volume,2026-04-09 17:10:00+00:00,2026-04-09 17:25:00+00:00,long,72428.06,72272.56,SL,-1.6615,164.4876,2026-04
v2 RSI+Volume,2026-04-10 00:10:00+00:00,2026-04-10 01:35:00+00:00,long,71815.31,72332.38,TP,3.2898,167.7773,2026-04
v2 RSI+Volume,2026-04-10 10:35:00+00:00,2026-04-10 10:50:00+00:00,short,71748.48,71900.73,SL,-1.6778,166.0996,2026-04
v2 RSI+Volume,2026-04-10 12:40:00+00:00,2026-04-10 13:15:00+00:00,long,72367.26,72214.07,SL,-1.661,164.4386,2026-04
v2 RSI+Volume,2026-04-10 20:50:00+00:00,2026-04-10 21:15:00+00:00,long,73273.16,73104.71,SL,-1.6444,162.7942,2026-04
v2 RSI+Volume,2026-04-12 08:10:00+00:00,2026-04-12 12:50:00+00:00,short,71654.59,71210.23,TP,3.2559,166.0501,2026-04
v2 RSI+Volume,2026-04-12 14:50:00+00:00,2026-04-12 15:50:00+00:00,short,70784.45,70944.45,SL,-1.6605,164.3896,2026-04
v2 RSI+Volume,2026-04-12 21:45:00+00:00,2026-04-12 22:00:00+00:00,short,71271.26,70746.41,TP,3.2878,167.6774,2026-04
v2 RSI+Volume,2026-04-13 13:35:00+00:00,2026-04-13 13:45:00+00:00,short,70899.43,71337.41,SL,-1.6768,166.0006,2026-04
v2 RSI+Volume,2026-04-13 17:30:00+00:00,2026-04-13 17:50:00+00:00,long,72511.62,72169.97,SL,-1.66,164.3406,2026-04
v2 RSI+Volume,2026-04-14 12:35:00+00:00,2026-04-14 13:15:00+00:00,long,74355.46,74687.57,TP,3.2868,167.6274,2026-04
v2 RSI+Volume,2026-04-15 16:50:00+00:00,2026-04-15 17:00:00+00:00,short,73861.47,74083.71,SL,-1.6763,165.9511,2026-04
v2 RSI+Volume,2026-04-17 06:10:00+00:00,2026-04-17 07:05:00+00:00,long,74775.99,75111.9,TP,3.319,169.2701,2026-04
v2 RSI+Volume,2026-04-17 07:50:00+00:00,2026-04-17 08:30:00+00:00,long,75060.87,75378.75,TP,3.3854,172.6555,2026-04
v2 RSI+Volume,2026-04-18 23:35:00+00:00,2026-04-19 06:15:00+00:00,short,75735.36,75407.57,TP,3.4531,176.1086,2026-04
v2 RSI+Volume,2026-04-19 20:15:00+00:00,2026-04-19 20:30:00+00:00,short,74711.98,74900.47,SL,-1.7611,174.3476,2026-04
v2 RSI+Volume,2026-04-20 04:10:00+00:00,2026-04-20 05:20:00+00:00,short,74539.47,74181.04,TP,3.487,177.8345,2026-04
v2 RSI+Volume,2026-04-20 09:10:00+00:00,2026-04-20 10:10:00+00:00,long,75058.43,75373.39,TP,3.5567,181.3912,2026-04
v2 RSI+Volume,2026-04-20 15:25:00+00:00,2026-04-20 15:45:00+00:00,long,75747.39,75589.5,SL,-1.8139,179.5773,2026-04
v2 RSI+Volume,2026-04-21 10:20:00+00:00,2026-04-21 11:10:00+00:00,long,76598.55,76429.98,SL,-1.7958,177.7815,2026-04
v2 RSI+Volume,2026-04-22 13:10:00+00:00,2026-04-22 13:50:00+00:00,long,78405.64,78784.05,TP,3.5556,181.3371,2026-04
v2 RSI+Volume,2026-04-22 15:35:00+00:00,2026-04-22 16:20:00+00:00,long,79307.78,79032.47,SL,-1.8134,179.5238,2026-04
v2 RSI+Volume,2026-04-22 21:10:00+00:00,2026-04-22 23:20:00+00:00,long,78620.85,78335.76,SL,-1.7952,177.7285,2026-04
v2 RSI+Volume,2026-04-23 18:05:00+00:00,2026-04-23 18:55:00+00:00,long,77998.99,77739.09,SL,-1.7773,175.9513,2026-04
v2 RSI+Volume,2026-04-23 19:00:00+00:00,2026-04-23 19:15:00+00:00,short,77652.74,77853.4,SL,-1.7595,174.1917,2026-04
v2 RSI+Volume,2026-04-24 04:35:00+00:00,2026-04-24 05:45:00+00:00,short,77599.19,77805.01,SL,-1.7419,172.4498,2026-04
v2 RSI+Volume,2026-04-24 16:20:00+00:00,2026-04-24 18:15:00+00:00,short,77761.92,77437.53,TP,3.449,175.8988,2026-04
v2 RSI+Volume,2026-04-25 06:20:00+00:00,2026-04-25 08:30:00+00:00,short,77509.69,77672.0,SL,-1.759,174.1398,2026-04
v2 RSI+Volume,2026-04-25 19:35:00+00:00,2026-04-25 20:15:00+00:00,short,77243.42,77399.84,SL,-1.7414,172.3984,2026-04
v3 HTF Trend,2026-02-27 14:45:00+00:00,2026-02-27 15:05:00+00:00,short,65960.27,66176.52,SL,-1.0,99.0,2026-02
v3 HTF Trend,2026-02-28 22:20:00+00:00,2026-02-28 22:35:00+00:00,long,67077.66,67565.65,TP,1.98,100.98,2026-02
v3 HTF Trend,2026-03-03 18:25:00+00:00,2026-03-03 19:05:00+00:00,long,68566.45,68421.19,SL,-1.0098,99.9702,2026-03
v3 HTF Trend,2026-03-03 21:55:00+00:00,2026-03-03 22:00:00+00:00,long,68064.79,68502.47,TP,1.9994,101.9696,2026-03
v3 HTF Trend,2026-03-04 12:50:00+00:00,2026-03-04 13:05:00+00:00,long,71115.12,71594.09,TP,2.0394,104.009,2026-03
v3 HTF Trend,2026-03-04 18:50:00+00:00,2026-03-04 20:05:00+00:00,long,73695.27,73410.31,SL,-1.0401,102.9689,2026-03
v3 HTF Trend,2026-03-06 19:35:00+00:00,2026-03-06 20:25:00+00:00,short,68194.02,67815.21,TP,2.0594,105.0283,2026-03
v3 HTF Trend,2026-03-08 04:45:00+00:00,2026-03-08 05:15:00+00:00,short,66858.64,67018.45,SL,-1.0503,103.978,2026-03
v3 HTF Trend,2026-03-08 18:10:00+00:00,2026-03-08 19:15:00+00:00,short,66959.27,67166.68,SL,-1.0398,102.9382,2026-03
v3 HTF Trend,2026-03-10 00:15:00+00:00,2026-03-10 00:25:00+00:00,long,68624.25,68926.22,TP,2.0588,104.997,2026-03
v3 HTF Trend,2026-03-10 04:50:00+00:00,2026-03-10 05:00:00+00:00,long,69916.36,70201.22,TP,2.0999,107.0969,2026-03
v3 HTF Trend,2026-03-10 07:05:00+00:00,2026-03-10 08:05:00+00:00,long,70203.55,70914.66,TP,2.1419,109.2389,2026-03
v3 HTF Trend,2026-03-10 09:25:00+00:00,2026-03-10 09:45:00+00:00,long,71225.74,71015.66,SL,-1.0924,108.1465,2026-03
v3 HTF Trend,2026-03-15 02:00:00+00:00,2026-03-15 04:05:00+00:00,long,71263.25,71577.24,TP,2.1629,110.3094,2026-03
v3 HTF Trend,2026-03-15 04:10:00+00:00,2026-03-15 06:30:00+00:00,long,71618.88,71442.46,SL,-1.1031,109.2063,2026-03
v3 HTF Trend,2026-03-15 13:55:00+00:00,2026-03-15 14:35:00+00:00,long,71545.34,71397.16,SL,-1.0921,108.1142,2026-03
v3 HTF Trend,2026-03-15 22:35:00+00:00,2026-03-15 22:45:00+00:00,long,72190.77,72516.96,TP,2.1623,110.2765,2026-03
v3 HTF Trend,2026-03-16 12:25:00+00:00,2026-03-16 13:30:00+00:00,long,73783.45,74139.65,TP,2.2055,112.4821,2026-03
v3 HTF Trend,2026-03-19 02:55:00+00:00,2026-03-19 03:10:00+00:00,short,71050.74,71206.27,SL,-1.1248,111.3572,2026-03
v3 HTF Trend,2026-03-19 10:35:00+00:00,2026-03-19 11:50:00+00:00,short,70259.09,69975.83,TP,2.2271,113.5844,2026-03
v3 HTF Trend,2026-03-20 16:40:00+00:00,2026-03-20 17:55:00+00:00,short,69778.95,69953.97,SL,-1.1358,112.4485,2026-03
v3 HTF Trend,2026-03-21 21:10:00+00:00,2026-03-21 23:45:00+00:00,short,70364.41,69667.4,TP,2.249,114.6975,2026-03
v3 HTF Trend,2026-03-22 10:40:00+00:00,2026-03-22 11:45:00+00:00,short,68616.57,68285.59,TP,2.294,116.9915,2026-03
v3 HTF Trend,2026-03-22 13:40:00+00:00,2026-03-22 13:55:00+00:00,short,68583.57,68732.06,SL,-1.1699,115.8215,2026-03
v3 HTF Trend,2026-03-23 13:50:00+00:00,2026-03-23 14:05:00+00:00,long,71348.94,71696.08,TP,2.3164,118.138,2026-03
v3 HTF Trend,2026-03-23 16:45:00+00:00,2026-03-23 17:20:00+00:00,long,70680.66,70432.61,SL,-1.1814,116.9566,2026-03
v3 HTF Trend,2026-03-23 23:35:00+00:00,2026-03-24 01:10:00+00:00,long,70684.2,70537.52,SL,-1.1696,115.787,2026-03
v3 HTF Trend,2026-03-25 10:05:00+00:00,2026-03-25 11:20:00+00:00,long,71380.99,71684.23,TP,2.3157,118.1028,2026-03
v3 HTF Trend,2026-03-25 13:00:00+00:00,2026-03-25 13:20:00+00:00,long,71759.34,71613.16,SL,-1.181,116.9217,2026-03
v3 HTF Trend,2026-03-26 08:25:00+00:00,2026-03-26 08:55:00+00:00,short,69824.25,69978.73,SL,-1.1692,115.7525,2026-03
v3 HTF Trend,2026-03-26 09:30:00+00:00,2026-03-26 13:45:00+00:00,short,69518.16,69681.83,SL,-1.1575,114.595,2026-03
v3 HTF Trend,2026-03-26 17:50:00+00:00,2026-03-26 17:55:00+00:00,short,68735.6,68448.48,TP,2.2919,116.8869,2026-03
v3 HTF Trend,2026-03-29 19:45:00+00:00,2026-03-29 20:15:00+00:00,short,66360.59,66501.78,SL,-1.1689,115.718,2026-03
v3 HTF Trend,2026-04-01 00:55:00+00:00,2026-04-01 01:20:00+00:00,long,68230.67,68023.95,SL,-1.1572,114.5608,2026-04
v3 HTF Trend,2026-04-02 08:10:00+00:00,2026-04-02 09:00:00+00:00,short,66709.18,66353.02,TP,2.2912,116.8521,2026-04
v3 HTF Trend,2026-04-05 04:50:00+00:00,2026-04-05 06:05:00+00:00,short,67083.77,66791.02,TP,2.337,119.1891,2026-04
v3 HTF Trend,2026-04-05 20:25:00+00:00,2026-04-05 22:45:00+00:00,long,67456.49,68008.4,TP,2.3838,121.5729,2026-04
v3 HTF Trend,2026-04-06 04:45:00+00:00,2026-04-06 06:20:00+00:00,long,69150.73,69002.53,SL,-1.2157,120.3572,2026-04
v3 HTF Trend,2026-04-06 13:40:00+00:00,2026-04-06 14:05:00+00:00,long,69367.76,69211.2,SL,-1.2036,119.1536,2026-04
v3 HTF Trend,2026-04-06 14:15:00+00:00,2026-04-06 14:55:00+00:00,long,69372.76,69660.39,TP,2.3831,121.5367,2026-04
v3 HTF Trend,2026-04-07 19:45:00+00:00,2026-04-07 20:00:00+00:00,long,68885.13,69341.69,TP,2.4307,123.9674,2026-04
v3 HTF Trend,2026-04-08 08:15:00+00:00,2026-04-08 09:45:00+00:00,long,71762.02,71615.01,SL,-1.2397,122.7277,2026-04
v3 HTF Trend,2026-04-08 11:50:00+00:00,2026-04-08 12:55:00+00:00,long,71702.69,72078.86,TP,2.4546,125.1823,2026-04
v3 HTF Trend,2026-04-09 17:10:00+00:00,2026-04-09 17:25:00+00:00,long,72428.06,72272.56,SL,-1.2518,123.9305,2026-04
v3 HTF Trend,2026-04-10 00:10:00+00:00,2026-04-10 01:35:00+00:00,long,71815.31,72332.38,TP,2.4786,126.4091,2026-04
v3 HTF Trend,2026-04-10 20:50:00+00:00,2026-04-10 21:15:00+00:00,long,73273.16,73104.71,SL,-1.2641,125.145,2026-04
v3 HTF Trend,2026-04-12 14:50:00+00:00,2026-04-12 15:50:00+00:00,short,70784.45,70944.45,SL,-1.2514,123.8935,2026-04
v3 HTF Trend,2026-04-13 13:45:00+00:00,2026-04-13 14:20:00+00:00,long,71337.41,71630.35,TP,2.4779,126.3714,2026-04
v3 HTF Trend,2026-04-13 17:30:00+00:00,2026-04-13 17:50:00+00:00,long,72511.62,72169.97,SL,-1.2637,125.1077,2026-04
v3 HTF Trend,2026-04-20 09:10:00+00:00,2026-04-20 10:10:00+00:00,long,75058.43,75373.39,TP,2.5022,127.6098,2026-04
v3 HTF Trend,2026-04-20 15:25:00+00:00,2026-04-20 15:45:00+00:00,long,75747.39,75589.5,SL,-1.2761,126.3337,2026-04
v3 HTF Trend,2026-04-21 10:20:00+00:00,2026-04-21 11:10:00+00:00,long,76598.55,76429.98,SL,-1.2633,125.0704,2026-04
v3 HTF Trend,2026-04-22 13:10:00+00:00,2026-04-22 13:50:00+00:00,long,78405.64,78784.05,TP,2.5014,127.5718,2026-04
v3 HTF Trend,2026-04-22 15:35:00+00:00,2026-04-22 16:20:00+00:00,long,79307.78,79032.47,SL,-1.2757,126.2961,2026-04
v4 ATR-SL 3:1 RR,2026-02-27 14:45:00+00:00,2026-02-27 15:50:00+00:00,short,65960.27,66216.17,SL,-1.0,99.0,2026-02
v4 ATR-SL 3:1 RR,2026-02-28 22:20:00+00:00,2026-03-01 00:10:00+00:00,long,67077.66,66856.82,SL,-0.99,98.01,2026-02
v4 ATR-SL 3:1 RR,2026-03-03 18:25:00+00:00,2026-03-03 20:10:00+00:00,long,68566.45,68260.27,SL,-0.9801,97.0299,2026-03
v4 ATR-SL 3:1 RR,2026-03-03 21:55:00+00:00,2026-03-03 23:10:00+00:00,long,68064.79,68728.79,TP,2.9109,99.9408,2026-03
v4 ATR-SL 3:1 RR,2026-03-04 12:50:00+00:00,2026-03-04 14:10:00+00:00,long,71115.12,71685.09,TP,2.9982,102.939,2026-03
v4 ATR-SL 3:1 RR,2026-03-04 18:50:00+00:00,2026-03-04 20:05:00+00:00,long,73695.27,73410.31,SL,-1.0294,101.9096,2026-03
v4 ATR-SL 3:1 RR,2026-03-06 19:35:00+00:00,2026-03-06 22:40:00+00:00,short,68194.02,68390.22,SL,-1.0191,100.8905,2026-03
v4 ATR-SL 3:1 RR,2026-03-08 04:45:00+00:00,2026-03-08 05:10:00+00:00,short,66858.64,66943.3,SL,-1.0089,99.8816,2026-03
v4 ATR-SL 3:1 RR,2026-03-08 18:10:00+00:00,2026-03-08 19:15:00+00:00,short,66959.27,67166.68,SL,-0.9988,98.8828,2026-03
v4 ATR-SL 3:1 RR,2026-03-10 00:15:00+00:00,2026-03-10 00:30:00+00:00,long,68624.25,68948.26,TP,2.9665,101.8493,2026-03
v4 ATR-SL 3:1 RR,2026-03-10 04:50:00+00:00,2026-03-10 07:15:00+00:00,long,69916.36,70431.37,TP,3.0555,104.9048,2026-03
v4 ATR-SL 3:1 RR,2026-03-10 09:25:00+00:00,2026-03-10 09:45:00+00:00,long,71225.74,71015.66,SL,-1.049,103.8557,2026-03
v4 ATR-SL 3:1 RR,2026-03-15 02:00:00+00:00,2026-03-15 04:05:00+00:00,long,71263.25,71577.24,TP,3.1157,106.9714,2026-03
v4 ATR-SL 3:1 RR,2026-03-15 04:10:00+00:00,2026-03-15 04:40:00+00:00,long,71618.88,71509.8,SL,-1.0697,105.9017,2026-03
v4 ATR-SL 3:1 RR,2026-03-15 05:20:00+00:00,2026-03-15 05:50:00+00:00,long,71660.88,71517.54,SL,-1.059,104.8427,2026-03
v4 ATR-SL 3:1 RR,2026-03-15 13:55:00+00:00,2026-03-15 14:35:00+00:00,long,71545.34,71397.16,SL,-1.0484,103.7942,2026-03
v4 ATR-SL 3:1 RR,2026-03-15 22:35:00+00:00,2026-03-15 23:00:00+00:00,long,72190.77,72886.27,TP,3.1138,106.9081,2026-03
v4 ATR-SL 3:1 RR,2026-03-16 12:25:00+00:00,2026-03-16 13:30:00+00:00,long,73783.45,74139.65,TP,3.2072,110.1153,2026-03
v4 ATR-SL 3:1 RR,2026-03-19 02:55:00+00:00,2026-03-19 03:10:00+00:00,short,71050.74,71206.27,SL,-1.1012,109.0142,2026-03
v4 ATR-SL 3:1 RR,2026-03-19 10:35:00+00:00,2026-03-19 11:55:00+00:00,short,70259.09,69915.0,TP,3.2704,112.2846,2026-03
v4 ATR-SL 3:1 RR,2026-03-20 16:40:00+00:00,2026-03-20 18:00:00+00:00,short,69778.95,69977.21,SL,-1.1228,111.1617,2026-03
v4 ATR-SL 3:1 RR,2026-03-21 21:10:00+00:00,2026-03-21 23:25:00+00:00,short,70364.41,70134.42,TP,3.3349,114.4966,2026-03
v4 ATR-SL 3:1 RR,2026-03-22 10:40:00+00:00,2026-03-22 11:40:00+00:00,short,68616.57,68345.31,TP,3.4349,117.9315,2026-03
v4 ATR-SL 3:1 RR,2026-03-22 13:40:00+00:00,2026-03-22 13:55:00+00:00,short,68583.57,68732.06,SL,-1.1793,116.7522,2026-03
v4 ATR-SL 3:1 RR,2026-03-23 13:50:00+00:00,2026-03-23 15:25:00+00:00,long,71348.94,70920.84,SL,-1.1675,115.5847,2026-03
v4 ATR-SL 3:1 RR,2026-03-23 16:45:00+00:00,2026-03-24 04:30:00+00:00,long,70680.66,70343.0,SL,-1.1558,114.4288,2026-03
v4 ATR-SL 3:1 RR,2026-03-25 10:05:00+00:00,2026-03-25 11:20:00+00:00,long,71380.99,71684.23,TP,3.4329,117.8617,2026-03
v4 ATR-SL 3:1 RR,2026-03-25 13:00:00+00:00,2026-03-25 14:00:00+00:00,long,71759.34,71500.3,SL,-1.1786,116.6831,2026-03
v4 ATR-SL 3:1 RR,2026-03-26 08:25:00+00:00,2026-03-26 08:55:00+00:00,short,69824.25,69978.73,SL,-1.1668,115.5162,2026-03
v4 ATR-SL 3:1 RR,2026-03-26 09:30:00+00:00,2026-03-26 13:45:00+00:00,short,69518.16,69681.83,SL,-1.1552,114.3611,2026-03
v4 ATR-SL 3:1 RR,2026-03-26 17:50:00+00:00,2026-03-26 18:00:00+00:00,short,68735.6,68365.4,TP,3.4308,117.7919,2026-03
v4 ATR-SL 3:1 RR,2026-03-29 19:45:00+00:00,2026-03-29 20:05:00+00:00,short,66360.59,66425.31,SL,-1.1779,116.614,2026-03
v4 ATR-SL 3:1 RR,2026-04-01 00:55:00+00:00,2026-04-01 01:20:00+00:00,long,68230.67,68023.95,SL,-1.1661,115.4478,2026-04
v4 ATR-SL 3:1 RR,2026-04-02 08:10:00+00:00,2026-04-02 09:00:00+00:00,short,66709.18,66353.02,TP,3.4634,118.9113,2026-04
v4 ATR-SL 3:1 RR,2026-04-05 04:50:00+00:00,2026-04-05 05:50:00+00:00,short,67083.77,66966.85,TP,3.5673,122.4786,2026-04
v4 ATR-SL 3:1 RR,2026-04-05 20:25:00+00:00,2026-04-05 22:00:00+00:00,long,67456.49,67691.09,TP,3.6744,126.153,2026-04
v4 ATR-SL 3:1 RR,2026-04-05 22:45:00+00:00,2026-04-05 23:15:00+00:00,long,68008.4,68821.89,TP,3.7846,129.9376,2026-04
v4 ATR-SL 3:1 RR,2026-04-06 04:45:00+00:00,2026-04-06 06:20:00+00:00,long,69150.73,69002.53,SL,-1.2994,128.6382,2026-04
v4 ATR-SL 3:1 RR,2026-04-06 13:40:00+00:00,2026-04-06 14:05:00+00:00,long,69367.76,69211.2,SL,-1.2864,127.3518,2026-04
v4 ATR-SL 3:1 RR,2026-04-06 14:15:00+00:00,2026-04-06 15:45:00+00:00,long,69372.76,69835.41,TP,3.8206,131.1723,2026-04
v4 ATR-SL 3:1 RR,2026-04-07 19:45:00+00:00,2026-04-07 20:00:00+00:00,long,68885.13,69341.69,TP,3.9352,135.1075,2026-04
v4 ATR-SL 3:1 RR,2026-04-08 08:15:00+00:00,2026-04-08 08:40:00+00:00,long,71762.02,71661.44,SL,-1.3511,133.7564,2026-04
v4 ATR-SL 3:1 RR,2026-04-08 08:55:00+00:00,2026-04-08 09:40:00+00:00,long,71759.05,71636.37,SL,-1.3376,132.4189,2026-04
v4 ATR-SL 3:1 RR,2026-04-08 11:50:00+00:00,2026-04-08 12:55:00+00:00,long,71702.69,72078.86,TP,3.9726,136.3914,2026-04
v4 ATR-SL 3:1 RR,2026-04-09 17:10:00+00:00,2026-04-09 17:30:00+00:00,long,72428.06,72138.14,SL,-1.3639,135.0275,2026-04
v4 ATR-SL 3:1 RR,2026-04-10 00:10:00+00:00,2026-04-10 01:35:00+00:00,long,71815.31,72332.38,TP,4.0508,139.0784,2026-04
v4 ATR-SL 3:1 RR,2026-04-10 20:50:00+00:00,2026-04-10 21:15:00+00:00,long,73273.16,73104.71,SL,-1.3908,137.6876,2026-04
v4 ATR-SL 3:1 RR,2026-04-12 14:50:00+00:00,2026-04-12 15:40:00+00:00,short,70784.45,70897.93,SL,-1.3769,136.3107,2026-04
v4 ATR-SL 3:1 RR,2026-04-13 13:45:00+00:00,2026-04-13 14:45:00+00:00,long,71337.41,72044.55,TP,4.0893,140.4,2026-04
v4 ATR-SL 3:1 RR,2026-04-13 17:30:00+00:00,2026-04-13 17:50:00+00:00,long,72511.62,72169.97,SL,-1.404,138.996,2026-04
v4 ATR-SL 3:1 RR,2026-04-20 09:10:00+00:00,2026-04-20 15:25:00+00:00,long,75058.43,75747.39,TP,4.1699,143.1659,2026-04
v4 ATR-SL 3:1 RR,2026-04-21 10:20:00+00:00,2026-04-21 11:10:00+00:00,long,76598.55,76429.98,SL,-1.4317,141.7342,2026-04
v4 ATR-SL 3:1 RR,2026-04-22 13:10:00+00:00,2026-04-22 14:10:00+00:00,long,78405.64,79095.04,TP,4.252,145.9863,2026-04
v4 ATR-SL 3:1 RR,2026-04-22 15:35:00+00:00,2026-04-22 16:25:00+00:00,long,79307.78,78972.42,SL,-1.4599,144.5264,2026-04
v5 Best-of,2026-03-03 18:25:00+00:00,2026-03-03 19:05:00+00:00,long,68566.45,68421.19,SL,-1.0,99.0,2026-03
v5 Best-of,2026-03-04 12:50:00+00:00,2026-03-04 13:05:00+00:00,long,71115.12,71594.09,TP,2.475,101.475,2026-03
v5 Best-of,2026-03-04 18:50:00+00:00,2026-03-04 20:05:00+00:00,long,73695.27,73410.31,SL,-1.0148,100.4602,2026-03
v5 Best-of,2026-03-08 18:10:00+00:00,2026-03-08 19:15:00+00:00,short,66959.27,67166.68,SL,-1.0046,99.4556,2026-03
v5 Best-of,2026-03-10 07:05:00+00:00,2026-03-10 08:05:00+00:00,long,70203.55,70914.66,TP,2.4864,101.942,2026-03
v5 Best-of,2026-03-16 12:25:00+00:00,2026-03-16 13:35:00+00:00,long,73783.45,74261.07,TP,2.5486,104.4906,2026-03
v5 Best-of,2026-03-19 10:35:00+00:00,2026-03-19 12:00:00+00:00,short,70259.09,69877.57,TP,2.6123,107.1029,2026-03
v5 Best-of,2026-03-22 10:40:00+00:00,2026-03-22 11:50:00+00:00,short,68616.57,68252.08,TP,2.6776,109.7804,2026-03
v5 Best-of,2026-03-22 13:40:00+00:00,2026-03-22 13:55:00+00:00,short,68583.57,68732.06,SL,-1.0978,108.6826,2026-03
v5 Best-of,2026-03-23 16:45:00+00:00,2026-03-23 17:20:00+00:00,long,70680.66,70432.61,SL,-1.0868,107.5958,2026-03
v5 Best-of,2026-03-26 08:25:00+00:00,2026-03-26 08:55:00+00:00,short,69824.25,69978.73,SL,-1.076,106.5198,2026-03
v5 Best-of,2026-03-26 09:30:00+00:00,2026-03-26 13:45:00+00:00,short,69518.16,69681.83,SL,-1.0652,105.4546,2026-03
v5 Best-of,2026-03-29 19:45:00+00:00,2026-03-29 20:15:00+00:00,short,66360.59,66501.78,SL,-1.0545,104.4001,2026-03
v5 Best-of,2026-04-02 08:10:00+00:00,2026-04-02 09:00:00+00:00,short,66709.18,66353.02,TP,2.61,107.0101,2026-04
v5 Best-of,2026-04-06 13:40:00+00:00,2026-04-06 14:05:00+00:00,long,69367.76,69211.2,SL,-1.0701,105.94,2026-04
v5 Best-of,2026-04-06 14:15:00+00:00,2026-04-06 15:10:00+00:00,long,69372.76,69725.68,TP,2.6485,108.5885,2026-04
v5 Best-of,2026-04-07 19:45:00+00:00,2026-04-07 20:00:00+00:00,long,68885.13,69341.69,TP,2.7147,111.3032,2026-04
v5 Best-of,2026-04-08 08:55:00+00:00,2026-04-08 09:45:00+00:00,long,71759.05,71615.01,SL,-1.113,110.1902,2026-04
v5 Best-of,2026-04-08 11:50:00+00:00,2026-04-08 12:55:00+00:00,long,71702.69,72078.86,TP,2.7548,112.9449,2026-04
v5 Best-of,2026-04-13 17:30:00+00:00,2026-04-13 17:50:00+00:00,long,72511.62,72169.97,SL,-1.1294,111.8155,2026-04
v5 Best-of,2026-04-20 15:25:00+00:00,2026-04-20 15:45:00+00:00,long,75747.39,75589.5,SL,-1.1182,110.6973,2026-04
v5 Best-of,2026-04-21 10:20:00+00:00,2026-04-21 11:10:00+00:00,long,76598.55,76429.98,SL,-1.107,109.5904,2026-04
v5 Best-of,2026-04-22 15:35:00+00:00,2026-04-22 16:20:00+00:00,long,79307.78,79032.47,SL,-1.0959,108.4944,2026-04
