entry_time,exit_time,direction,entry,exit,result,pnl,capital,month
2024-06-23 01:00:00+00:00,2024-06-23 10:00:00+00:00,long,64458.25,64274.68,SL,-1.0,99.0,2024-06
2024-06-26 05:00:00+00:00,2024-06-26 09:00:00+00:00,short,61609.18,61358.5,TP,1.98,100.98,2024-06
2024-06-28 05:00:00+00:00,2024-06-28 07:00:00+00:00,short,61533.72,61283.99,TP,2.0196,102.9996,2024-06
2024-06-30 02:00:00+00:00,2024-06-30 06:00:00+00:00,short,60723.46,60897.42,SL,-1.03,101.9696,2024-06
2024-07-03 19:00:00+00:00,2024-07-03 21:00:00+00:00,short,59722.01,60236.74,SL,-1.0197,100.9499,2024-07
2024-07-04 01:00:00+00:00,2024-07-04 02:00:00+00:00,short,58633.15,58971.18,SL,-1.0095,99.9404,2024-07
2024-07-05 02:00:00+00:00,2024-07-05 03:00:00+00:00,short,55994.52,55213.27,TP,1.9988,101.9392,2024-07
2024-07-07 04:00:00+00:00,2024-07-07 07:00:00+00:00,short,57616.2,57360.07,TP,2.0388,103.978,2024-07
2024-07-08 16:00:00+00:00,2024-07-08 17:00:00+00:00,short,55790.89,56305.09,SL,-1.0398,102.9382,2024-07
2024-07-10 00:00:00+00:00,2024-07-10 01:00:00+00:00,short,57463.15,57776.16,SL,-1.0294,101.9088,2024-07
2024-07-10 03:00:00+00:00,2024-07-10 04:00:00+00:00,long,58140.62,59288.97,TP,2.0382,103.947,2024-07
2024-07-11 15:00:00+00:00,2024-07-11 16:00:00+00:00,short,57328.77,57647.1,SL,-1.0395,102.9075,2024-07
2024-07-13 22:00:00+00:00,2024-07-13 23:00:00+00:00,long,59444.52,59231.95,SL,-1.0291,101.8785,2024-07
2024-07-14 21:00:00+00:00,2024-07-14 22:00:00+00:00,long,61246.04,60895.91,SL,-1.0188,100.8597,2024-07
2024-07-15 22:00:00+00:00,2024-07-15 23:00:00+00:00,long,64381.21,64870.15,TP,2.0172,102.8769,2024-07
2024-07-16 16:00:00+00:00,2024-07-16 18:00:00+00:00,long,64466.7,64724.8,TP,2.0575,104.9344,2024-07
2024-07-18 05:00:00+00:00,2024-07-18 06:00:00+00:00,long,64761.0,65021.0,TP,2.0987,107.0331,2024-07
2024-07-19 03:00:00+00:00,2024-07-19 05:00:00+00:00,long,64294.06,64155.87,SL,-1.0703,105.9628,2024-07
2024-07-20 18:00:00+00:00,2024-07-20 19:00:00+00:00,long,67519.16,67271.13,SL,-1.0596,104.9031,2024-07
2024-07-21 16:00:00+00:00,2024-07-21 17:00:00+00:00,long,67538.43,66750.09,SL,-1.049,103.8541,2024-07
2024-07-21 20:00:00+00:00,2024-07-21 21:00:00+00:00,long,67753.34,68164.21,TP,2.0771,105.9312,2024-07
2024-07-22 19:00:00+00:00,2024-07-22 21:00:00+00:00,long,68237.15,67831.26,SL,-1.0593,104.8719,2024-07
2024-07-24 03:00:00+00:00,2024-07-24 04:00:00+00:00,long,66053.97,65885.06,SL,-1.0487,103.8232,2024-07
2024-07-27 13:00:00+00:00,2024-07-27 14:00:00+00:00,long,69264.29,68976.16,SL,-1.0382,102.7849,2024-07
2024-07-28 17:00:00+00:00,2024-07-28 23:00:00+00:00,long,67978.59,68255.87,TP,2.0557,104.8406,2024-07
2024-07-30 14:00:00+00:00,2024-07-30 15:00:00+00:00,short,65845.6,66244.62,SL,-1.0484,103.7922,2024-07
2024-07-30 17:00:00+00:00,2024-07-30 20:00:00+00:00,short,65834.38,66146.36,SL,-1.0379,102.7543,2024-07
2024-07-31 19:00:00+00:00,2024-07-31 20:00:00+00:00,short,65178.97,64564.26,TP,2.0551,104.8094,2024-07
2024-08-01 15:00:00+00:00,2024-08-01 17:00:00+00:00,short,63003.41,63148.13,SL,-1.0481,103.7613,2024-08
2024-08-02 14:00:00+00:00,2024-08-02 15:00:00+00:00,short,63206.57,63560.2,SL,-1.0376,102.7237,2024-08
2024-08-03 17:00:00+00:00,2024-08-03 18:00:00+00:00,short,60479.65,60212.78,TP,2.0545,104.7782,2024-08
2024-08-04 15:00:00+00:00,2024-08-04 16:00:00+00:00,short,58968.98,58633.63,TP,2.0956,106.8737,2024-08
2024-08-07 00:00:00+00:00,2024-08-07 01:00:00+00:00,short,56298.58,56962.38,SL,-1.0687,105.805,2024-08
2024-08-07 12:00:00+00:00,2024-08-07 13:00:00+00:00,short,57320.16,56792.41,TP,2.1161,107.9211,2024-08
2024-08-10 19:00:00+00:00,2024-08-11 08:00:00+00:00,long,61023.7,61297.02,TP,2.1584,110.0795,2024-08
2024-08-13 09:00:00+00:00,2024-08-13 10:00:00+00:00,short,58940.53,58695.71,TP,2.2016,112.2811,2024-08
2024-08-15 19:00:00+00:00,2024-08-15 20:00:00+00:00,short,57130.74,56386.16,TP,2.2456,114.5267,2024-08
2024-08-17 16:00:00+00:00,2024-08-17 17:00:00+00:00,long,59619.2,59471.57,SL,-1.1453,113.3815,2024-08
2024-08-18 02:00:00+00:00,2024-08-18 03:00:00+00:00,long,59980.6,59354.29,SL,-1.1338,112.2476,2024-08
2024-08-18 09:00:00+00:00,2024-08-18 17:00:00+00:00,long,59901.96,59514.06,SL,-1.1225,111.1252,2024-08
2024-08-21 06:00:00+00:00,2024-08-21 08:00:00+00:00,long,59617.84,59486.49,SL,-1.1113,110.0139,2024-08
2024-08-22 10:00:00+00:00,2024-08-22 12:00:00+00:00,long,61390.11,60880.0,SL,-1.1001,108.9138,2024-08
2024-08-23 05:00:00+00:00,2024-08-23 06:00:00+00:00,long,60860.94,61181.55,TP,2.1783,111.092,2024-08
2024-08-25 21:00:00+00:00,2024-08-26 00:00:00+00:00,long,64428.64,64145.18,SL,-1.1109,109.9811,2024-08
2024-08-29 19:00:00+00:00,2024-08-29 20:00:00+00:00,short,59216.84,59488.68,SL,-1.0998,108.8813,2024-08
2024-08-30 14:00:00+00:00,2024-08-30 15:00:00+00:00,short,58493.6,58034.65,TP,2.1776,111.0589,2024-08
2024-08-31 16:00:00+00:00,2024-08-31 21:00:00+00:00,short,58948.02,59077.53,SL,-1.1106,109.9484,2024-08
2024-09-01 01:00:00+00:00,2024-09-01 02:00:00+00:00,short,58836.39,58527.16,TP,2.199,112.1473,2024-09
2024-09-01 23:00:00+00:00,2024-09-02 02:00:00+00:00,short,57326.97,57515.2,SL,-1.1215,111.0258,2024-09
2024-09-03 06:00:00+00:00,2024-09-03 07:00:00+00:00,short,58889.18,59112.75,SL,-1.1103,109.9156,2024-09
2024-09-05 03:00:00+00:00,2024-09-05 04:00:00+00:00,short,57112.1,57226.98,SL,-1.0992,108.8164,2024-09
2024-09-06 08:00:00+00:00,2024-09-06 09:00:00+00:00,short,55758.52,55885.64,SL,-1.0882,107.7283,2024-09
2024-09-06 14:00:00+00:00,2024-09-06 15:00:00+00:00,short,54642.7,54016.63,TP,2.1546,109.8828,2024-09
2024-09-08 15:00:00+00:00,2024-09-08 16:00:00+00:00,short,53773.28,53921.46,SL,-1.0988,108.784,2024-09
2024-09-10 19:00:00+00:00,2024-09-10 20:00:00+00:00,long,58011.04,57611.32,SL,-1.0878,107.6962,2024-09
2024-09-11 17:00:00+00:00,2024-09-11 18:00:00+00:00,long,57676.71,57500.86,SL,-1.077,106.6192,2024-09
2024-09-12 19:00:00+00:00,2024-09-12 20:00:00+00:00,long,58387.03,58186.66,SL,-1.0662,105.553,2024-09
2024-09-13 14:00:00+00:00,2024-09-13 15:00:00+00:00,long,58404.34,59621.04,TP,2.1111,107.6641,2024-09
2024-09-16 11:00:00+00:00,2024-09-16 13:00:00+00:00,long,58656.89,58434.58,SL,-1.0766,106.5874,2024-09
2024-09-18 21:00:00+00:00,2024-09-18 22:00:00+00:00,long,60244.17,60678.52,TP,2.1317,108.7192,2024-09
2024-09-21 12:00:00+00:00,2024-09-22 02:00:00+00:00,long,63156.23,62964.22,SL,-1.0872,107.632,2024-09
2024-09-22 17:00:00+00:00,2024-09-22 21:00:00+00:00,long,63101.66,62836.52,SL,-1.0763,106.5557,2024-09
2024-09-24 07:00:00+00:00,2024-09-24 08:00:00+00:00,long,63548.34,63914.63,TP,2.1311,108.6868,2024-09
2024-09-24 17:00:00+00:00,2024-09-24 19:00:00+00:00,long,63813.25,64284.72,TP,2.1737,110.8605,2024-09
2024-09-26 04:00:00+00:00,2024-09-26 06:00:00+00:00,long,63410.44,63706.07,TP,2.2172,113.0777,2024-09
2024-09-27 08:00:00+00:00,2024-09-27 10:00:00+00:00,long,65749.81,65531.6,SL,-1.1308,111.947,2024-09
2024-09-27 14:00:00+00:00,2024-09-27 15:00:00+00:00,long,66297.29,66046.87,SL,-1.1195,110.8275,2024-09
2024-09-29 01:00:00+00:00,2024-09-29 05:00:00+00:00,long,65870.41,65607.12,SL,-1.1083,109.7192,2024-09
2024-09-29 13:00:00+00:00,2024-09-29 22:00:00+00:00,long,65820.81,65680.5,SL,-1.0972,108.622,2024-09
2024-10-01 14:00:00+00:00,2024-10-01 17:00:00+00:00,short,62581.77,62178.11,TP,2.1724,110.7945,2024-10
2024-10-02 23:00:00+00:00,2024-10-03 00:00:00+00:00,short,60632.48,60968.18,SL,-1.1079,109.6865,2024-10
2024-10-03 12:00:00+00:00,2024-10-03 14:00:00+00:00,short,60546.41,60230.44,TP,2.1937,111.8802,2024-10
2024-10-05 01:00:00+00:00,2024-10-05 06:00:00+00:00,short,62068.4,62221.65,SL,-1.1188,110.7614,2024-10
2024-10-07 16:00:00+00:00,2024-10-07 18:00:00+00:00,long,63827.0,62906.81,SL,-1.1076,109.6538,2024-10
2024-10-08 13:00:00+00:00,2024-10-08 14:00:00+00:00,long,62939.54,62667.39,SL,-1.0965,108.5573,2024-10
2024-10-08 17:00:00+00:00,2024-10-09 05:00:00+00:00,short,62305.38,62471.62,SL,-1.0856,107.4717,2024-10
2024-10-09 12:00:00+00:00,2024-10-09 15:00:00+00:00,short,61766.31,62278.22,SL,-1.0747,106.397,2024-10
2024-10-10 17:00:00+00:00,2024-10-10 19:00:00+00:00,short,59506.82,59659.27,SL,-1.064,105.333,2024-10
2024-10-13 21:00:00+00:00,2024-10-14 00:00:00+00:00,long,62863.58,62507.39,SL,-1.0533,104.2797,2024-10
2024-10-15 13:00:00+00:00,2024-10-15 14:00:00+00:00,long,67642.27,65376.84,SL,-1.0428,103.2369,2024-10
2024-10-15 16:00:00+00:00,2024-10-15 20:00:00+00:00,long,66903.72,66555.62,SL,-1.0324,102.2045,2024-10
2024-10-16 11:00:00+00:00,2024-10-16 12:00:00+00:00,long,68030.05,67822.09,SL,-1.022,101.1825,2024-10
2024-10-17 23:00:00+00:00,2024-10-18 00:00:00+00:00,long,67419.11,67204.7,SL,-1.0118,100.1707,2024-10
2024-10-18 13:00:00+00:00,2024-10-18 14:00:00+00:00,long,68120.23,68415.6,TP,2.0034,102.1741,2024-10
2024-10-19 23:00:00+00:00,2024-10-20 01:00:00+00:00,long,68362.73,68150.84,SL,-1.0217,101.1523,2024-10
2024-10-20 06:00:00+00:00,2024-10-20 20:00:00+00:00,long,68366.63,68855.81,TP,2.023,103.1754,2024-10
2024-10-22 04:00:00+00:00,2024-10-22 08:00:00+00:00,long,67442.89,66899.04,SL,-1.0318,102.1436,2024-10
2024-10-22 09:00:00+00:00,2024-10-22 10:00:00+00:00,short,66888.5,67150.91,SL,-1.0214,101.1222,2024-10
2024-10-22 11:00:00+00:00,2024-10-22 12:00:00+00:00,long,67263.09,66967.36,SL,-1.0112,100.111,2024-10
2024-10-22 14:00:00+00:00,2024-10-22 15:00:00+00:00,long,67539.9,67274.59,SL,-1.0011,99.1099,2024-10
2024-10-23 03:00:00+00:00,2024-10-23 08:00:00+00:00,short,67024.8,66442.09,TP,1.9822,101.0921,2024-10
2024-10-25 13:00:00+00:00,2024-10-25 15:00:00+00:00,long,68353.66,67655.43,SL,-1.0109,100.0811,2024-10
2024-10-28 07:00:00+00:00,2024-10-28 11:00:00+00:00,long,68343.05,68669.5,TP,2.0016,102.0828,2024-10
2024-10-29 13:00:00+00:00,2024-10-29 15:00:00+00:00,long,71699.09,72382.26,TP,2.0417,104.1244,2024-10
2024-11-01 20:00:00+00:00,2024-11-01 22:00:00+00:00,short,69190.09,69395.84,SL,-1.0412,103.0832,2024-11
2024-11-03 00:00:00+00:00,2024-11-03 02:00:00+00:00,short,69171.57,68144.21,TP,2.0617,105.1448,2024-11
2024-11-04 09:00:00+00:00,2024-11-04 10:00:00+00:00,short,68552.9,68799.52,SL,-1.0514,104.0934,2024-11
2024-11-04 14:00:00+00:00,2024-11-04 15:00:00+00:00,short,68279.77,68648.66,SL,-1.0409,103.0524,2024-11
2024-11-06 00:00:00+00:00,2024-11-06 02:00:00+00:00,long,71174.87,73187.18,TP,2.061,105.1135,2024-11
2024-11-06 19:00:00+00:00,2024-11-06 20:00:00+00:00,long,75856.94,76287.87,TP,2.1023,107.2158,2024-11
2024-11-07 17:00:00+00:00,2024-11-07 21:00:00+00:00,long,76416.41,75953.73,SL,-1.0722,106.1436,2024-11
2024-11-08 18:00:00+00:00,2024-11-08 20:00:00+00:00,long,76855.35,76637.36,SL,-1.0614,105.0822,2024-11
2024-11-09 23:00:00+00:00,2024-11-10 02:00:00+00:00,long,76778.87,77106.86,TP,2.1016,107.1838,2024-11
2024-11-11 01:00:00+00:00,2024-11-11 03:00:00+00:00,long,81242.62,81728.21,TP,2.1437,109.3275,2024-11
2024-11-11 11:00:00+00:00,2024-11-11 13:00:00+00:00,long,82235.57,81910.9,SL,-1.0933,108.2342,2024-11
2024-11-13 13:00:00+00:00,2024-11-13 14:00:00+00:00,long,89200.83,91753.94,TP,2.1647,110.3989,2024-11
2024-11-14 11:00:00+00:00,2024-11-14 12:00:00+00:00,long,91576.55,91312.67,SL,-1.104,109.2949,2024-11
2024-11-15 09:00:00+00:00,2024-11-15 11:00:00+00:00,long,89225.28,89735.94,TP,2.1859,111.4808,2024-11
2024-11-17 09:00:00+00:00,2024-11-17 10:00:00+00:00,long,91311.23,91041.99,SL,-1.1148,110.366,2024-11
2024-11-18 01:00:00+00:00,2024-11-18 02:00:00+00:00,long,90840.91,90526.91,SL,-1.1037,109.2623,2024-11
2024-11-18 15:00:00+00:00,2024-11-18 16:00:00+00:00,long,92421.39,91503.26,SL,-1.0926,108.1697,2024-11
2024-11-18 21:00:00+00:00,2024-11-18 23:00:00+00:00,long,91277.83,90536.81,SL,-1.0817,107.088,2024-11
2024-11-19 03:00:00+00:00,2024-11-19 06:00:00+00:00,long,91485.16,92012.33,TP,2.1418,109.2298,2024-11
2024-11-20 08:00:00+00:00,2024-11-20 12:00:00+00:00,long,93264.22,93723.13,TP,2.1846,111.4144,2024-11
2024-11-21 00:00:00+00:00,2024-11-21 02:00:00+00:00,long,94799.37,94457.55,SL,-1.1141,110.3002,2024-11
2024-11-21 03:00:00+00:00,2024-11-21 04:00:00+00:00,long,95867.97,97537.25,TP,2.206,112.5062,2024-11
2024-11-24 02:00:00+00:00,2024-11-24 03:00:00+00:00,long,98508.22,98245.76,SL,-1.1251,111.3812,2024-11
2024-11-24 22:00:00+00:00,2024-11-25 01:00:00+00:00,long,98020.02,97319.92,SL,-1.1138,110.2674,2024-11
2024-11-26 08:00:00+00:00,2024-11-26 09:00:00+00:00,short,93018.12,93600.04,SL,-1.1027,109.1647,2024-11
2024-11-26 20:00:00+00:00,2024-11-26 21:00:00+00:00,short,91222.76,91726.8,SL,-1.0916,108.073,2024-11
2024-11-29 01:00:00+00:00,2024-11-29 02:00:00+00:00,long,95957.34,96761.92,TP,2.1615,110.2345,2024-11
2024-11-30 18:00:00+00:00,2024-11-30 22:00:00+00:00,long,97039.33,96491.3,SL,-1.1023,109.1322,2024-11
2024-12-01 08:00:00+00:00,2024-12-01 10:00:00+00:00,long,97098.91,96860.44,SL,-1.0913,108.0408,2024-12
2024-12-02 15:00:00+00:00,2024-12-02 16:00:00+00:00,long,97200.32,96286.32,SL,-1.0804,106.9604,2024-12
2024-12-02 17:00:00+00:00,2024-12-02 18:00:00+00:00,short,94644.83,95722.48,SL,-1.0696,105.8908,2024-12
2024-12-02 21:00:00+00:00,2024-12-02 23:00:00+00:00,short,95508.45,95851.27,SL,-1.0589,104.8319,2024-12
2024-12-03 09:00:00+00:00,2024-12-03 10:00:00+00:00,short,95264.63,94784.2,TP,2.0966,106.9286,2024-12
2024-12-04 13:00:00+00:00,2024-12-04 14:00:00+00:00,short,95746.69,96093.7,SL,-1.0693,105.8593,2024-12
2024-12-04 19:00:00+00:00,2024-12-04 20:00:00+00:00,long,97306.42,98956.72,TP,2.1172,107.9765,2024-12
2024-12-06 13:00:00+00:00,2024-12-06 14:00:00+00:00,long,98708.97,99509.25,TP,2.1595,110.136,2024-12
2024-12-07 18:00:00+00:00,2024-12-07 21:00:00+00:00,long,100199.09,99984.52,SL,-1.1014,109.0346,2024-12
2024-12-08 13:00:00+00:00,2024-12-08 14:00:00+00:00,long,100499.56,99849.83,SL,-1.0903,107.9443,2024-12
2024-12-09 14:00:00+00:00,2024-12-09 15:00:00+00:00,long,100322.45,97894.14,SL,-1.0794,106.8648,2024-12
2024-12-10 02:00:00+00:00,2024-12-10 06:00:00+00:00,short,96904.15,97448.77,SL,-1.0686,105.7962,2024-12
2024-12-10 15:00:00+00:00,2024-12-10 16:00:00+00:00,short,95689.05,96407.02,SL,-1.058,104.7382,2024-12
2024-12-13 10:00:00+00:00,2024-12-13 12:00:00+00:00,long,100528.28,100237.36,SL,-1.0474,103.6908,2024-12
2024-12-15 01:00:00+00:00,2024-12-15 02:00:00+00:00,long,102096.84,101820.16,SL,-1.0369,102.6539,2024-12
2024-12-16 15:00:00+00:00,2024-12-16 16:00:00+00:00,long,106309.84,106910.18,TP,2.0531,104.707,2024-12
2024-12-17 09:00:00+00:00,2024-12-17 11:00:00+00:00,long,107257.2,106873.12,SL,-1.0471,103.6599,2024-12
2024-12-17 14:00:00+00:00,2024-12-17 15:00:00+00:00,long,108240.09,106493.29,SL,-1.0366,102.6233,2024-12
2024-12-18 13:00:00+00:00,2024-12-18 14:00:00+00:00,long,104617.97,103974.03,SL,-1.0262,101.5971,2024-12
2024-12-18 15:00:00+00:00,2024-12-18 16:00:00+00:00,long,104429.94,104087.02,SL,-1.016,100.5811,2024-12
2024-12-19 17:00:00+00:00,2024-12-19 19:00:00+00:00,short,98771.2,97021.62,TP,2.0116,102.5928,2024-12
2024-12-20 08:00:00+00:00,2024-12-20 09:00:00+00:00,short,95282.3,94781.2,TP,2.0519,104.6446,2024-12
2024-12-21 13:00:00+00:00,2024-12-21 17:00:00+00:00,short,97395.73,97606.64,SL,-1.0464,103.5982,2024-12
2024-12-22 14:00:00+00:00,2024-12-22 18:00:00+00:00,short,95392.3,95957.12,SL,-1.036,102.5622,2024-12
2024-12-23 14:00:00+00:00,2024-12-23 15:00:00+00:00,short,94145.84,93052.27,TP,2.0512,104.6134,2024-12
2024-12-27 15:00:00+00:00,2024-12-27 16:00:00+00:00,short,94421.14,94008.12,TP,2.0923,106.7057,2024-12
2024-12-29 12:00:00+00:00,2024-12-29 16:00:00+00:00,short,94773.74,93723.65,TP,2.1341,108.8398,2024-12
2024-12-30 13:00:00+00:00,2024-12-30 14:00:00+00:00,short,92457.23,91863.74,TP,2.1768,111.0166,2024-12
2024-12-30 23:00:00+00:00,2024-12-31 00:00:00+00:00,short,92642.41,92269.56,TP,2.2203,113.2369,2024-12
2024-12-31 20:00:00+00:00,2024-12-31 21:00:00+00:00,short,93337.49,93746.24,SL,-1.1324,112.1046,2024-12
2025-01-03 16:00:00+00:00,2025-01-03 18:00:00+00:00,long,97813.88,98460.97,TP,2.2421,114.3467,2025-01
2025-01-04 20:00:00+00:00,2025-01-04 21:00:00+00:00,long,98584.47,98341.53,SL,-1.1435,113.2032,2025-01
2025-01-05 20:00:00+00:00,2025-01-05 22:00:00+00:00,long,98235.41,98661.17,TP,2.2641,115.4673,2025-01
2025-01-06 13:00:00+00:00,2025-01-06 14:00:00+00:00,long,99478.17,100921.55,TP,2.3093,117.7766,2025-01
2025-01-08 12:00:00+00:00,2025-01-08 13:00:00+00:00,short,94857.25,95385.06,SL,-1.1778,116.5988,2025-01
2025-01-08 17:00:00+00:00,2025-01-08 18:00:00+00:00,short,93927.95,94212.68,SL,-1.166,115.4329,2025-01
2025-01-09 08:00:00+00:00,2025-01-09 09:00:00+00:00,short,92945.71,93497.99,SL,-1.1543,114.2785,2025-01
2025-01-09 13:00:00+00:00,2025-01-09 14:00:00+00:00,short,92103.41,92699.45,SL,-1.1428,113.1357,2025-01
2025-01-09 20:00:00+00:00,2025-01-09 22:00:00+00:00,short,92116.29,92600.29,SL,-1.1314,112.0044,2025-01
2025-01-10 16:00:00+00:00,2025-01-10 17:00:00+00:00,short,93699.99,95742.3,SL,-1.12,110.8843,2025-01
2025-01-11 00:00:00+00:00,2025-01-11 03:00:00+00:00,short,94566.56,94167.42,TP,2.2177,113.102,2025-01
2025-01-12 06:00:00+00:00,2025-01-12 09:00:00+00:00,short,94363.84,93860.25,TP,2.262,115.3641,2025-01
2025-01-12 21:00:00+00:00,2025-01-12 22:00:00+00:00,short,94294.03,93840.34,TP,2.3073,117.6713,2025-01
2025-01-13 01:00:00+00:00,2025-01-13 04:00:00+00:00,short,94184.2,94495.4,SL,-1.1767,116.4946,2025-01
2025-01-15 13:00:00+00:00,2025-01-15 14:00:00+00:00,long,98893.39,99493.66,TP,2.3299,118.8245,2025-01
2025-01-16 19:00:00+00:00,2025-01-16 21:00:00+00:00,long,100412.47,100133.76,SL,-1.1882,117.6363,2025-01
2025-01-19 02:00:00+00:00,2025-01-19 06:00:00+00:00,long,104780.17,105367.3,TP,2.3527,119.989,2025-01
2025-01-19 19:00:00+00:00,2025-01-19 21:00:00+00:00,long,105955.2,103580.72,SL,-1.1999,118.7891,2025-01
2025-01-20 06:00:00+00:00,2025-01-20 08:00:00+00:00,long,107157.21,108181.09,TP,2.3758,121.1649,2025-01
2025-01-21 10:00:00+00:00,2025-01-21 11:00:00+00:00,long,103060.05,103665.42,TP,2.4233,123.5882,2025-01
2025-01-23 14:00:00+00:00,2025-01-23 17:00:00+00:00,long,104813.5,105912.91,TP,2.4718,126.06,2025-01
2025-01-24 04:00:00+00:00,2025-01-24 05:00:00+00:00,long,104653.6,105206.69,TP,2.5212,128.5812,2025-01
2025-01-25 15:00:00+00:00,2025-01-25 16:00:00+00:00,long,104913.48,104629.88,SL,-1.2858,127.2954,2025-01
2025-01-26 03:00:00+00:00,2025-01-26 09:00:00+00:00,long,104995.91,104611.77,SL,-1.273,126.0224,2025-01
2025-01-26 15:00:00+00:00,2025-01-26 21:00:00+00:00,long,104976.48,104713.56,SL,-1.2602,124.7622,2025-01
2025-01-28 16:00:00+00:00,2025-01-28 17:00:00+00:00,short,102229.97,102669.59,SL,-1.2476,123.5146,2025-01
2025-01-29 13:00:00+00:00,2025-01-29 14:00:00+00:00,short,101741.51,102004.39,SL,-1.2351,122.2794,2025-01
2025-01-29 18:00:00+00:00,2025-01-29 19:00:00+00:00,long,102956.61,103615.12,TP,2.4456,124.725,2025-01
2025-01-31 15:00:00+00:00,2025-01-31 16:00:00+00:00,long,105502.82,105050.84,SL,-1.2472,123.4777,2025-01
2025-01-31 18:00:00+00:00,2025-01-31 20:00:00+00:00,short,102670.09,101603.88,TP,2.4696,125.9473,2025-01
2025-02-01 22:00:00+00:00,2025-02-02 00:00:00+00:00,short,100604.02,101240.39,SL,-1.2595,124.6878,2025-02
2025-02-04 05:00:00+00:00,2025-02-04 06:00:00+00:00,short,99007.7,99426.48,SL,-1.2469,123.4409,2025-02
2025-02-05 18:00:00+00:00,2025-02-05 19:00:00+00:00,short,96674.14,97390.77,SL,-1.2344,122.2065,2025-02
2025-02-06 16:00:00+00:00,2025-02-06 17:00:00+00:00,short,96486.61,96834.62,SL,-1.2221,120.9845,2025-02
2025-02-07 19:00:00+00:00,2025-02-07 20:00:00+00:00,short,96981.55,95800.64,TP,2.4197,123.4042,2025-02
2025-02-09 12:00:00+00:00,2025-02-09 13:00:00+00:00,short,96526.67,95922.47,TP,2.4681,125.8722,2025-02
2025-02-10 01:00:00+00:00,2025-02-10 02:00:00+00:00,short,95521.49,95813.84,SL,-1.2587,124.6135,2025-02
2025-02-10 18:00:00+00:00,2025-02-11 00:00:00+00:00,short,97506.82,97843.37,SL,-1.2461,123.3674,2025-02
2025-02-11 01:00:00+00:00,2025-02-11 02:00:00+00:00,long,98063.08,97788.66,SL,-1.2337,122.1337,2025-02
2025-02-11 03:00:00+00:00,2025-02-11 04:00:00+00:00,short,97622.28,98095.43,SL,-1.2213,120.9124,2025-02
2025-02-13 05:00:00+00:00,2025-02-13 06:00:00+00:00,short,96679.18,95980.69,TP,2.4182,123.3306,2025-02
2025-02-14 22:00:00+00:00,2025-02-14 23:00:00+00:00,short,97098.17,97503.71,SL,-1.2333,122.0973,2025-02
2025-02-15 02:00:00+00:00,2025-02-15 04:00:00+00:00,long,97839.38,97509.3,SL,-1.221,120.8763,2025-02
2025-02-17 16:00:00+00:00,2025-02-17 20:00:00+00:00,short,95394.64,96026.6,SL,-1.2088,119.6676,2025-02
2025-02-18 06:00:00+00:00,2025-02-18 09:00:00+00:00,short,95306.87,95702.38,SL,-1.1967,118.4709,2025-02
2025-02-18 16:00:00+00:00,2025-02-18 17:00:00+00:00,short,94643.4,94095.66,TP,2.3694,120.8403,2025-02
2025-02-20 17:00:00+00:00,2025-02-20 19:00:00+00:00,long,98005.62,98443.16,TP,2.4168,123.2571,2025-02
2025-02-21 13:00:00+00:00,2025-02-21 14:00:00+00:00,long,99392.0,98839.72,SL,-1.2326,122.0246,2025-02
2025-02-23 05:00:00+00:00,2025-02-23 07:00:00+00:00,short,96239.49,96557.98,SL,-1.2202,120.8043,2025-02
2025-02-23 09:00:00+00:00,2025-02-23 12:00:00+00:00,short,96320.22,95727.05,TP,2.4161,123.2204,2025-02
2025-02-24 04:00:00+00:00,2025-02-24 05:00:00+00:00,short,95288.12,95730.82,SL,-1.2322,121.9882,2025-02
2025-02-24 14:00:00+00:00,2025-02-24 15:00:00+00:00,short,94637.49,94246.83,TP,2.4398,124.428,2025-02
2025-02-26 15:00:00+00:00,2025-02-26 16:00:00+00:00,short,87413.84,86805.04,TP,2.4886,126.9165,2025-02
2025-02-27 17:00:00+00:00,2025-02-27 18:00:00+00:00,short,84459.46,84702.92,SL,-1.2692,125.6474,2025-02
2025-03-01 11:00:00+00:00,2025-03-01 16:00:00+00:00,short,84591.55,85178.41,SL,-1.2565,124.3909,2025-03
2025-03-02 03:00:00+00:00,2025-03-02 06:00:00+00:00,short,85876.81,86237.95,SL,-1.2439,123.147,2025-03
2025-03-02 16:00:00+00:00,2025-03-02 17:00:00+00:00,long,91515.85,94013.33,TP,2.4629,125.6099,2025-03
2025-03-07 09:00:00+00:00,2025-03-07 14:00:00+00:00,long,88965.38,90461.63,TP,2.5122,128.1221,2025-03
2025-03-07 17:00:00+00:00,2025-03-07 18:00:00+00:00,short,87475.84,88522.32,SL,-1.2812,126.8409,2025-03
2025-03-09 09:00:00+00:00,2025-03-09 10:00:00+00:00,short,85505.16,84854.59,TP,2.5368,129.3777,2025-03
2025-03-10 15:00:00+00:00,2025-03-10 16:00:00+00:00,short,80071.05,79143.33,TP,2.5876,131.9653,2025-03
2025-03-12 04:00:00+00:00,2025-03-12 05:00:00+00:00,short,81761.1,81972.27,SL,-1.3197,130.6456,2025-03
2025-03-12 14:00:00+00:00,2025-03-12 16:00:00+00:00,short,81583.14,82039.33,SL,-1.3065,129.3392,2025-03
2025-03-13 05:00:00+00:00,2025-03-13 09:00:00+00:00,short,83152.88,83399.92,SL,-1.2934,128.0458,2025-03
2025-03-17 14:00:00+00:00,2025-03-17 15:00:00+00:00,short,82930.12,83540.58,SL,-1.2805,126.7653,2025-03
2025-03-18 01:00:00+00:00,2025-03-18 02:00:00+00:00,short,83083.73,83445.5,SL,-1.2677,125.4977,2025-03
2025-03-22 14:00:00+00:00,2025-03-22 17:00:00+00:00,short,84001.36,84248.77,SL,-1.255,124.2427,2025-03
2025-03-22 18:00:00+00:00,2025-03-22 20:00:00+00:00,long,84255.74,84009.47,SL,-1.2424,123.0002,2025-03
2025-03-23 02:00:00+00:00,2025-03-23 11:00:00+00:00,long,84237.62,84657.63,TP,2.46,125.4603,2025-03
2025-03-25 14:00:00+00:00,2025-03-25 22:00:00+00:00,long,87945.42,87545.06,SL,-1.2546,124.2056,2025-03
2025-03-26 07:00:00+00:00,2025-03-26 08:00:00+00:00,long,88172.16,87957.48,SL,-1.2421,122.9636,2025-03
2025-03-27 00:00:00+00:00,2025-03-27 03:00:00+00:00,long,87254.89,87692.8,TP,2.4593,125.4229,2025-03
2025-03-27 19:00:00+00:00,2025-03-27 21:00:00+00:00,long,87150.84,87500.79,TP,2.5085,127.9313,2025-03
2025-03-29 10:00:00+00:00,2025-03-29 11:00:00+00:00,short,82790.01,82248.49,TP,2.5586,130.4899,2025-03
2025-03-30 16:00:00+00:00,2025-03-30 18:00:00+00:00,short,82263.73,82689.59,SL,-1.3049,129.185,2025-03
2025-03-31 09:00:00+00:00,2025-03-31 10:00:00+00:00,short,81478.21,82128.25,SL,-1.2918,127.8932,2025-03
2025-03-31 22:00:00+00:00,2025-03-31 23:00:00+00:00,short,82376.84,82551.92,SL,-1.2789,126.6143,2025-03
2025-04-02 14:00:00+00:00,2025-04-02 15:00:00+00:00,long,85882.12,86824.47,TP,2.5323,129.1466,2025-04
2025-04-04 14:00:00+00:00,2025-04-04 15:00:00+00:00,short,82576.74,82845.37,SL,-1.2915,127.8551,2025-04
2025-04-05 03:00:00+00:00,2025-04-05 09:00:00+00:00,short,83630.87,83812.39,SL,-1.2786,126.5765,2025-04
2025-04-06 08:00:00+00:00,2025-04-06 12:00:00+00:00,short,82990.66,82651.03,TP,2.5315,129.1081,2025-04
2025-04-08 10:00:00+00:00,2025-04-08 11:00:00+00:00,short,78961.68,79869.57,SL,-1.2911,127.817,2025-04
2025-04-08 14:00:00+00:00,2025-04-08 16:00:00+00:00,short,78530.48,77427.8,TP,2.5563,130.3733,2025-04
2025-04-12 14:00:00+00:00,2025-04-12 16:00:00+00:00,long,84888.98,84637.59,SL,-1.3037,129.0696,2025-04
2025-04-14 02:00:00+00:00,2025-04-14 03:00:00+00:00,long,85077.82,84494.98,SL,-1.2907,127.7789,2025-04
2025-04-14 18:00:00+00:00,2025-04-14 21:00:00+00:00,long,84941.09,84709.93,SL,-1.2778,126.5011,2025-04
2025-04-15 02:00:00+00:00,2025-04-15 04:00:00+00:00,long,85110.5,85473.65,TP,2.53,129.0311,2025-04
2025-04-16 10:00:00+00:00,2025-04-16 12:00:00+00:00,long,83942.9,83770.18,SL,-1.2903,127.7408,2025-04
2025-04-17 16:00:00+00:00,2025-04-17 22:00:00+00:00,long,84929.88,84750.12,SL,-1.2774,126.4634,2025-04
2025-04-19 02:00:00+00:00,2025-04-19 07:00:00+00:00,long,84750.42,85202.8,TP,2.5293,128.9927,2025-04
2025-04-20 19:00:00+00:00,2025-04-20 20:00:00+00:00,long,84644.2,85047.11,TP,2.5799,131.5725,2025-04
2025-04-21 14:00:00+00:00,2025-04-21 16:00:00+00:00,long,88168.6,87082.06,SL,-1.3157,130.2568,2025-04
2025-04-22 02:00:00+00:00,2025-04-22 09:00:00+00:00,long,88144.66,88511.13,TP,2.6051,132.8619,2025-04
2025-04-24 15:00:00+00:00,2025-04-24 17:00:00+00:00,long,93279.38,93019.11,SL,-1.3286,131.5333,2025-04
2025-04-25 07:00:00+00:00,2025-04-25 11:00:00+00:00,long,93797.21,94618.3,TP,2.6307,134.164,2025-04
2025-04-26 22:00:00+00:00,2025-04-27 01:00:00+00:00,long,94702.54,94179.91,SL,-1.3416,132.8223,2025-04
2025-04-27 18:00:00+00:00,2025-04-27 22:00:00+00:00,long,94317.48,93987.5,SL,-1.3282,131.4941,2025-04
2025-04-28 05:00:00+00:00,2025-04-28 07:00:00+00:00,long,94260.28,94730.0,TP,2.6299,134.124,2025-04
2025-04-28 22:00:00+00:00,2025-04-29 04:00:00+00:00,long,94852.49,94361.67,SL,-1.3412,132.7828,2025-04
2025-04-29 07:00:00+00:00,2025-04-29 18:00:00+00:00,long,94963.58,95433.96,TP,2.6557,135.4384,2025-04
2025-04-30 10:00:00+00:00,2025-04-30 12:00:00+00:00,long,94950.91,94641.78,SL,-1.3544,134.084,2025-04
2025-04-30 21:00:00+00:00,2025-04-30 22:00:00+00:00,long,94419.12,94120.55,SL,-1.3408,132.7432,2025-04
2025-05-02 14:00:00+00:00,2025-05-02 15:00:00+00:00,long,97788.73,97394.17,SL,-1.3274,131.4158,2025-05
2025-05-03 19:00:00+00:00,2025-05-03 23:00:00+00:00,long,96383.2,95877.19,SL,-1.3142,130.1016,2025-05
2025-05-04 19:00:00+00:00,2025-05-04 22:00:00+00:00,long,95571.0,95021.29,SL,-1.301,128.8006,2025-05
2025-05-04 23:00:00+00:00,2025-05-05 00:00:00+00:00,short,94319.56,94733.76,SL,-1.288,127.5126,2025-05
2025-05-05 11:00:00+00:00,2025-05-05 12:00:00+00:00,short,94098.95,94336.34,SL,-1.2751,126.2375,2025-05
2025-05-05 13:00:00+00:00,2025-05-05 15:00:00+00:00,short,94121.01,93708.77,TP,2.5248,128.7622,2025-05
2025-05-06 10:00:00+00:00,2025-05-06 14:00:00+00:00,short,93908.15,94158.7,SL,-1.2876,127.4746,2025-05
2025-05-08 01:00:00+00:00,2025-05-08 02:00:00+00:00,long,97800.93,98683.12,TP,2.5495,130.0241,2025-05
2025-05-08 15:00:00+00:00,2025-05-08 16:00:00+00:00,long,100842.92,101323.05,TP,2.6005,132.6246,2025-05
2025-05-10 23:00:00+00:00,2025-05-11 00:00:00+00:00,long,104701.07,104408.38,SL,-1.3262,131.2983,2025-05
2025-05-11 10:00:00+00:00,2025-05-11 13:00:00+00:00,long,104535.66,104085.58,SL,-1.313,129.9853,2025-05
2025-05-12 08:00:00+00:00,2025-05-12 11:00:00+00:00,long,104622.99,103752.06,SL,-1.2999,128.6855,2025-05
2025-05-13 05:00:00+00:00,2025-05-13 09:00:00+00:00,long,102453.66,103485.58,TP,2.5737,131.2592,2025-05
2025-05-15 00:00:00+00:00,2025-05-15 01:00:00+00:00,long,103806.55,103062.69,SL,-1.3126,129.9466,2025-05
2025-05-15 15:00:00+00:00,2025-05-15 16:00:00+00:00,long,103227.48,103783.05,TP,2.5989,132.5455,2025-05
2025-05-16 16:00:00+00:00,2025-05-16 17:00:00+00:00,long,104216.53,103865.8,SL,-1.3255,131.2201,2025-05
2025-05-17 19:00:00+00:00,2025-05-18 05:00:00+00:00,long,103207.41,103651.66,TP,2.6244,133.8445,2025-05
2025-05-18 22:00:00+00:00,2025-05-18 23:00:00+00:00,long,105810.62,106430.53,TP,2.6769,136.5214,2025-05
2025-05-19 15:00:00+00:00,2025-05-19 16:00:00+00:00,long,104832.32,105357.73,TP,2.7304,139.2518,2025-05
2025-05-20 19:00:00+00:00,2025-05-20 21:00:00+00:00,long,107051.09,106693.29,SL,-1.3925,137.8593,2025-05
2025-05-21 14:00:00+00:00,2025-05-21 17:00:00+00:00,long,108884.99,106395.48,SL,-1.3786,136.4807,2025-05
2025-05-21 19:00:00+00:00,2025-05-21 20:00:00+00:00,long,108799.63,108218.23,SL,-1.3648,135.1159,2025-05
2025-05-24 05:00:00+00:00,2025-05-24 06:00:00+00:00,long,108240.66,107935.04,SL,-1.3512,133.7647,2025-05
2025-05-25 17:00:00+00:00,2025-05-25 22:00:00+00:00,long,107387.1,109163.23,TP,2.6753,136.44,2025-05
2025-05-27 08:00:00+00:00,2025-05-27 14:00:00+00:00,long,109658.47,109330.87,SL,-1.3644,135.0756,2025-05
2025-05-29 00:00:00+00:00,2025-05-29 04:00:00+00:00,long,108141.16,107603.85,SL,-1.3508,133.7249,2025-05
2025-05-29 15:00:00+00:00,2025-05-29 17:00:00+00:00,short,107053.93,106313.73,TP,2.6745,136.3994,2025-05
2025-05-30 07:00:00+00:00,2025-05-30 08:00:00+00:00,short,104966.64,105268.59,SL,-1.364,135.0354,2025-05
2025-05-30 16:00:00+00:00,2025-05-30 17:00:00+00:00,short,103865.62,104148.86,SL,-1.3504,133.685,2025-05
2025-06-01 08:00:00+00:00,2025-06-01 09:00:00+00:00,short,104344.25,103858.09,TP,2.6737,136.3587,2025-06
2025-06-02 04:00:00+00:00,2025-06-02 06:00:00+00:00,short,104771.95,105193.91,SL,-1.3636,134.9951,2025-06
2025-06-03 07:00:00+00:00,2025-06-03 13:00:00+00:00,short,105230.41,105571.84,SL,-1.35,133.6452,2025-06
2025-06-03 14:00:00+00:00,2025-06-03 16:00:00+00:00,long,106613.22,105881.91,SL,-1.3365,132.3087,2025-06
2025-06-03 21:00:00+00:00,2025-06-03 22:00:00+00:00,short,105429.82,105804.94,SL,-1.3231,130.9856,2025-06
2025-06-05 06:00:00+00:00,2025-06-05 09:00:00+00:00,short,104497.16,104954.74,SL,-1.3099,129.6758,2025-06
2025-06-05 16:00:00+00:00,2025-06-05 19:00:00+00:00,short,103426.6,102017.56,TP,2.5935,132.2693,2025-06
2025-06-07 09:00:00+00:00,2025-06-07 10:00:00+00:00,short,104909.7,105208.94,SL,-1.3227,130.9466,2025-06
2025-06-07 12:00:00+00:00,2025-06-08 09:00:00+00:00,long,105501.48,105231.43,SL,-1.3095,129.6371,2025-06
2025-06-08 15:00:00+00:00,2025-06-08 22:00:00+00:00,long,106040.95,105820.59,SL,-1.2964,128.3408,2025-06
2025-06-09 09:00:00+00:00,2025-06-09 10:00:00+00:00,long,106713.3,107242.89,TP,2.5668,130.9076,2025-06
2025-06-10 23:00:00+00:00,2025-06-11 00:00:00+00:00,long,110261.8,109818.02,SL,-1.3091,129.5985,2025-06
2025-06-12 16:00:00+00:00,2025-06-12 17:00:00+00:00,long,107686.27,108291.41,TP,2.592,132.1905,2025-06
2025-06-12 20:00:00+00:00,2025-06-13 00:00:00+00:00,short,105933.05,103938.21,TP,2.6438,134.8343,2025-06
2025-06-14 09:00:00+00:00,2025-06-14 11:00:00+00:00,short,104919.87,105146.56,SL,-1.3483,133.4859,2025-06
2025-06-15 09:00:00+00:00,2025-06-15 12:00:00+00:00,short,104975.2,105298.88,SL,-1.3349,132.1511,2025-06
2025-06-15 20:00:00+00:00,2025-06-15 22:00:00+00:00,short,104704.67,105290.23,SL,-1.3215,130.8296,2025-06
2025-06-18 18:00:00+00:00,2025-06-18 19:00:00+00:00,short,103684.2,103935.15,SL,-1.3083,129.5213,2025-06
2025-06-19 13:00:00+00:00,2025-06-19 22:00:00+00:00,short,104343.12,104641.88,SL,-1.2952,128.2261,2025-06
2025-06-20 14:00:00+00:00,2025-06-20 17:00:00+00:00,short,104069.02,103201.91,TP,2.5645,130.7906,2025-06
2025-06-21 18:00:00+00:00,2025-06-21 19:00:00+00:00,short,102703.76,102276.65,TP,2.6158,133.4064,2025-06
2025-06-22 13:00:00+00:00,2025-06-22 14:00:00+00:00,short,100866.98,99529.51,TP,2.6681,136.0745,2025-06
2025-06-23 16:00:00+00:00,2025-06-23 17:00:00+00:00,short,100346.18,102472.11,SL,-1.3607,134.7138,2025-06
2025-06-25 12:00:00+00:00,2025-06-25 13:00:00+00:00,long,107250.2,108018.98,TP,2.6943,137.4081,2025-06
2025-06-27 04:00:00+00:00,2025-06-27 05:00:00+00:00,long,107567.5,107335.38,SL,-1.3741,136.034,2025-06
2025-06-27 16:00:00+00:00,2025-06-27 17:00:00+00:00,long,107545.24,106878.52,SL,-1.3603,134.6736,2025-06
2025-06-27 20:00:00+00:00,2025-06-29 08:00:00+00:00,long,107134.33,107708.45,TP,2.6935,137.3671,2025-06
2025-06-29 23:00:00+00:00,2025-06-30 06:00:00+00:00,long,108388.98,107625.3,SL,-1.3737,135.9934,2025-06
2025-07-03 10:00:00+00:00,2025-07-03 11:00:00+00:00,long,109873.1,109649.38,SL,-1.3599,134.6335,2025-07
2025-07-03 13:00:00+00:00,2025-07-03 14:00:00+00:00,long,110462.32,109764.96,SL,-1.3463,133.2872,2025-07
2025-07-04 23:00:00+00:00,2025-07-06 13:00:00+00:00,long,108015.84,108894.35,TP,2.6657,135.9529,2025-07
2025-07-08 05:00:00+00:00,2025-07-08 10:00:00+00:00,long,108212.98,108840.91,TP,2.7191,138.672,2025-07
2025-07-09 11:00:00+00:00,2025-07-09 18:00:00+00:00,long,109083.7,109545.45,TP,2.7734,141.4454,2025-07
2025-07-10 16:00:00+00:00,2025-07-10 17:00:00+00:00,long,112700.91,113822.91,TP,2.8289,144.2743,2025-07
2025-07-13 04:00:00+00:00,2025-07-13 12:00:00+00:00,long,117917.75,118472.89,TP,2.8855,147.1598,2025-07
2025-07-15 17:00:00+00:00,2025-07-15 18:00:00+00:00,long,117387.28,116792.7,SL,-1.4716,145.6882,2025-07
2025-07-17 15:00:00+00:00,2025-07-17 16:00:00+00:00,long,118933.63,118513.14,SL,-1.4569,144.2313,2025-07
2025-07-19 02:00:00+00:00,2025-07-19 14:00:00+00:00,long,118279.17,117744.02,SL,-1.4423,142.789,2025-07
2025-07-19 19:00:00+00:00,2025-07-19 20:00:00+00:00,long,118064.98,117802.3,SL,-1.4279,141.3611,2025-07
2025-07-19 23:00:00+00:00,2025-07-20 14:00:00+00:00,long,117944.11,118497.39,TP,2.8272,144.1883,2025-07
2025-07-21 04:00:00+00:00,2025-07-21 06:00:00+00:00,long,118381.07,119205.52,TP,2.8838,147.0721,2025-07
2025-07-22 06:00:00+00:00,2025-07-22 08:00:00+00:00,long,117827.48,118308.35,TP,2.9414,150.0135,2025-07
2025-07-23 22:00:00+00:00,2025-07-24 01:00:00+00:00,long,118618.52,119168.2,TP,3.0003,153.0138,2025-07
2025-07-24 05:00:00+00:00,2025-07-24 07:00:00+00:00,short,117632.69,118509.77,SL,-1.5301,151.4837,2025-07
2025-07-24 08:00:00+00:00,2025-07-24 09:00:00+00:00,long,118825.03,118539.09,SL,-1.5148,149.9688,2025-07
2025-07-25 14:00:00+00:00,2025-07-25 15:00:00+00:00,short,114983.98,115787.05,SL,-1.4997,148.4692,2025-07
2025-07-27 15:00:00+00:00,2025-07-27 17:00:00+00:00,long,118623.58,119217.05,TP,2.9694,151.4385,2025-07
2025-07-28 05:00:00+00:00,2025-07-28 07:00:00+00:00,long,119613.8,118903.45,SL,-1.5144,149.9242,2025-07
2025-07-29 03:00:00+00:00,2025-07-29 04:00:00+00:00,long,118799.25,118542.38,SL,-1.4992,148.4249,2025-07
2025-07-29 14:00:00+00:00,2025-07-30 03:00:00+00:00,short,117777.81,118159.71,SL,-1.4842,146.9407,2025-07
2025-07-30 13:00:00+00:00,2025-07-30 14:00:00+00:00,short,117754.99,118643.82,SL,-1.4694,145.4713,2025-07
2025-07-30 17:00:00+00:00,2025-07-30 18:00:00+00:00,short,117803.62,116576.95,TP,2.9094,148.3807,2025-07
2025-07-31 00:00:00+00:00,2025-07-31 01:00:00+00:00,long,118399.4,118023.96,SL,-1.4838,146.8969,2025-07
2025-07-31 14:00:00+00:00,2025-07-31 15:00:00+00:00,short,117908.41,118289.88,SL,-1.469,145.4279,2025-07
2025-08-01 13:00:00+00:00,2025-08-01 14:00:00+00:00,short,114269.52,115570.24,SL,-1.4543,143.9736,2025-08
2025-08-01 18:00:00+00:00,2025-08-01 19:00:00+00:00,short,113764.37,113271.97,TP,2.8795,146.8531,2025-08
2025-08-02 17:00:00+00:00,2025-08-02 21:00:00+00:00,short,112677.6,113002.64,SL,-1.4685,145.3846,2025-08
2025-08-04 05:00:00+00:00,2025-08-04 07:00:00+00:00,short,114388.09,114708.15,SL,-1.4538,143.9307,2025-08
2025-08-04 20:00:00+00:00,2025-08-04 21:00:00+00:00,short,114857.45,115161.56,SL,-1.4393,142.4914,2025-08
2025-08-05 00:00:00+00:00,2025-08-05 03:00:00+00:00,short,114874.77,114257.12,TP,2.8498,145.3412,2025-08
2025-08-07 01:00:00+00:00,2025-08-07 08:00:00+00:00,short,114724.81,115032.9,SL,-1.4534,143.8878,2025-08
2025-08-07 10:00:00+00:00,2025-08-07 19:00:00+00:00,long,116368.92,117494.3,TP,2.8778,146.7656,2025-08
2025-08-09 08:00:00+00:00,2025-08-09 15:00:00+00:00,long,117120.3,116853.06,SL,-1.4677,145.2979,2025-08
2025-08-10 02:00:00+00:00,2025-08-10 03:00:00+00:00,long,117329.96,118426.72,TP,2.906,148.2039,2025-08
2025-08-10 23:00:00+00:00,2025-08-11 01:00:00+00:00,long,119306.81,119812.77,TP,2.9641,151.168,2025-08
2025-08-12 12:00:00+00:00,2025-08-12 13:00:00+00:00,long,119225.61,118814.62,SL,-1.5117,149.6563,2025-08
2025-08-13 08:00:00+00:00,2025-08-13 10:00:00+00:00,long,119980.55,120477.11,TP,2.9931,152.6494,2025-08
2025-08-15 01:00:00+00:00,2025-08-15 13:00:00+00:00,long,118805.94,117857.65,SL,-1.5265,151.1229,2025-08
2025-08-15 14:00:00+00:00,2025-08-15 17:00:00+00:00,short,117435.57,117678.01,SL,-1.5112,149.6117,2025-08
2025-08-17 00:00:00+00:00,2025-08-17 02:00:00+00:00,short,117360.66,117626.62,SL,-1.4961,148.1156,2025-08
2025-08-17 16:00:00+00:00,2025-08-18 00:00:00+00:00,short,117884.31,117303.66,TP,2.9623,151.0779,2025-08
2025-08-19 03:00:00+00:00,2025-08-19 04:00:00+00:00,short,114947.2,115400.82,SL,-1.5108,149.5671,2025-08
2025-08-19 14:00:00+00:00,2025-08-19 16:00:00+00:00,short,113937.98,113372.85,TP,2.9913,152.5584,2025-08
2025-08-21 06:00:00+00:00,2025-08-21 10:00:00+00:00,short,113827.7,113275.07,TP,3.0512,155.6096,2025-08
2025-08-22 12:00:00+00:00,2025-08-22 14:00:00+00:00,short,112285.31,115893.4,SL,-1.5561,154.0535,2025-08
2025-08-25 20:00:00+00:00,2025-08-25 21:00:00+00:00,short,109806.35,110165.22,SL,-1.5405,152.513,2025-08
2025-08-27 07:00:00+00:00,2025-08-27 10:00:00+00:00,short,110675.12,111003.09,SL,-1.5251,150.9879,2025-08
2025-08-27 22:00:00+00:00,2025-08-28 01:00:00+00:00,short,111426.27,111656.32,SL,-1.5099,149.478,2025-08
2025-08-28 15:00:00+00:00,2025-08-28 19:00:00+00:00,short,112651.32,111929.84,TP,2.9896,152.4675,2025-08
2025-08-30 01:00:00+00:00,2025-08-30 03:00:00+00:00,short,107690.41,108411.42,SL,-1.5247,150.9429,2025-08
2025-08-31 09:00:00+00:00,2025-08-31 15:00:00+00:00,short,108484.97,108792.77,SL,-1.5094,149.4334,2025-08
2025-08-31 23:00:00+00:00,2025-09-01 02:00:00+00:00,short,108228.75,107628.61,TP,2.9887,152.4221,2025-09
2025-09-01 21:00:00+00:00,2025-09-01 22:00:00+00:00,short,107759.48,108466.66,SL,-1.5242,150.8979,2025-09
2025-09-02 12:00:00+00:00,2025-09-02 13:00:00+00:00,short,108794.31,111127.95,SL,-1.509,149.3889,2025-09
2025-09-03 14:00:00+00:00,2025-09-03 16:00:00+00:00,long,112325.36,111872.14,SL,-1.4939,147.895,2025-09
2025-09-05 15:00:00+00:00,2025-09-05 18:00:00+00:00,short,110702.49,111199.73,SL,-1.4789,146.4161,2025-09
2025-09-06 13:00:00+00:00,2025-09-06 15:00:00+00:00,long,110917.98,110488.42,SL,-1.4642,144.9519,2025-09
2025-09-08 00:00:00+00:00,2025-09-08 02:00:00+00:00,short,110840.54,111204.99,SL,-1.4495,143.5024,2025-09
2025-09-08 08:00:00+00:00,2025-09-08 14:00:00+00:00,long,111624.12,112607.9,TP,2.87,146.3724,2025-09
2025-09-09 06:00:00+00:00,2025-09-09 10:00:00+00:00,long,113026.9,112717.66,SL,-1.4637,144.9087,2025-09
2025-09-10 05:00:00+00:00,2025-09-10 07:00:00+00:00,long,111554.62,112519.71,TP,2.8982,147.8069,2025-09
2025-09-11 03:00:00+00:00,2025-09-11 04:00:00+00:00,long,114413.35,114142.4,SL,-1.4781,146.3288,2025-09
2025-09-11 22:00:00+00:00,2025-09-12 00:00:00+00:00,long,115180.27,115954.19,TP,2.9266,149.2554,2025-09
2025-09-12 18:00:00+00:00,2025-09-12 20:00:00+00:00,long,116507.12,116246.88,SL,-1.4926,147.7628,2025-09
2025-09-14 09:00:00+00:00,2025-09-14 11:00:00+00:00,long,116103.07,115822.6,SL,-1.4776,146.2852,2025-09
2025-09-14 21:00:00+00:00,2025-09-14 23:00:00+00:00,long,116003.97,115399.63,SL,-1.4629,144.8223,2025-09
2025-09-15 04:00:00+00:00,2025-09-15 05:00:00+00:00,long,116072.3,116538.56,TP,2.8964,147.7188,2025-09
2025-09-15 19:00:00+00:00,2025-09-16 00:00:00+00:00,long,115306.96,115068.56,SL,-1.4772,146.2416,2025-09
2025-09-16 15:00:00+00:00,2025-09-16 17:00:00+00:00,long,115817.63,116555.5,TP,2.9248,149.1664,2025-09
2025-09-17 05:00:00+00:00,2025-09-17 08:00:00+00:00,long,117205.9,116902.22,SL,-1.4917,147.6748,2025-09
2025-09-17 23:00:00+00:00,2025-09-18 02:00:00+00:00,long,116461.27,117002.39,TP,2.9535,150.6283,2025-09
2025-09-20 01:00:00+00:00,2025-09-21 16:00:00+00:00,long,115738.84,115329.73,SL,-1.5063,149.122,2025-09
2025-09-23 18:00:00+00:00,2025-09-23 21:00:00+00:00,short,111830.7,112178.93,SL,-1.4912,147.6308,2025-09
2025-09-24 03:00:00+00:00,2025-09-24 04:00:00+00:00,short,111758.49,112163.61,SL,-1.4763,146.1545,2025-09
2025-09-25 00:00:00+00:00,2025-09-25 03:00:00+00:00,short,113096.49,112568.77,TP,2.9231,149.0776,2025-09
2025-09-28 12:00:00+00:00,2025-09-28 13:00:00+00:00,short,109365.74,109671.02,SL,-1.4908,147.5868,2025-09
2025-09-29 13:00:00+00:00,2025-09-29 14:00:00+00:00,long,113375.45,114174.57,TP,2.9517,150.5385,2025-09
2025-09-30 20:00:00+00:00,2025-09-30 21:00:00+00:00,long,114633.03,114218.12,SL,-1.5054,149.0331,2025-09
2025-10-02 18:00:00+00:00,2025-10-02 21:00:00+00:00,long,120618.38,120259.87,SL,-1.4903,147.5428,2025-10
2025-10-03 15:00:00+00:00,2025-10-03 16:00:00+00:00,long,122234.08,122793.15,TP,2.9509,150.4937,2025-10
2025-10-05 02:00:00+00:00,2025-10-05 04:00:00+00:00,long,124008.9,125223.93,TP,3.0099,153.5035,2025-10
2025-10-06 01:00:00+00:00,2025-10-06 04:00:00+00:00,long,124084.8,123663.52,SL,-1.535,151.9685,2025-10
2025-10-08 02:00:00+00:00,2025-10-08 03:00:00+00:00,long,122105.84,121418.91,SL,-1.5197,150.4488,2025-10
2025-10-08 04:00:00+00:00,2025-10-08 05:00:00+00:00,long,121929.62,121324.93,SL,-1.5045,148.9443,2025-10
2025-10-09 12:00:00+00:00,2025-10-09 13:00:00+00:00,long,123620.73,122504.72,SL,-1.4894,147.4549,2025-10
2025-10-09 22:00:00+00:00,2025-10-10 02:00:00+00:00,long,121739.1,121118.52,SL,-1.4745,145.9803,2025-10
2025-10-10 15:00:00+00:00,2025-10-10 16:00:00+00:00,short,119072.3,118343.83,TP,2.9196,148.8999,2025-10
2025-10-13 09:00:00+00:00,2025-10-13 11:00:00+00:00,short,115220.48,114382.32,TP,2.978,151.8779,2025-10
2025-10-13 23:00:00+00:00,2025-10-14 01:00:00+00:00,short,115264.88,114383.43,TP,3.0376,154.9155,2025-10
2025-10-15 11:00:00+00:00,2025-10-15 13:00:00+00:00,short,111992.09,111505.16,TP,3.0983,158.0138,2025-10
2025-10-16 15:00:00+00:00,2025-10-16 16:00:00+00:00,short,108513.43,109117.18,SL,-1.5801,156.4337,2025-10
2025-10-17 06:00:00+00:00,2025-10-17 07:00:00+00:00,short,106829.08,105566.02,TP,3.1287,159.5623,2025-10
2025-10-19 06:00:00+00:00,2025-10-19 09:00:00+00:00,short,106794.05,107507.37,SL,-1.5956,157.9667,2025-10
2025-10-20 00:00:00+00:00,2025-10-20 02:00:00+00:00,short,108078.09,108810.67,SL,-1.5797,156.387,2025-10
2025-10-21 14:00:00+00:00,2025-10-21 15:00:00+00:00,long,112040.72,113351.04,TP,3.1277,159.5148,2025-10
2025-10-21 23:00:00+00:00,2025-10-22 09:00:00+00:00,short,108491.53,108006.62,TP,3.1903,162.7051,2025-10
2025-10-22 20:00:00+00:00,2025-10-22 21:00:00+00:00,short,107658.94,107200.1,TP,3.2541,165.9592,2025-10
2025-10-24 00:00:00+00:00,2025-10-24 04:00:00+00:00,long,110572.97,111240.52,TP,3.3192,169.2784,2025-10
2025-10-25 04:00:00+00:00,2025-10-25 08:00:00+00:00,long,111298.0,111785.33,TP,3.3856,172.6639,2025-10
2025-10-26 09:00:00+00:00,2025-10-26 11:00:00+00:00,long,112464.7,113275.23,TP,3.4533,176.1172,2025-10
2025-10-28 17:00:00+00:00,2025-10-28 18:00:00+00:00,long,115325.68,114936.52,SL,-1.7612,174.356,2025-10
2025-10-29 07:00:00+00:00,2025-10-29 08:00:00+00:00,long,113547.7,113060.8,SL,-1.7436,172.6125,2025-10
2025-10-29 15:00:00+00:00,2025-10-29 17:00:00+00:00,short,111546.14,111786.97,SL,-1.7261,170.8864,2025-10
2025-10-30 12:00:00+00:00,2025-10-30 13:00:00+00:00,short,108398.95,107788.16,TP,3.4177,174.3041,2025-10
2025-10-31 18:00:00+00:00,2025-10-31 19:00:00+00:00,short,109316.32,109818.27,SL,-1.743,172.561,2025-10
2025-11-01 13:00:00+00:00,2025-11-01 15:00:00+00:00,short,109898.79,110195.84,SL,-1.7256,170.8354,2025-11
2025-11-01 21:00:00+00:00,2025-11-02 04:00:00+00:00,short,109900.54,110612.01,SL,-1.7084,169.1271,2025-11
2025-11-02 14:00:00+00:00,2025-11-02 22:00:00+00:00,short,110398.48,109798.47,TP,3.3825,172.5096,2025-11
2025-11-03 15:00:00+00:00,2025-11-03 16:00:00+00:00,short,105821.2,106717.33,SL,-1.7251,170.7845,2025-11
2025-11-03 20:00:00+00:00,2025-11-03 21:00:00+00:00,short,106418.59,106819.19,SL,-1.7078,169.0767,2025-11
2025-11-03 22:00:00+00:00,2025-11-04 01:00:00+00:00,short,106352.45,107041.56,SL,-1.6908,167.3859,2025-11
2025-11-04 05:00:00+00:00,2025-11-04 06:00:00+00:00,short,104219.15,104629.31,SL,-1.6739,165.7121,2025-11
2025-11-06 05:00:00+00:00,2025-11-06 06:00:00+00:00,short,103109.1,103317.16,SL,-1.6571,164.0549,2025-11
2025-11-07 10:00:00+00:00,2025-11-07 12:00:00+00:00,short,100705.59,99586.62,TP,3.2811,167.336,2025-11
2025-11-08 05:00:00+00:00,2025-11-08 10:00:00+00:00,short,102293.16,102504.72,SL,-1.6734,165.6627,2025-11
2025-11-09 00:00:00+00:00,2025-11-09 01:00:00+00:00,short,101766.98,102041.68,SL,-1.6566,164.006,2025-11
2025-11-12 16:00:00+00:00,2025-11-12 17:00:00+00:00,short,101450.79,101761.62,SL,-1.6401,162.366,2025-11
2025-11-13 15:00:00+00:00,2025-11-13 16:00:00+00:00,short,101301.2,100566.23,TP,3.2473,165.6133,2025-11
2025-11-14 20:00:00+00:00,2025-11-14 21:00:00+00:00,short,94260.02,95006.02,SL,-1.6561,163.9572,2025-11
2025-11-14 23:00:00+00:00,2025-11-15 00:00:00+00:00,short,94420.47,95022.54,SL,-1.6396,162.3176,2025-11
2025-11-16 01:00:00+00:00,2025-11-16 02:00:00+00:00,short,95327.69,95843.08,SL,-1.6232,160.6944,2025-11
2025-11-16 14:00:00+00:00,2025-11-16 15:00:00+00:00,short,95503.12,94386.38,TP,3.2139,163.9083,2025-11
2025-11-17 13:00:00+00:00,2025-11-17 14:00:00+00:00,short,93843.51,94625.88,SL,-1.6391,162.2692,2025-11
2025-11-19 04:00:00+00:00,2025-11-19 05:00:00+00:00,short,91425.17,90238.94,TP,3.2454,165.5146,2025-11
2025-11-20 13:00:00+00:00,2025-11-20 14:00:00+00:00,short,91567.33,90997.05,TP,3.3103,168.8249,2025-11
2025-11-24 00:00:00+00:00,2025-11-24 01:00:00+00:00,short,86694.13,87013.02,SL,-1.6882,167.1367,2025-11
2025-11-25 03:00:00+00:00,2025-11-25 04:00:00+00:00,short,87734.02,88335.02,SL,-1.6714,165.4653,2025-11
2025-11-26 09:00:00+00:00,2025-11-26 11:00:00+00:00,short,86783.98,87031.16,SL,-1.6547,163.8106,2025-11
2025-11-28 13:00:00+00:00,2025-11-28 16:00:00+00:00,long,92297.05,90971.75,SL,-1.6381,162.1725,2025-11
2025-11-30 08:00:00+00:00,2025-11-30 13:00:00+00:00,long,91234.66,91761.47,TP,3.2435,165.416,2025-11
2025-12-07 09:00:00+00:00,2025-12-07 12:00:00+00:00,short,89152.07,89491.44,SL,-1.6542,163.7618,2025-12
2025-12-07 13:00:00+00:00,2025-12-07 14:00:00+00:00,short,89086.2,88224.41,TP,3.2752,167.0371,2025-12
2025-12-09 12:00:00+00:00,2025-12-09 13:00:00+00:00,long,90610.33,90415.16,SL,-1.6704,165.3667,2025-12
2025-12-14 10:00:00+00:00,2025-12-14 11:00:00+00:00,short,89864.77,89386.75,TP,3.3073,168.674,2025-12
2025-12-15 14:00:00+00:00,2025-12-15 15:00:00+00:00,short,88136.92,86956.41,TP,3.3735,172.0475,2025-12
2025-12-17 04:00:00+00:00,2025-12-17 07:00:00+00:00,short,86777.42,87032.38,SL,-1.7205,170.327,2025-12
2025-12-17 17:00:00+00:00,2025-12-17 18:00:00+00:00,short,86422.52,85754.45,TP,3.4065,173.7336,2025-12
2025-12-18 18:00:00+00:00,2025-12-18 19:00:00+00:00,short,85972.55,84542.45,TP,3.4747,177.2082,2025-12
2025-12-19 18:00:00+00:00,2025-12-19 19:00:00+00:00,short,87163.52,87817.04,SL,-1.7721,175.4362,2025-12
2025-12-20 00:00:00+00:00,2025-12-20 02:00:00+00:00,short,87981.3,88161.39,SL,-1.7544,173.6818,2025-12
2025-12-21 09:00:00+00:00,2025-12-21 10:00:00+00:00,long,88842.47,88617.77,SL,-1.7368,171.945,2025-12
2025-12-21 13:00:00+00:00,2025-12-21 14:00:00+00:00,short,87643.1,88018.52,SL,-1.7194,170.2255,2025-12
2025-12-21 19:00:00+00:00,2025-12-21 20:00:00+00:00,long,88482.2,88216.05,SL,-1.7023,168.5233,2025-12
2025-12-21 23:00:00+00:00,2025-12-22 02:00:00+00:00,long,88621.4,88443.01,SL,-1.6852,166.838,2025-12
2025-12-24 04:00:00+00:00,2025-12-24 12:00:00+00:00,short,87079.7,87391.72,SL,-1.6684,165.1697,2025-12
2025-12-25 09:00:00+00:00,2025-12-25 14:00:00+00:00,short,87465.71,87672.7,SL,-1.6517,163.518,2025-12
2025-12-25 15:00:00+00:00,2025-12-25 16:00:00+00:00,long,88274.79,88053.8,SL,-1.6352,161.8828,2025-12
2025-12-25 22:00:00+00:00,2025-12-25 23:00:00+00:00,short,87625.06,87235.51,TP,3.2377,165.1204,2025-12
2025-12-26 02:00:00+00:00,2025-12-26 03:00:00+00:00,long,89091.08,88742.31,SL,-1.6512,163.4692,2025-12
2025-12-26 14:00:00+00:00,2025-12-26 15:00:00+00:00,short,87382.0,86991.42,TP,3.2694,166.7386,2025-12
2025-12-28 17:00:00+00:00,2025-12-29 00:00:00+00:00,short,87693.72,88226.78,SL,-1.6674,165.0712,2025-12
2025-12-29 10:00:00+00:00,2025-12-29 12:00:00+00:00,short,87678.95,87242.8,TP,3.3014,168.3726,2025-12
2025-12-31 10:00:00+00:00,2025-12-31 14:00:00+00:00,long,88697.68,88323.92,SL,-1.6837,166.6889,2025-12
2026-01-03 01:00:00+00:00,2026-01-03 05:00:00+00:00,long,90253.98,90002.62,SL,-1.6669,165.022,2026-01
2026-01-03 21:00:00+00:00,2026-01-04 00:00:00+00:00,long,90486.76,91320.9,TP,3.3004,168.3225,2026-01
2026-01-05 00:00:00+00:00,2026-01-05 01:00:00+00:00,long,92355.84,92916.91,TP,3.3664,171.6889,2026-01
2026-01-05 14:00:00+00:00,2026-01-05 15:00:00+00:00,long,93393.62,93883.95,TP,3.4338,175.1227,2026-01
2026-01-06 23:00:00+00:00,2026-01-07 00:00:00+00:00,long,93727.47,92814.07,SL,-1.7512,173.3715,2026-01
2026-01-08 00:00:00+00:00,2026-01-08 02:00:00+00:00,long,91317.59,90853.95,SL,-1.7337,171.6378,2026-01
2026-01-08 06:00:00+00:00,2026-01-08 07:00:00+00:00,short,89940.03,90434.55,SL,-1.7164,169.9214,2026-01
2026-01-09 08:00:00+00:00,2026-01-09 09:00:00+00:00,short,89845.13,90222.02,SL,-1.6992,168.2222,2026-01
2026-01-09 15:00:00+00:00,2026-01-09 16:00:00+00:00,long,90999.82,91527.29,TP,3.3644,171.5866,2026-01
2026-01-09 20:00:00+00:00,2026-01-09 21:00:00+00:00,short,90185.78,90421.04,SL,-1.7159,169.8707,2026-01
2026-01-10 04:00:00+00:00,2026-01-10 07:00:00+00:00,short,90326.48,90537.2,SL,-1.6987,168.172,2026-01
2026-01-10 20:00:00+00:00,2026-01-11 04:00:00+00:00,short,90448.46,90662.78,SL,-1.6817,166.4903,2026-01
2026-01-11 19:00:00+00:00,2026-01-11 23:00:00+00:00,short,90593.48,90825.86,SL,-1.6649,164.8254,2026-01
2026-01-12 00:00:00+00:00,2026-01-12 02:00:00+00:00,long,91032.37,92115.52,TP,3.2965,168.1219,2026-01
2026-01-12 08:00:00+00:00,2026-01-12 10:00:00+00:00,short,90669.21,90278.86,TP,3.3624,171.4844,2026-01
2026-01-12 16:00:00+00:00,2026-01-12 17:00:00+00:00,long,92042.64,91416.16,SL,-1.7148,169.7695,2026-01
2026-01-13 05:00:00+00:00,2026-01-13 14:00:00+00:00,long,91803.95,92453.84,TP,3.3954,173.1649,2026-01
2026-01-14 15:00:00+00:00,2026-01-14 16:00:00+00:00,long,96710.59,97212.49,TP,3.4633,176.6282,2026-01
2026-01-16 09:00:00+00:00,2026-01-16 10:00:00+00:00,long,95577.73,95272.91,SL,-1.7663,174.8619,2026-01
2026-01-16 20:00:00+00:00,2026-01-17 07:00:00+00:00,long,95399.26,95061.11,SL,-1.7486,173.1133,2026-01
2026-01-18 08:00:00+00:00,2026-01-18 14:00:00+00:00,long,95146.98,94904.94,SL,-1.7311,171.3822,2026-01
2026-01-18 16:00:00+00:00,2026-01-18 23:00:00+00:00,long,95139.5,93655.67,SL,-1.7138,169.6684,2026-01
2026-01-20 04:00:00+00:00,2026-01-20 06:00:00+00:00,short,91954.49,90770.22,TP,3.3934,173.0617,2026-01
2026-01-22 13:00:00+00:00,2026-01-22 14:00:00+00:00,short,89521.83,89121.17,TP,3.4612,176.523,2026-01
2026-01-23 08:00:00+00:00,2026-01-23 15:00:00+00:00,short,89134.04,89529.73,SL,-1.7652,174.7577,2026-01
2026-01-24 00:00:00+00:00,2026-01-24 02:00:00+00:00,short,89347.35,89582.09,SL,-1.7476,173.0101,2026-01
2026-01-24 06:00:00+00:00,2026-01-24 15:00:00+00:00,short,89512.51,89143.34,TP,3.4602,176.4703,2026-01
2026-01-25 15:00:00+00:00,2026-01-25 16:00:00+00:00,short,88330.33,87969.25,TP,3.5294,179.9998,2026-01
2026-01-27 08:00:00+00:00,2026-01-27 10:00:00+00:00,short,88073.96,87654.55,TP,3.6,183.5997,2026-01
2026-01-28 08:00:00+00:00,2026-01-28 09:00:00+00:00,short,88799.02,89298.48,SL,-1.836,181.7638,2026-01
2026-01-31 09:00:00+00:00,2026-01-31 12:00:00+00:00,short,83005.2,82618.68,TP,3.6353,185.399,2026-01
2026-02-01 21:00:00+00:00,2026-02-01 22:00:00+00:00,short,76405.0,77248.17,SL,-1.854,183.545,2026-02
2026-02-02 04:00:00+00:00,2026-02-02 05:00:00+00:00,short,75800.88,75453.4,TP,3.6709,187.2159,2026-02
2026-02-03 05:00:00+00:00,2026-02-03 06:00:00+00:00,short,78190.98,78502.72,SL,-1.8722,185.3438,2026-02
2026-02-04 13:00:00+00:00,2026-02-04 14:00:00+00:00,short,74758.43,74255.16,TP,3.7069,189.0507,2026-02
2026-02-05 11:00:00+00:00,2026-02-05 12:00:00+00:00,short,70168.02,69455.52,TP,3.781,192.8317,2026-02
2026-02-07 06:00:00+00:00,2026-02-07 07:00:00+00:00,short,68887.17,68144.41,TP,3.8566,196.6883,2026-02
2026-02-08 00:00:00+00:00,2026-02-08 01:00:00+00:00,short,68980.02,69318.83,SL,-1.9669,194.7214,2026-02
2026-02-08 21:00:00+00:00,2026-02-08 22:00:00+00:00,short,70673.91,71035.0,SL,-1.9472,192.7742,2026-02
2026-02-10 03:00:00+00:00,2026-02-10 04:00:00+00:00,short,69443.59,69804.07,SL,-1.9277,190.8465,2026-02
2026-02-10 22:00:00+00:00,2026-02-11 00:00:00+00:00,short,68703.69,69181.09,SL,-1.9085,188.938,2026-02
2026-02-11 03:00:00+00:00,2026-02-11 04:00:00+00:00,short,68174.87,67546.72,TP,3.7788,192.7168,2026-02
2026-02-12 16:00:00+00:00,2026-02-12 17:00:00+00:00,short,65785.01,65447.47,TP,3.8543,196.5711,2026-02
2026-02-14 04:00:00+00:00,2026-02-14 07:00:00+00:00,short,68771.73,69194.47,SL,-1.9657,194.6054,2026-02
2026-02-14 08:00:00+00:00,2026-02-14 11:00:00+00:00,long,69732.41,70448.53,TP,3.8921,198.4975,2026-02
2026-02-15 07:00:00+00:00,2026-02-15 08:00:00+00:00,long,70750.8,70404.77,SL,-1.985,196.5125,2026-02
2026-02-16 15:00:00+00:00,2026-02-16 16:00:00+00:00,short,67508.3,67837.59,SL,-1.9651,194.5474,2026-02
2026-02-17 08:00:00+00:00,2026-02-17 10:00:00+00:00,short,68135.63,67775.84,TP,3.8909,198.4383,2026-02
2026-02-18 00:00:00+00:00,2026-02-18 03:00:00+00:00,short,67291.0,67636.99,SL,-1.9844,196.454,2026-02
2026-02-18 13:00:00+00:00,2026-02-18 15:00:00+00:00,short,67210.88,67606.55,SL,-1.9645,194.4894,2026-02
2026-02-19 13:00:00+00:00,2026-02-19 14:00:00+00:00,short,65880.56,66429.09,SL,-1.9449,192.5445,2026-02
2026-02-20 13:00:00+00:00,2026-02-20 14:00:00+00:00,short,66736.46,67070.55,SL,-1.9254,190.6191,2026-02
2026-02-20 19:00:00+00:00,2026-02-20 21:00:00+00:00,short,67637.83,67789.57,SL,-1.9062,188.7129,2026-02
2026-02-21 03:00:00+00:00,2026-02-21 04:00:00+00:00,short,67636.85,67812.51,SL,-1.8871,186.8258,2026-02
2026-02-21 09:00:00+00:00,2026-02-21 14:00:00+00:00,long,68127.8,68451.86,TP,3.7365,190.5623,2026-02
2026-02-23 17:00:00+00:00,2026-02-23 19:00:00+00:00,short,64738.64,64333.27,TP,3.8112,194.3735,2026-02
2026-02-27 05:00:00+00:00,2026-02-27 08:00:00+00:00,long,67699.29,67982.38,TP,3.8875,198.261,2026-02
2026-02-27 10:00:00+00:00,2026-02-27 11:00:00+00:00,short,66645.55,66110.8,TP,3.9652,202.2262,2026-02
2026-02-28 06:00:00+00:00,2026-02-28 07:00:00+00:00,short,63106.07,63853.67,SL,-2.0223,200.2039,2026-02
2026-03-01 09:00:00+00:00,2026-03-01 13:00:00+00:00,short,66373.39,66990.51,SL,-2.002,198.2019,2026-03
2026-03-02 03:00:00+00:00,2026-03-02 06:00:00+00:00,long,66826.22,66230.34,SL,-1.982,196.2199,2026-03
2026-03-02 08:00:00+00:00,2026-03-02 12:00:00+00:00,short,66252.7,65961.56,TP,3.9244,200.1443,2026-03
2026-03-02 14:00:00+00:00,2026-03-02 15:00:00+00:00,long,67064.13,69062.39,TP,4.0029,204.1472,2026-03
2026-03-03 17:00:00+00:00,2026-03-03 18:00:00+00:00,long,68309.14,68679.78,TP,4.0829,208.2301,2026-03
2026-03-04 06:00:00+00:00,2026-03-04 07:00:00+00:00,long,68486.24,69556.47,TP,4.1646,212.3947,2026-03
2026-03-08 04:00:00+00:00,2026-03-08 05:00:00+00:00,short,66647.52,67171.09,SL,-2.1239,210.2708,2026-03
2026-03-08 18:00:00+00:00,2026-03-08 19:00:00+00:00,short,66853.74,67294.52,SL,-2.1027,208.1681,2026-03
2026-03-08 22:00:00+00:00,2026-03-09 00:00:00+00:00,short,66221.86,66406.77,SL,-2.0817,206.0864,2026-03
2026-03-10 00:00:00+00:00,2026-03-10 02:00:00+00:00,long,69117.41,70282.66,TP,4.1217,210.2081,2026-03
2026-03-10 14:00:00+00:00,2026-03-10 16:00:00+00:00,long,71435.65,71226.98,SL,-2.1021,208.106,2026-03
2026-03-11 14:00:00+00:00,2026-03-11 15:00:00+00:00,long,70690.99,70278.35,SL,-2.0811,206.025,2026-03
2026-03-12 10:00:00+00:00,2026-03-12 13:00:00+00:00,long,70457.48,69858.91,SL,-2.0602,203.9647,2026-03
2026-03-12 15:00:00+00:00,2026-03-12 18:00:00+00:00,long,70270.52,69830.16,SL,-2.0396,201.9251,2026-03
2026-03-14 18:00:00+00:00,2026-03-14 23:00:00+00:00,long,70702.71,71213.68,TP,4.0385,205.9636,2026-03
2026-03-15 21:00:00+00:00,2026-03-15 22:00:00+00:00,long,72064.57,72803.87,TP,4.1193,210.0828,2026-03
2026-03-16 21:00:00+00:00,2026-03-16 23:00:00+00:00,long,74416.98,74855.3,TP,4.2017,214.2845,2026-03
2026-03-17 19:00:00+00:00,2026-03-17 22:00:00+00:00,long,74509.21,74309.75,SL,-2.1428,212.1417,2026-03
2026-03-19 07:00:00+00:00,2026-03-19 09:00:00+00:00,short,70220.46,70494.77,SL,-2.1214,210.0202,2026-03
2026-03-20 13:00:00+00:00,2026-03-20 19:00:00+00:00,short,69830.98,70164.53,SL,-2.1002,207.92,2026-03
2026-03-21 15:00:00+00:00,2026-03-21 16:00:00+00:00,short,70652.23,70290.76,TP,4.1584,212.0784,2026-03
2026-03-22 20:00:00+00:00,2026-03-22 21:00:00+00:00,short,68189.21,67833.84,TP,4.2416,216.32,2026-03
2026-03-24 10:00:00+00:00,2026-03-24 12:00:00+00:00,long,71262.16,70936.03,SL,-2.1632,214.1568,2026-03
2026-03-25 00:00:00+00:00,2026-03-25 01:00:00+00:00,long,70869.52,70702.36,SL,-2.1416,212.0152,2026-03
2026-03-27 08:00:00+00:00,2026-03-27 10:00:00+00:00,short,67910.82,66486.01,TP,4.2403,216.2555,2026-03
2026-03-29 10:00:00+00:00,2026-03-29 11:00:00+00:00,short,66463.2,66766.01,SL,-2.1626,214.093,2026-03
2026-03-29 13:00:00+00:00,2026-03-29 21:00:00+00:00,short,66500.6,66677.41,SL,-2.1409,211.9521,2026-03
2026-03-29 22:00:00+00:00,2026-03-29 23:00:00+00:00,short,65802.93,65958.35,SL,-2.1195,209.8325,2026-03
2026-03-30 17:00:00+00:00,2026-03-30 19:00:00+00:00,short,66727.16,66424.77,TP,4.1966,214.0292,2026-03
2026-03-31 08:00:00+00:00,2026-03-31 09:00:00+00:00,short,66766.41,66037.69,TP,4.2806,218.3098,2026-03
2026-04-05 00:00:00+00:00,2026-04-05 06:00:00+00:00,short,67169.22,66825.31,TP,4.3662,222.676,2026-04
2026-04-07 19:00:00+00:00,2026-04-07 20:00:00+00:00,long,68958.59,69281.71,TP,4.4535,227.1295,2026-04
2026-04-09 15:00:00+00:00,2026-04-09 18:00:00+00:00,long,72103.43,71886.09,SL,-2.2713,224.8582,2026-04
2026-04-10 13:00:00+00:00,2026-04-10 14:00:00+00:00,long,72353.12,72902.02,TP,4.4972,229.3554,2026-04
2026-04-11 18:00:00+00:00,2026-04-11 20:00:00+00:00,long,73544.57,73331.3,SL,-2.2936,227.0618,2026-04
2026-04-12 20:00:00+00:00,2026-04-12 22:00:00+00:00,long,71359.4,70901.79,SL,-2.2706,224.7912,2026-04
2026-04-14 15:00:00+00:00,2026-04-14 16:00:00+00:00,long,75367.16,74566.22,SL,-2.2479,222.5433,2026-04
2026-04-15 19:00:00+00:00,2026-04-15 20:00:00+00:00,long,75026.32,74872.15,SL,-2.2254,220.3178,2026-04
2026-04-16 19:00:00+00:00,2026-04-16 21:00:00+00:00,long,75371.98,74956.6,SL,-2.2032,218.1147,2026-04
2026-04-17 08:00:00+00:00,2026-04-17 10:00:00+00:00,long,75789.99,75301.11,SL,-2.1811,215.9335,2026-04
2026-04-19 11:00:00+00:00,2026-04-19 13:00:00+00:00,long,75637.52,75963.13,TP,4.3187,220.2522,2026-04
2026-04-20 04:00:00+00:00,2026-04-20 05:00:00+00:00,long,74593.59,74297.92,SL,-2.2025,218.0497,2026-04
2026-04-21 08:00:00+00:00,2026-04-21 09:00:00+00:00,long,76545.66,76388.4,SL,-2.1805,215.8692,2026-04
2026-04-22 00:00:00+00:00,2026-04-22 02:00:00+00:00,long,76337.16,77626.01,TP,4.3174,220.1866,2026-04
2026-04-23 22:00:00+00:00,2026-04-24 03:00:00+00:00,long,78262.24,77755.39,SL,-2.2019,217.9847,2026-04
2026-04-24 12:00:00+00:00,2026-04-24 13:00:00+00:00,long,78290.65,78107.86,SL,-2.1798,215.8048,2026-04
