entry_time,exit_time,direction,entry,exit,result,pnl,capital,spread_on
2026-02-27 03:00:00+00:00,2026-02-27 03:40:00+00:00,short,67246.6,67350.7,SL,-1.25,98.75,True
2026-02-27 07:50:00+00:00,2026-02-27 08:45:00+00:00,long,67717.08,68035.87,TP,1.7281,100.4781,True
2026-02-27 14:45:00+00:00,2026-02-27 15:05:00+00:00,short,65960.27,66176.52,SL,-1.256,99.2221,True
2026-02-27 16:10:00+00:00,2026-02-27 16:25:00+00:00,short,65886.87,66012.77,SL,-1.2403,97.9819,True
2026-02-27 18:55:00+00:00,2026-02-27 19:50:00+00:00,short,65299.44,65414.13,SL,-1.2248,96.7571,True
2026-02-27 21:45:00+00:00,2026-02-27 22:35:00+00:00,short,65596.92,65246.38,TP,1.6932,98.4503,True
2026-02-28 00:25:00+00:00,2026-02-28 00:40:00+00:00,short,65761.44,65948.71,SL,-1.2306,97.2197,True
2026-02-28 03:05:00+00:00,2026-02-28 05:30:00+00:00,short,65877.1,65579.09,TP,1.7013,98.9211,True
2026-02-28 05:35:00+00:00,2026-02-28 06:15:00+00:00,short,65593.41,64698.49,TP,1.7311,100.6522,True
2026-02-28 11:45:00+00:00,2026-02-28 13:45:00+00:00,short,64043.73,64205.95,SL,-1.2582,99.394,True
2026-02-28 14:50:00+00:00,2026-02-28 15:20:00+00:00,short,64456.12,64555.23,SL,-1.2424,98.1516,True
2026-02-28 15:45:00+00:00,2026-02-28 16:40:00+00:00,long,64814.82,65129.49,TP,1.7177,99.8693,True
2026-02-28 17:55:00+00:00,2026-02-28 18:15:00+00:00,long,65421.79,65290.8,SL,-1.2484,98.6209,True
2026-02-28 18:30:00+00:00,2026-02-28 18:35:00+00:00,long,65396.56,65711.88,TP,1.7259,100.3468,True
2026-02-28 19:30:00+00:00,2026-02-28 19:50:00+00:00,long,66199.2,66501.69,TP,1.7561,102.1028,True
2026-02-28 22:20:00+00:00,2026-02-28 22:35:00+00:00,long,67077.66,67565.65,TP,1.7868,103.8896,True
2026-03-01 01:40:00+00:00,2026-03-01 01:45:00+00:00,long,66683.41,67060.07,TP,1.8181,105.7077,True
2026-03-01 05:20:00+00:00,2026-03-01 05:45:00+00:00,long,67512.41,67397.32,SL,-1.3213,104.3863,True
2026-03-01 07:15:00+00:00,2026-03-01 08:50:00+00:00,long,67002.11,66581.95,SL,-1.3048,103.0815,True
2026-03-01 12:30:00+00:00,2026-03-01 12:40:00+00:00,short,66375.86,66509.04,SL,-1.2885,101.793,True
2026-03-01 13:20:00+00:00,2026-03-01 13:25:00+00:00,short,66229.31,66332.1,SL,-1.2724,100.5206,True
2026-03-01 15:15:00+00:00,2026-03-01 15:20:00+00:00,long,67189.66,67039.38,SL,-1.2565,99.2641,True
2026-03-01 19:15:00+00:00,2026-03-01 20:10:00+00:00,short,65995.22,65459.47,TP,1.7371,101.0012,True
2026-03-01 22:35:00+00:00,2026-03-01 22:40:00+00:00,short,65175.42,65423.42,SL,-1.2625,99.7387,True
2026-03-02 03:15:00+00:00,2026-03-02 03:35:00+00:00,long,66542.73,66956.55,TP,1.7454,101.4841,True
2026-03-02 05:50:00+00:00,2026-03-02 06:00:00+00:00,long,66871.77,66540.18,SL,-1.2686,100.2156,True
2026-03-02 09:55:00+00:00,2026-03-02 11:45:00+00:00,short,66237.29,66360.2,SL,-1.2527,98.9629,True
2026-03-02 12:20:00+00:00,2026-03-02 13:25:00+00:00,short,66122.14,65821.25,TP,1.7319,100.6947,True
2026-03-02 20:00:00+00:00,2026-03-02 20:05:00+00:00,long,69186.77,68878.58,SL,-1.2587,99.436,True
2026-03-02 20:20:00+00:00,2026-03-02 20:45:00+00:00,long,68928.3,69361.53,TP,1.7401,101.1762,True
2026-03-03 00:35:00+00:00,2026-03-03 00:45:00+00:00,long,69099.57,68986.62,SL,-1.2647,99.9115,True
2026-03-03 03:30:00+00:00,2026-03-03 03:45:00+00:00,long,68484.27,68343.43,SL,-1.2489,98.6626,True
2026-03-03 04:40:00+00:00,2026-03-03 05:15:00+00:00,short,68183.74,68441.29,SL,-1.2333,97.4293,True
2026-03-03 05:45:00+00:00,2026-03-03 06:55:00+00:00,short,67914.4,68093.92,SL,-1.2179,96.2114,True
2026-03-03 08:20:00+00:00,2026-03-03 08:30:00+00:00,short,67940.87,67614.92,TP,1.6837,97.8951,True
2026-03-03 12:50:00+00:00,2026-03-03 13:35:00+00:00,short,67304.73,66965.87,TP,1.7132,99.6083,True
2026-03-03 14:30:00+00:00,2026-03-03 14:35:00+00:00,short,66830.73,67108.35,SL,-1.2451,98.3632,True
2026-03-03 14:40:00+00:00,2026-03-03 15:25:00+00:00,short,66629.02,66820.47,SL,-1.2295,97.1336,True
2026-03-03 18:25:00+00:00,2026-03-03 19:05:00+00:00,long,68566.45,68421.19,SL,-1.2142,95.9195,True
2026-03-03 21:55:00+00:00,2026-03-03 22:00:00+00:00,long,68064.79,68502.47,TP,1.6786,97.5981,True
2026-03-04 01:30:00+00:00,2026-03-04 01:50:00+00:00,long,68561.07,68400.67,SL,-1.22,96.3781,True
2026-03-04 02:55:00+00:00,2026-03-04 03:00:00+00:00,long,68309.3,68197.02,SL,-1.2047,95.1734,True
2026-03-04 03:05:00+00:00,2026-03-04 03:25:00+00:00,long,68232.53,68012.6,SL,-1.1897,93.9837,True
2026-03-04 07:25:00+00:00,2026-03-04 07:45:00+00:00,long,68666.74,69429.37,TP,1.6447,95.6284,True
2026-03-04 12:50:00+00:00,2026-03-04 13:05:00+00:00,long,71115.12,71594.09,TP,1.6735,97.3019,True
2026-03-04 15:05:00+00:00,2026-03-04 15:25:00+00:00,long,72075.62,72789.41,TP,1.7028,99.0047,True
2026-03-04 17:10:00+00:00,2026-03-04 17:15:00+00:00,long,73695.29,73474.8,SL,-1.2376,97.7671,True
2026-03-04 18:50:00+00:00,2026-03-04 20:05:00+00:00,long,73695.27,73410.31,SL,-1.2221,96.545,True
2026-03-04 21:40:00+00:00,2026-03-04 22:35:00+00:00,long,73273.41,73087.77,SL,-1.2068,95.3382,True
2026-03-04 23:50:00+00:00,2026-03-05 01:10:00+00:00,long,72639.29,73261.59,TP,1.6684,97.0066,True
2026-03-05 02:20:00+00:00,2026-03-05 02:25:00+00:00,long,72806.99,72685.78,SL,-1.2126,95.7941,True
2026-03-05 03:05:00+00:00,2026-03-05 03:10:00+00:00,long,72735.3,72597.05,SL,-1.1974,94.5966,True
2026-03-05 04:00:00+00:00,2026-03-05 04:25:00+00:00,long,72478.26,72807.02,TP,1.6554,96.2521,True
2026-03-05 06:35:00+00:00,2026-03-05 07:35:00+00:00,long,72409.27,72281.36,SL,-1.2032,95.0489,True
2026-03-05 12:55:00+00:00,2026-03-05 13:00:00+00:00,long,72960.7,72801.28,SL,-1.1881,93.8608,True
2026-03-05 14:40:00+00:00,2026-03-05 14:45:00+00:00,short,72170.67,72287.68,SL,-1.1733,92.6876,True
2026-03-05 14:55:00+00:00,2026-03-05 15:00:00+00:00,long,72711.29,72436.43,SL,-1.1586,91.529,True
2026-03-05 15:05:00+00:00,2026-03-05 15:10:00+00:00,short,72081.73,71685.5,TP,1.6018,93.1307,True
2026-03-05 17:35:00+00:00,2026-03-05 18:05:00+00:00,short,70819.98,70970.02,SL,-1.1641,91.9666,True
2026-03-05 19:55:00+00:00,2026-03-05 20:15:00+00:00,short,70952.46,71220.57,SL,-1.1496,90.817,True
2026-03-05 21:40:00+00:00,2026-03-05 22:50:00+00:00,short,71185.59,71321.27,SL,-1.1352,89.6818,True
2026-03-05 23:10:00+00:00,2026-03-05 23:50:00+00:00,short,71197.27,70876.45,TP,1.5694,91.2512,True
2026-03-06 01:20:00+00:00,2026-03-06 01:25:00+00:00,short,70829.72,70420.72,TP,1.5969,92.8481,True
2026-03-06 03:05:00+00:00,2026-03-06 04:10:00+00:00,short,71250.83,70928.58,TP,1.6248,94.473,True
2026-03-06 08:20:00+00:00,2026-03-06 08:30:00+00:00,short,70899.68,71019.98,SL,-1.1809,93.292,True
2026-03-06 11:00:00+00:00,2026-03-06 11:35:00+00:00,short,70479.56,70599.09,SL,-1.1662,92.1259,True
2026-03-06 11:40:00+00:00,2026-03-06 12:05:00+00:00,short,70388.7,69919.02,TP,1.6122,93.7381,True
2026-03-06 13:55:00+00:00,2026-03-06 14:05:00+00:00,short,69358.98,68930.41,TP,1.6404,95.3785,True
2026-03-06 16:20:00+00:00,2026-03-06 16:25:00+00:00,short,68314.33,68534.46,SL,-1.1922,94.1863,True
2026-03-06 17:30:00+00:00,2026-03-06 17:35:00+00:00,short,68202.62,67854.32,TP,1.6483,95.8345,True
2026-03-06 19:35:00+00:00,2026-03-06 20:25:00+00:00,short,68194.02,67815.21,TP,1.6771,97.5116,True
2026-03-06 23:05:00+00:00,2026-03-07 03:10:00+00:00,short,68298.34,68513.84,SL,-1.2189,96.2928,True
2026-03-07 03:35:00+00:00,2026-03-07 04:00:00+00:00,short,68244.89,67908.2,TP,1.6851,97.9779,True
2026-03-07 05:15:00+00:00,2026-03-07 05:40:00+00:00,short,67948.6,68081.09,SL,-1.2247,96.7532,True
2026-03-07 06:20:00+00:00,2026-03-07 07:00:00+00:00,short,67945.2,67600.73,TP,1.6932,98.4463,True
2026-03-07 09:00:00+00:00,2026-03-07 09:10:00+00:00,short,67754.11,67943.45,SL,-1.2306,97.2158,True
2026-03-07 10:25:00+00:00,2026-03-07 11:10:00+00:00,short,67925.17,68059.88,SL,-1.2152,96.0006,True
2026-03-07 11:55:00+00:00,2026-03-07 14:10:00+00:00,short,68020.88,67631.5,TP,1.68,97.6806,True
2026-03-07 15:40:00+00:00,2026-03-07 17:20:00+00:00,short,67810.73,67918.02,SL,-1.221,96.4596,True
2026-03-07 18:00:00+00:00,2026-03-07 19:25:00+00:00,short,67587.25,67241.75,TP,1.688,98.1476,True
2026-03-07 22:20:00+00:00,2026-03-08 00:10:00+00:00,short,67303.76,67439.18,SL,-1.2268,96.9208,True
2026-03-08 00:35:00+00:00,2026-03-08 02:40:00+00:00,short,67280.38,67399.28,SL,-1.2115,95.7092,True
2026-03-08 02:50:00+00:00,2026-03-08 04:55:00+00:00,short,66979.72,66647.52,TP,1.6749,97.3842,True
2026-03-08 06:30:00+00:00,2026-03-08 06:55:00+00:00,short,67081.28,67190.83,SL,-1.2173,96.1669,True
2026-03-08 07:50:00+00:00,2026-03-08 08:40:00+00:00,short,67291.73,67446.88,SL,-1.2021,94.9648,True
2026-03-08 08:45:00+00:00,2026-03-08 09:15:00+00:00,long,67478.58,67788.12,TP,1.6619,96.6267,True
2026-03-08 13:10:00+00:00,2026-03-08 13:25:00+00:00,short,67037.69,67146.44,SL,-1.2078,95.4188,True
2026-03-08 15:35:00+00:00,2026-03-08 16:35:00+00:00,short,67182.69,66858.33,TP,1.6698,97.0887,True
2026-03-08 18:10:00+00:00,2026-03-08 19:15:00+00:00,short,66959.27,67166.68,SL,-1.2136,95.875,True
2026-03-08 20:15:00+00:00,2026-03-08 20:30:00+00:00,short,67179.93,67294.51,SL,-1.1984,94.6766,True
2026-03-08 20:35:00+00:00,2026-03-08 20:45:00+00:00,long,67480.87,67371.96,SL,-1.1835,93.4931,True
2026-03-08 20:55:00+00:00,2026-03-08 21:10:00+00:00,short,67210.84,66760.64,TP,1.6361,95.1293,True
2026-03-08 23:55:00+00:00,2026-03-09 00:00:00+00:00,short,65969.59,66076.45,SL,-1.1891,93.9402,True
2026-03-09 01:55:00+00:00,2026-03-09 02:35:00+00:00,short,66239.64,66500.2,SL,-1.1743,92.7659,True
2026-03-09 04:25:00+00:00,2026-03-09 04:50:00+00:00,long,67544.5,67380.97,SL,-1.1596,91.6063,True
2026-03-09 05:40:00+00:00,2026-03-09 06:05:00+00:00,long,67898.24,67644.23,SL,-1.1451,90.4613,True
2026-03-09 07:40:00+00:00,2026-03-09 08:25:00+00:00,long,67433.43,67801.89,TP,1.5831,92.0443,True
2026-03-09 11:50:00+00:00,2026-03-09 12:20:00+00:00,long,67719.51,68039.66,TP,1.6108,93.6551,True
2026-03-09 16:50:00+00:00,2026-03-09 16:55:00+00:00,long,69130.88,68972.67,SL,-1.1707,92.4844,True
2026-03-09 18:30:00+00:00,2026-03-09 18:50:00+00:00,long,68583.2,68421.58,SL,-1.1561,91.3284,True
2026-03-09 19:00:00+00:00,2026-03-09 19:20:00+00:00,long,68481.6,68964.93,TP,1.5982,92.9266,True
2026-03-09 21:05:00+00:00,2026-03-09 21:20:00+00:00,long,69105.95,68884.05,SL,-1.1616,91.765,True
2026-03-10 00:15:00+00:00,2026-03-10 00:30:00+00:00,long,68624.25,68948.26,TP,1.6059,93.3709,True
2026-03-10 01:55:00+00:00,2026-03-10 02:05:00+00:00,long,69282.46,69175.06,SL,-1.1671,92.2038,True
2026-03-10 04:50:00+00:00,2026-03-10 05:10:00+00:00,long,69916.36,70267.01,TP,1.6136,93.8173,True
2026-03-10 07:05:00+00:00,2026-03-10 08:05:00+00:00,long,70203.55,70914.66,TP,1.6418,95.4591,True
2026-03-10 09:25:00+00:00,2026-03-10 09:35:00+00:00,long,71225.74,71105.35,SL,-1.1932,94.2659,True
2026-03-10 12:50:00+00:00,2026-03-10 13:25:00+00:00,long,70551.0,70907.7,TP,1.6497,95.9156,True
2026-03-10 13:35:00+00:00,2026-03-10 13:45:00+00:00,short,69809.53,70136.77,SL,-1.1989,94.7166,True
2026-03-10 14:40:00+00:00,2026-03-10 14:50:00+00:00,long,70441.49,71121.16,TP,1.6575,96.3742,True
2026-03-10 15:55:00+00:00,2026-03-10 16:05:00+00:00,long,71360.66,71110.0,SL,-1.2047,95.1695,True
2026-03-10 19:30:00+00:00,2026-03-10 19:40:00+00:00,short,69886.3,70104.1,SL,-1.1896,93.9799,True
2026-03-10 21:25:00+00:00,2026-03-10 21:45:00+00:00,short,70001.07,69678.68,TP,1.6446,95.6245,True
2026-03-11 01:30:00+00:00,2026-03-11 02:35:00+00:00,short,70057.9,69691.4,TP,1.6734,97.2979,True
2026-03-11 05:30:00+00:00,2026-03-11 05:40:00+00:00,short,69924.84,69453.7,TP,1.7027,99.0006,True
2026-03-11 07:30:00+00:00,2026-03-11 09:35:00+00:00,short,69728.13,69404.74,TP,1.7325,100.7332,True
2026-03-11 09:55:00+00:00,2026-03-11 10:15:00+00:00,short,69411.18,69537.05,SL,-1.2592,99.474,True
2026-03-11 11:25:00+00:00,2026-03-11 12:05:00+00:00,short,69453.68,68998.87,TP,1.7408,101.2148,True
2026-03-11 14:20:00+00:00,2026-03-11 14:35:00+00:00,long,70467.04,70926.56,TP,1.7713,102.986,True
2026-03-11 16:15:00+00:00,2026-03-11 17:00:00+00:00,long,70485.2,70910.82,TP,1.8023,104.7883,True
2026-03-11 19:40:00+00:00,2026-03-11 20:05:00+00:00,long,70655.57,70527.77,SL,-1.3099,103.4784,True
2026-03-11 20:45:00+00:00,2026-03-11 22:10:00+00:00,long,70557.36,70901.88,TP,1.8109,105.2893,True
2026-03-12 01:00:00+00:00,2026-03-12 02:20:00+00:00,short,70027.11,69583.37,TP,1.8426,107.1319,True
2026-03-12 04:50:00+00:00,2026-03-12 05:40:00+00:00,short,69359.53,69532.66,SL,-1.3391,105.7927,True
2026-03-12 08:40:00+00:00,2026-03-12 08:50:00+00:00,short,69776.45,69884.34,SL,-1.3224,104.4703,True
2026-03-12 09:40:00+00:00,2026-03-12 10:05:00+00:00,long,70064.09,69918.88,SL,-1.3059,103.1644,True
2026-03-12 14:10:00+00:00,2026-03-12 14:15:00+00:00,long,70423.12,70193.97,SL,-1.2896,101.8749,True
2026-03-12 14:25:00+00:00,2026-03-12 14:35:00+00:00,short,70036.86,69601.05,TP,1.7828,103.6577,True
2026-03-12 19:20:00+00:00,2026-03-12 19:55:00+00:00,long,70126.98,70520.97,TP,1.814,105.4717,True
2026-03-12 21:15:00+00:00,2026-03-12 21:30:00+00:00,long,70345.91,70233.73,SL,-1.3184,104.1533,True
2026-03-12 23:05:00+00:00,2026-03-13 00:10:00+00:00,long,70448.88,70949.19,TP,1.8227,105.976,True
2026-03-13 03:55:00+00:00,2026-03-13 04:20:00+00:00,long,71403.62,71274.59,SL,-1.3247,104.6513,True
2026-03-13 05:20:00+00:00,2026-03-13 06:25:00+00:00,long,71422.93,71270.58,SL,-1.3081,103.3432,True
2026-03-13 07:10:00+00:00,2026-03-13 08:35:00+00:00,long,71447.38,71928.49,TP,1.8085,105.1517,True
2026-03-13 09:45:00+00:00,2026-03-13 10:15:00+00:00,long,71982.39,72467.06,TP,1.8402,106.9918,True
2026-03-13 12:45:00+00:00,2026-03-13 12:50:00+00:00,long,72852.18,72702.68,SL,-1.3374,105.6544,True
2026-03-13 17:40:00+00:00,2026-03-13 18:30:00+00:00,short,71116.12,71244.82,SL,-1.3207,104.3337,True
2026-03-13 21:25:00+00:00,2026-03-13 22:00:00+00:00,short,71223.8,70694.39,TP,1.8258,106.1596,True
2026-03-14 00:40:00+00:00,2026-03-14 01:00:00+00:00,short,70614.75,70725.62,SL,-1.327,104.8326,True
2026-03-14 01:35:00+00:00,2026-03-14 01:40:00+00:00,short,70507.88,70795.88,SL,-1.3104,103.5222,True
2026-03-14 02:45:00+00:00,2026-03-14 03:05:00+00:00,short,70765.4,70973.46,SL,-1.294,102.2282,True
2026-03-14 04:50:00+00:00,2026-03-14 06:25:00+00:00,short,71136.46,70738.7,TP,1.789,104.0171,True
2026-03-14 07:45:00+00:00,2026-03-14 08:05:00+00:00,short,70534.04,70685.84,SL,-1.3002,102.7169,True
2026-03-14 09:45:00+00:00,2026-03-14 09:55:00+00:00,short,70435.73,70546.74,SL,-1.284,101.433,True
2026-03-14 12:30:00+00:00,2026-03-14 13:15:00+00:00,short,70741.27,70849.45,SL,-1.2679,100.1651,True
2026-03-14 14:10:00+00:00,2026-03-14 23:00:00+00:00,short,70754.11,70903.92,SL,-1.2521,98.913,True
2026-03-15 02:00:00+00:00,2026-03-15 04:10:00+00:00,long,71263.25,71618.88,TP,1.731,100.644,True
2026-03-15 05:20:00+00:00,2026-03-15 05:50:00+00:00,long,71660.88,71517.54,SL,-1.258,99.3859,True
2026-03-15 07:10:00+00:00,2026-03-15 07:30:00+00:00,long,71639.73,71522.59,SL,-1.2423,98.1436,True
2026-03-15 08:10:00+00:00,2026-03-15 13:10:00+00:00,long,71583.66,71427.66,SL,-1.2268,96.9168,True
2026-03-15 13:55:00+00:00,2026-03-15 14:20:00+00:00,long,71545.34,71433.82,SL,-1.2115,95.7053,True
2026-03-15 16:15:00+00:00,2026-03-15 17:05:00+00:00,short,71387.79,71507.4,SL,-1.1963,94.509,True
2026-03-15 18:45:00+00:00,2026-03-15 19:55:00+00:00,short,71450.32,71558.02,SL,-1.1814,93.3277,True
2026-03-15 20:25:00+00:00,2026-03-15 20:30:00+00:00,short,71451.88,71646.09,SL,-1.1666,92.1611,True
2026-03-15 22:35:00+00:00,2026-03-15 22:45:00+00:00,long,72190.77,72516.96,TP,1.6128,93.7739,True
2026-03-16 01:50:00+00:00,2026-03-16 02:15:00+00:00,long,72774.18,72622.55,SL,-1.1722,92.6017,True
2026-03-16 03:15:00+00:00,2026-03-16 03:30:00+00:00,long,72590.72,73518.89,TP,1.6205,94.2222,True
2026-03-16 09:25:00+00:00,2026-03-16 10:55:00+00:00,long,73280.27,73722.41,TP,1.6489,95.8711,True
2026-03-16 12:25:00+00:00,2026-03-16 13:30:00+00:00,long,73783.45,74139.65,TP,1.6777,97.5489,True
2026-03-16 15:20:00+00:00,2026-03-16 15:30:00+00:00,long,73891.31,73747.65,SL,-1.2194,96.3295,True
2026-03-16 16:30:00+00:00,2026-03-16 16:50:00+00:00,long,73475.24,73838.91,TP,1.6858,98.0153,True
2026-03-16 20:45:00+00:00,2026-03-16 21:35:00+00:00,long,74075.79,74480.74,TP,1.7153,99.7305,True
2026-03-16 23:40:00+00:00,2026-03-16 23:50:00+00:00,long,74871.14,74733.41,SL,-1.2466,98.4839,True
2026-03-17 01:05:00+00:00,2026-03-17 01:10:00+00:00,long,75346.09,75810.38,TP,1.7235,100.2074,True
2026-03-17 05:45:00+00:00,2026-03-17 05:50:00+00:00,short,73839.92,74050.73,SL,-1.2526,98.9548,True
2026-03-17 08:15:00+00:00,2026-03-17 08:20:00+00:00,short,74158.89,74309.36,SL,-1.2369,97.7179,True
2026-03-17 08:40:00+00:00,2026-03-17 08:55:00+00:00,long,74425.85,74167.98,SL,-1.2215,96.4964,True
2026-03-17 12:25:00+00:00,2026-03-17 13:30:00+00:00,short,73831.28,73985.05,SL,-1.2062,95.2902,True
2026-03-17 13:50:00+00:00,2026-03-17 13:55:00+00:00,short,73515.3,73668.18,SL,-1.1911,94.0991,True
2026-03-17 15:25:00+00:00,2026-03-17 15:35:00+00:00,short,74109.26,73767.46,TP,1.6467,95.7458,True
2026-03-17 16:20:00+00:00,2026-03-17 16:30:00+00:00,long,74305.13,74099.67,SL,-1.1968,94.549,True
2026-03-17 16:45:00+00:00,2026-03-17 16:50:00+00:00,short,74111.98,74260.05,SL,-1.1819,93.3671,True
2026-03-17 19:10:00+00:00,2026-03-17 19:25:00+00:00,long,74796.76,74596.64,SL,-1.1671,92.2,True
2026-03-17 21:10:00+00:00,2026-03-17 21:25:00+00:00,long,74770.95,74616.05,SL,-1.1525,91.0475,True
2026-03-18 03:25:00+00:00,2026-03-18 03:50:00+00:00,long,74557.97,74441.31,SL,-1.1381,89.9094,True
2026-03-18 07:00:00+00:00,2026-03-18 08:50:00+00:00,short,73978.35,74104.51,SL,-1.1239,88.7856,True
2026-03-18 10:05:00+00:00,2026-03-18 10:10:00+00:00,short,74130.66,74261.8,SL,-1.1098,87.6757,True
2026-03-18 10:15:00+00:00,2026-03-18 10:35:00+00:00,long,74242.39,74036.17,SL,-1.0959,86.5798,True
2026-03-18 14:25:00+00:00,2026-03-18 14:35:00+00:00,short,71651.88,71811.43,SL,-1.0822,85.4975,True
2026-03-18 18:40:00+00:00,2026-03-18 18:50:00+00:00,short,71643.0,71300.87,TP,1.4962,86.9937,True
2026-03-18 22:00:00+00:00,2026-03-18 23:00:00+00:00,short,71139.2,71250.16,SL,-1.0874,85.9063,True
2026-03-19 00:10:00+00:00,2026-03-19 03:15:00+00:00,short,71143.01,71462.11,SL,-1.0738,84.8325,True
2026-03-19 03:50:00+00:00,2026-03-19 04:05:00+00:00,short,71276.49,70845.98,TP,1.4846,86.3171,True
2026-03-19 05:30:00+00:00,2026-03-19 05:40:00+00:00,short,70713.87,70845.66,SL,-1.079,85.2381,True
2026-03-19 06:35:00+00:00,2026-03-19 07:10:00+00:00,short,70630.13,70064.73,TP,1.4917,86.7298,True
2026-03-19 10:35:00+00:00,2026-03-19 11:55:00+00:00,short,70259.09,69915.0,TP,1.5178,88.2475,True
2026-03-19 14:25:00+00:00,2026-03-19 14:30:00+00:00,short,69164.67,69271.68,SL,-1.1031,87.1444,True
2026-03-19 15:30:00+00:00,2026-03-19 15:40:00+00:00,short,69248.59,68932.9,TP,1.525,88.6695,True
2026-03-19 17:05:00+00:00,2026-03-19 17:15:00+00:00,short,69220.39,69367.39,SL,-1.1084,87.5611,True
2026-03-19 18:30:00+00:00,2026-03-19 18:55:00+00:00,short,69638.48,69842.75,SL,-1.0945,86.4666,True
2026-03-19 21:10:00+00:00,2026-03-19 21:25:00+00:00,long,70681.62,70565.41,SL,-1.0808,85.3858,True
2026-03-20 03:00:00+00:00,2026-03-20 04:05:00+00:00,long,70469.5,70927.35,TP,1.4943,86.88,True
2026-03-20 07:25:00+00:00,2026-03-20 07:40:00+00:00,long,70473.34,70811.85,TP,1.5204,88.4004,True
2026-03-20 10:40:00+00:00,2026-03-20 11:35:00+00:00,long,70536.02,70411.9,SL,-1.105,87.2954,True
2026-03-20 11:40:00+00:00,2026-03-20 12:05:00+00:00,short,70396.48,70647.55,SL,-1.0912,86.2042,True
2026-03-20 12:30:00+00:00,2026-03-20 13:20:00+00:00,short,70386.37,70514.73,SL,-1.0776,85.1267,True
2026-03-20 13:30:00+00:00,2026-03-20 13:40:00+00:00,short,70031.23,70305.11,SL,-1.0641,84.0626,True
2026-03-20 15:00:00+00:00,2026-03-20 15:20:00+00:00,short,69666.51,69947.23,SL,-1.0508,83.0118,True
2026-03-20 16:40:00+00:00,2026-03-20 17:05:00+00:00,short,69778.95,69904.6,SL,-1.0376,81.9741,True
2026-03-20 17:15:00+00:00,2026-03-20 17:55:00+00:00,short,69801.35,69953.97,SL,-1.0247,80.9495,True
2026-03-20 18:30:00+00:00,2026-03-20 18:50:00+00:00,short,69663.38,69823.45,SL,-1.0119,79.9376,True
2026-03-20 20:30:00+00:00,2026-03-20 20:45:00+00:00,short,69826.31,69991.27,SL,-0.9992,78.9384,True
2026-03-20 21:15:00+00:00,2026-03-20 22:05:00+00:00,long,70492.48,70821.15,TP,1.3814,80.3198,True
2026-03-21 00:20:00+00:00,2026-03-21 00:45:00+00:00,long,70698.3,70583.59,SL,-1.004,79.3158,True
2026-03-21 00:55:00+00:00,2026-03-21 01:30:00+00:00,long,70695.88,70550.93,SL,-0.9914,78.3244,True
2026-03-21 02:25:00+00:00,2026-03-21 08:20:00+00:00,long,70664.18,70542.97,SL,-0.9791,77.3453,True
2026-03-21 09:05:00+00:00,2026-03-21 10:15:00+00:00,long,70695.07,70588.37,SL,-0.9668,76.3785,True
2026-03-21 11:00:00+00:00,2026-03-21 14:10:00+00:00,long,70591.21,70971.23,TP,1.3366,77.7151,True
2026-03-21 19:35:00+00:00,2026-03-21 20:20:00+00:00,short,70346.77,70455.83,SL,-0.9714,76.7437,True
2026-03-21 21:10:00+00:00,2026-03-21 23:45:00+00:00,short,70364.41,69667.4,TP,1.343,78.0867,True
2026-03-22 04:20:00+00:00,2026-03-22 07:55:00+00:00,short,69262.16,68923.31,TP,1.3665,79.4532,True
2026-03-22 10:40:00+00:00,2026-03-22 11:45:00+00:00,short,68616.57,68285.59,TP,1.3904,80.8436,True
2026-03-22 13:40:00+00:00,2026-03-22 13:55:00+00:00,short,68583.57,68732.06,SL,-1.0105,79.8331,True
2026-03-22 14:50:00+00:00,2026-03-22 15:05:00+00:00,short,68701.84,68875.44,SL,-0.9979,78.8352,True
2026-03-22 15:35:00+00:00,2026-03-22 16:00:00+00:00,short,68756.6,68860.49,SL,-0.9854,77.8497,True
2026-03-22 17:35:00+00:00,2026-03-22 19:15:00+00:00,short,68699.15,68325.16,TP,1.3624,79.2121,True
2026-03-22 21:00:00+00:00,2026-03-22 21:10:00+00:00,short,68131.38,67733.65,TP,1.3862,80.5983,True
2026-03-22 23:30:00+00:00,2026-03-22 23:40:00+00:00,short,68002.54,68134.67,SL,-1.0075,79.5908,True
2026-03-23 02:15:00+00:00,2026-03-23 02:20:00+00:00,short,67854.73,68016.36,SL,-0.9949,78.596,True
2026-03-23 03:25:00+00:00,2026-03-23 04:35:00+00:00,short,68181.44,68340.01,SL,-0.9825,77.6135,True
2026-03-23 09:00:00+00:00,2026-03-23 09:35:00+00:00,short,68339.0,67975.23,TP,1.3582,78.9717,True
2026-03-23 10:05:00+00:00,2026-03-23 10:40:00+00:00,long,68483.61,68377.15,SL,-0.9871,77.9846,True
2026-03-23 13:40:00+00:00,2026-03-23 13:45:00+00:00,long,71324.69,71018.5,SL,-0.9748,77.0098,True
2026-03-23 13:50:00+00:00,2026-03-23 14:05:00+00:00,long,71348.94,71696.08,TP,1.3477,78.3575,True
2026-03-23 16:45:00+00:00,2026-03-23 16:50:00+00:00,long,70680.66,70563.74,SL,-0.9795,77.378,True
2026-03-23 20:35:00+00:00,2026-03-23 22:00:00+00:00,long,70911.94,70648.49,SL,-0.9672,76.4108,True
2026-03-23 22:55:00+00:00,2026-03-23 23:05:00+00:00,long,70759.26,70630.91,SL,-0.9551,75.4556,True
2026-03-23 23:35:00+00:00,2026-03-24 00:30:00+00:00,long,70684.2,70576.35,SL,-0.9432,74.5124,True
2026-03-24 01:25:00+00:00,2026-03-24 01:30:00+00:00,long,70832.52,70725.49,SL,-0.9314,73.581,True
2026-03-24 02:40:00+00:00,2026-03-24 03:00:00+00:00,long,70514.84,70402.66,SL,-0.9198,72.6613,True
2026-03-24 03:15:00+00:00,2026-03-24 04:30:00+00:00,long,70518.61,70343.0,SL,-0.9083,71.753,True
2026-03-24 09:40:00+00:00,2026-03-24 11:00:00+00:00,long,71206.3,71022.27,SL,-0.8969,70.8561,True
2026-03-24 11:45:00+00:00,2026-03-24 11:50:00+00:00,long,71291.58,71038.44,SL,-0.8857,69.9704,True
2026-03-24 16:35:00+00:00,2026-03-24 17:05:00+00:00,short,69631.62,69197.73,TP,1.2245,71.1949,True
2026-03-24 19:45:00+00:00,2026-03-24 20:15:00+00:00,short,69308.58,69419.38,SL,-0.8899,70.3049,True
2026-03-24 21:25:00+00:00,2026-03-24 21:35:00+00:00,short,70002.57,70142.66,SL,-0.8788,69.4261,True
2026-03-24 23:20:00+00:00,2026-03-25 00:40:00+00:00,long,70536.24,70919.99,TP,1.215,70.6411,True
2026-03-25 03:35:00+00:00,2026-03-25 05:05:00+00:00,long,70728.9,71228.63,TP,1.2362,71.8773,True
2026-03-25 08:25:00+00:00,2026-03-25 10:50:00+00:00,long,71214.69,71548.23,TP,1.2579,73.1351,True
2026-03-25 13:00:00+00:00,2026-03-25 13:15:00+00:00,long,71759.34,71617.9,SL,-0.9142,72.221,True
2026-03-25 17:15:00+00:00,2026-03-25 17:20:00+00:00,short,70956.2,71070.68,SL,-0.9028,71.3182,True
2026-03-25 18:40:00+00:00,2026-03-25 18:50:00+00:00,short,70788.23,70914.41,SL,-0.8915,70.4267,True
2026-03-25 18:55:00+00:00,2026-03-25 19:05:00+00:00,short,70758.75,70888.4,SL,-0.8803,69.5464,True
2026-03-25 20:00:00+00:00,2026-03-25 20:40:00+00:00,short,70733.35,70892.05,SL,-0.8693,68.6771,True
2026-03-25 22:10:00+00:00,2026-03-25 22:30:00+00:00,short,70998.22,71136.4,SL,-0.8585,67.8186,True
2026-03-26 03:20:00+00:00,2026-03-26 03:35:00+00:00,short,70718.3,70843.7,SL,-0.8477,66.9709,True
2026-03-26 05:05:00+00:00,2026-03-26 05:50:00+00:00,short,70539.59,70103.61,TP,1.172,68.1428,True
2026-03-26 08:25:00+00:00,2026-03-26 08:45:00+00:00,short,69824.25,69929.93,SL,-0.8518,67.2911,True
2026-03-26 09:30:00+00:00,2026-03-26 10:20:00+00:00,short,69518.16,69652.8,SL,-0.8411,66.4499,True
2026-03-26 11:25:00+00:00,2026-03-26 11:35:00+00:00,short,69289.4,69401.47,SL,-0.8306,65.6193,True
2026-03-26 11:55:00+00:00,2026-03-26 12:20:00+00:00,short,69264.13,69368.45,SL,-0.8202,64.7991,True
2026-03-26 14:45:00+00:00,2026-03-26 15:10:00+00:00,short,69441.44,69105.02,TP,1.134,65.933,True
2026-03-26 16:35:00+00:00,2026-03-26 17:00:00+00:00,short,68852.15,68975.84,SL,-0.8242,65.1089,True
2026-03-26 17:50:00+00:00,2026-03-26 18:00:00+00:00,short,68735.6,68365.4,TP,1.1394,66.2483,True
2026-03-26 21:00:00+00:00,2026-03-26 21:20:00+00:00,short,68890.75,69130.95,SL,-0.8281,65.4202,True
2026-03-27 00:35:00+00:00,2026-03-27 00:40:00+00:00,short,68548.35,68670.47,SL,-0.8178,64.6024,True
2026-03-27 02:40:00+00:00,2026-03-27 04:00:00+00:00,short,68881.96,68553.09,TP,1.1305,65.733,True
2026-03-27 06:55:00+00:00,2026-03-27 07:10:00+00:00,short,68615.82,68815.74,SL,-0.8217,64.9113,True
2026-03-27 07:40:00+00:00,2026-03-27 08:30:00+00:00,short,68585.55,68232.57,TP,1.1359,66.0473,True
2026-03-27 10:35:00+00:00,2026-03-27 10:55:00+00:00,short,67025.74,66486.01,TP,1.1558,67.2031,True
2026-03-27 13:50:00+00:00,2026-03-27 14:20:00+00:00,short,66204.32,65867.48,TP,1.1761,68.3791,True
2026-03-27 16:05:00+00:00,2026-03-27 16:10:00+00:00,short,65794.7,65918.55,SL,-0.8547,67.5244,True
2026-03-27 17:30:00+00:00,2026-03-27 19:25:00+00:00,short,65768.98,65887.35,SL,-0.8441,66.6803,True
2026-03-27 20:25:00+00:00,2026-03-27 20:45:00+00:00,short,65824.49,65945.45,SL,-0.8335,65.8468,True
2026-03-27 21:55:00+00:00,2026-03-27 23:25:00+00:00,short,66034.47,66153.4,SL,-0.8231,65.0238,True
2026-03-28 00:55:00+00:00,2026-03-28 01:35:00+00:00,short,66376.83,66059.12,TP,1.1379,66.1617,True
2026-03-28 05:10:00+00:00,2026-03-28 05:25:00+00:00,short,66191.88,66312.16,SL,-0.827,65.3347,True
2026-03-28 06:50:00+00:00,2026-03-28 07:55:00+00:00,short,66342.2,66508.24,SL,-0.8167,64.518,True
2026-03-28 10:20:00+00:00,2026-03-28 12:10:00+00:00,short,66208.92,66355.3,SL,-0.8065,63.7115,True
2026-03-28 15:20:00+00:00,2026-03-28 15:25:00+00:00,long,67173.09,67009.65,SL,-0.7964,62.9151,True
2026-03-28 18:05:00+00:00,2026-03-28 21:20:00+00:00,long,66866.13,66764.72,SL,-0.7864,62.1287,True
2026-03-28 22:30:00+00:00,2026-03-28 23:05:00+00:00,long,66720.33,66546.51,SL,-0.7766,61.3521,True
2026-03-29 05:55:00+00:00,2026-03-29 06:25:00+00:00,long,66732.31,66616.73,SL,-0.7669,60.5852,True
2026-03-29 07:40:00+00:00,2026-03-29 08:05:00+00:00,short,66573.59,66676.28,SL,-0.7573,59.8278,True
2026-03-29 09:20:00+00:00,2026-03-29 11:10:00+00:00,short,66604.62,66716.05,SL,-0.7478,59.08,True
2026-03-29 15:25:00+00:00,2026-03-29 15:50:00+00:00,short,66354.04,66467.06,SL,-0.7385,58.3415,True
2026-03-29 17:10:00+00:00,2026-03-29 20:20:00+00:00,short,66414.95,66710.8,SL,-0.7293,57.6122,True
2026-03-29 21:35:00+00:00,2026-03-29 22:00:00+00:00,long,66608.11,66344.32,SL,-0.7202,56.8921,True
2026-03-30 02:45:00+00:00,2026-03-30 02:50:00+00:00,long,67222.8,67085.2,SL,-0.7112,56.1809,True
2026-03-30 04:05:00+00:00,2026-03-30 06:15:00+00:00,long,67376.98,67274.96,SL,-0.7023,55.4787,True
2026-03-30 07:45:00+00:00,2026-03-30 08:00:00+00:00,long,67350.93,67708.59,TP,0.9709,56.4495,True
2026-03-30 10:55:00+00:00,2026-03-30 12:05:00+00:00,long,67438.39,67790.03,TP,0.9879,57.4374,True
2026-03-30 13:20:00+00:00,2026-03-30 13:25:00+00:00,long,68039.06,67884.31,SL,-0.718,56.7194,True
2026-03-30 14:55:00+00:00,2026-03-30 15:05:00+00:00,long,67757.82,67562.48,SL,-0.709,56.0104,True
2026-03-30 19:05:00+00:00,2026-03-30 20:00:00+00:00,short,66329.2,66498.67,SL,-0.7001,55.3103,True
2026-03-30 22:10:00+00:00,2026-03-31 00:35:00+00:00,short,66713.7,66875.48,SL,-0.6914,54.6189,True
2026-03-31 05:30:00+00:00,2026-03-31 06:10:00+00:00,long,67569.37,67442.49,SL,-0.6827,53.9362,True
2026-03-31 07:00:00+00:00,2026-03-31 07:10:00+00:00,long,67429.16,67252.68,SL,-0.6742,53.262,True
2026-03-31 07:45:00+00:00,2026-03-31 08:25:00+00:00,long,67372.45,67263.38,SL,-0.6658,52.5962,True
2026-03-31 08:30:00+00:00,2026-03-31 08:55:00+00:00,short,67108.41,66766.41,TP,0.9204,53.5167,True
2026-03-31 13:00:00+00:00,2026-03-31 13:15:00+00:00,short,66682.7,66800.86,SL,-0.669,52.8477,True
2026-03-31 13:30:00+00:00,2026-03-31 13:35:00+00:00,short,66715.17,66862.83,SL,-0.6606,52.1871,True
2026-03-31 16:25:00+00:00,2026-03-31 16:40:00+00:00,long,67085.66,67853.55,TP,0.9133,53.1004,True
2026-03-31 19:10:00+00:00,2026-03-31 19:25:00+00:00,long,67945.22,67842.79,SL,-0.6638,52.4366,True
2026-03-31 20:10:00+00:00,2026-03-31 20:15:00+00:00,long,68111.42,67974.93,SL,-0.6555,51.7812,True
2026-03-31 20:35:00+00:00,2026-03-31 21:10:00+00:00,long,68063.59,67947.48,SL,-0.6473,51.1339,True
2026-03-31 21:50:00+00:00,2026-03-31 22:00:00+00:00,long,68285.15,68148.23,SL,-0.6392,50.4947,True
2026-03-31 23:10:00+00:00,2026-04-01 00:10:00+00:00,long,68187.86,68027.63,SL,-0.6312,49.8635,True
2026-04-01 00:55:00+00:00,2026-04-01 01:15:00+00:00,long,68230.67,68096.15,SL,-0.6233,49.2402,True
2026-04-01 03:05:00+00:00,2026-04-01 04:40:00+00:00,long,67886.59,68199.38,TP,0.8617,50.1019,True
2026-04-01 06:05:00+00:00,2026-04-01 06:35:00+00:00,long,68566.91,68968.51,TP,0.8768,50.9787,True
2026-04-01 09:50:00+00:00,2026-04-01 10:15:00+00:00,long,68641.14,68489.55,SL,-0.6372,50.3415,True
2026-04-01 10:40:00+00:00,2026-04-01 12:35:00+00:00,long,68506.86,68340.73,SL,-0.6293,49.7122,True
2026-04-01 13:20:00+00:00,2026-04-01 13:40:00+00:00,long,68457.61,68006.92,SL,-0.6214,49.0908,True
2026-04-01 14:20:00+00:00,2026-04-01 14:35:00+00:00,long,68444.41,68325.3,SL,-0.6136,48.4772,True
2026-04-01 16:30:00+00:00,2026-04-01 17:10:00+00:00,long,68850.52,68729.91,SL,-0.606,47.8712,True
2026-04-01 22:05:00+00:00,2026-04-02 00:40:00+00:00,short,68200.45,68401.56,SL,-0.5984,47.2728,True
2026-04-02 01:10:00+00:00,2026-04-02 01:15:00+00:00,short,68117.42,67509.84,TP,0.8273,48.1001,True
2026-04-02 04:40:00+00:00,2026-04-02 04:45:00+00:00,short,66236.67,66340.18,SL,-0.6013,47.4989,True
2026-04-02 08:10:00+00:00,2026-04-02 09:00:00+00:00,short,66709.18,66353.02,TP,0.8312,48.3301,True
2026-04-02 10:10:00+00:00,2026-04-02 10:30:00+00:00,short,66268.34,66426.73,SL,-0.6041,47.726,True
2026-04-02 11:40:00+00:00,2026-04-02 13:00:00+00:00,short,66321.46,65989.63,TP,0.8352,48.5612,True
2026-04-02 13:30:00+00:00,2026-04-02 13:50:00+00:00,short,65883.95,66105.94,SL,-0.607,47.9541,True
2026-04-02 15:30:00+00:00,2026-04-02 15:35:00+00:00,short,66704.17,66943.2,SL,-0.5994,47.3547,True
2026-04-02 16:40:00+00:00,2026-04-02 17:00:00+00:00,long,67148.41,66879.77,SL,-0.5919,46.7628,True
2026-04-02 17:15:00+00:00,2026-04-02 17:30:00+00:00,long,67384.45,67066.07,SL,-0.5845,46.1783,True
2026-04-02 18:50:00+00:00,2026-04-02 20:00:00+00:00,long,66982.16,66822.55,SL,-0.5772,45.601,True
2026-04-02 20:35:00+00:00,2026-04-02 20:45:00+00:00,long,67084.67,66977.45,SL,-0.57,45.031,True
2026-04-02 22:00:00+00:00,2026-04-03 00:05:00+00:00,long,66962.07,66854.95,SL,-0.5629,44.4681,True
2026-04-03 01:35:00+00:00,2026-04-03 05:35:00+00:00,short,66623.02,66739.7,SL,-0.5559,43.9123,True
2026-04-03 06:05:00+00:00,2026-04-03 06:35:00+00:00,short,66602.62,66714.87,SL,-0.5489,43.3634,True
2026-04-03 10:45:00+00:00,2026-04-03 13:00:00+00:00,long,66844.45,66682.44,SL,-0.542,42.8213,True
2026-04-03 16:25:00+00:00,2026-04-03 17:15:00+00:00,long,66961.98,66771.22,SL,-0.5353,42.2861,True
2026-04-03 18:30:00+00:00,2026-04-03 19:05:00+00:00,long,66876.35,66766.13,SL,-0.5286,41.7575,True
2026-04-03 21:00:00+00:00,2026-04-03 23:55:00+00:00,short,66834.38,66938.65,SL,-0.522,41.2355,True
2026-04-04 02:45:00+00:00,2026-04-04 05:30:00+00:00,short,66803.23,66916.35,SL,-0.5154,40.7201,True
2026-04-04 07:55:00+00:00,2026-04-04 08:50:00+00:00,long,67022.45,66913.46,SL,-0.509,40.2111,True
2026-04-04 09:55:00+00:00,2026-04-04 15:10:00+00:00,long,66961.21,67379.13,TP,0.7037,40.9148,True
2026-04-04 16:25:00+00:00,2026-04-04 17:00:00+00:00,long,67437.99,67301.95,SL,-0.5114,40.4033,True
2026-04-04 19:05:00+00:00,2026-04-04 19:40:00+00:00,long,67409.79,67289.74,SL,-0.505,39.8983,True
2026-04-04 20:45:00+00:00,2026-04-05 01:05:00+00:00,long,67269.39,67132.41,SL,-0.4987,39.3996,True
2026-04-05 04:05:00+00:00,2026-04-05 06:05:00+00:00,short,67098.86,66791.02,TP,0.6895,40.0891,True
2026-04-05 10:15:00+00:00,2026-04-05 10:35:00+00:00,short,66957.54,67095.8,SL,-0.5011,39.5879,True
2026-04-05 10:50:00+00:00,2026-04-05 12:45:00+00:00,short,66996.12,66693.38,TP,0.6928,40.2807,True
2026-04-05 18:35:00+00:00,2026-04-05 19:40:00+00:00,long,67394.6,67271.38,SL,-0.5035,39.7772,True
2026-04-05 20:25:00+00:00,2026-04-05 22:45:00+00:00,long,67456.49,68008.4,TP,0.6961,40.4733,True
2026-04-06 02:20:00+00:00,2026-04-06 03:50:00+00:00,long,69164.72,69059.61,SL,-0.5059,39.9674,True
2026-04-06 04:45:00+00:00,2026-04-06 06:20:00+00:00,long,69150.73,69002.53,SL,-0.4996,39.4678,True
2026-04-06 07:20:00+00:00,2026-04-06 07:45:00+00:00,long,69051.08,68939.44,SL,-0.4933,38.9745,True
2026-04-06 13:25:00+00:00,2026-04-06 13:35:00+00:00,long,69452.12,69290.49,SL,-0.4872,38.4873,True
2026-04-06 13:40:00+00:00,2026-04-06 14:05:00+00:00,long,69367.76,69211.2,SL,-0.4811,38.0062,True
2026-04-06 14:15:00+00:00,2026-04-06 15:10:00+00:00,long,69372.76,69725.68,TP,0.6651,38.6713,True
2026-04-06 18:10:00+00:00,2026-04-06 19:10:00+00:00,long,69719.95,69606.39,SL,-0.4834,38.1879,True
2026-04-06 19:20:00+00:00,2026-04-06 19:45:00+00:00,long,69837.34,69721.71,SL,-0.4773,37.7106,True
2026-04-06 20:20:00+00:00,2026-04-06 21:00:00+00:00,long,69859.38,69753.15,SL,-0.4714,37.2392,True
2026-04-07 01:10:00+00:00,2026-04-07 01:15:00+00:00,short,68602.71,68715.62,SL,-0.4655,36.7737,True
2026-04-07 01:45:00+00:00,2026-04-07 03:00:00+00:00,short,68584.95,68693.8,SL,-0.4597,36.314,True
2026-04-07 04:10:00+00:00,2026-04-07 04:35:00+00:00,short,68639.09,68844.76,SL,-0.4539,35.8601,True
2026-04-07 05:25:00+00:00,2026-04-07 08:30:00+00:00,short,68700.39,68823.55,SL,-0.4483,35.4118,True
2026-04-07 13:45:00+00:00,2026-04-07 13:50:00+00:00,short,68205.89,68354.49,SL,-0.4426,34.9692,True
2026-04-07 19:45:00+00:00,2026-04-07 20:00:00+00:00,long,68885.13,69341.69,TP,0.612,35.5812,True
2026-04-07 21:05:00+00:00,2026-04-07 21:25:00+00:00,long,69882.98,69519.42,SL,-0.4448,35.1364,True
2026-04-07 21:40:00+00:00,2026-04-07 22:05:00+00:00,long,69845.81,70346.92,TP,0.6149,35.7513,True
2026-04-08 03:30:00+00:00,2026-04-08 03:50:00+00:00,long,71409.03,71291.33,SL,-0.4469,35.3044,True
2026-04-08 04:00:00+00:00,2026-04-08 05:10:00+00:00,long,71321.35,71643.49,TP,0.6178,35.9222,True
2026-04-08 06:20:00+00:00,2026-04-08 06:30:00+00:00,long,71897.41,71778.31,SL,-0.449,35.4732,True
2026-04-08 08:15:00+00:00,2026-04-08 09:40:00+00:00,long,71762.02,71636.37,SL,-0.4434,35.0298,True
2026-04-08 11:15:00+00:00,2026-04-08 11:35:00+00:00,long,71620.47,71417.46,SL,-0.4379,34.5919,True
2026-04-08 11:50:00+00:00,2026-04-08 12:55:00+00:00,long,71702.69,72078.86,TP,0.6054,35.1973,True
2026-04-08 19:45:00+00:00,2026-04-08 21:25:00+00:00,long,71347.23,71715.54,TP,0.616,35.8132,True
2026-04-09 00:30:00+00:00,2026-04-09 02:00:00+00:00,short,70844.62,70962.88,SL,-0.4477,35.3655,True
2026-04-09 03:20:00+00:00,2026-04-09 05:40:00+00:00,short,70960.26,71068.27,SL,-0.4421,34.9235,True
2026-04-09 06:25:00+00:00,2026-04-09 06:55:00+00:00,short,70866.46,71009.36,SL,-0.4365,34.4869,True
2026-04-09 07:30:00+00:00,2026-04-09 08:30:00+00:00,short,70968.55,71108.8,SL,-0.4311,34.0558,True
2026-04-09 09:45:00+00:00,2026-04-09 11:10:00+00:00,long,71333.18,71197.15,SL,-0.4257,33.6301,True
2026-04-09 12:25:00+00:00,2026-04-09 12:35:00+00:00,long,71265.88,71157.52,SL,-0.4204,33.2098,True
2026-04-09 13:10:00+00:00,2026-04-09 13:50:00+00:00,short,71101.92,70754.03,TP,0.5812,33.7909,True
2026-04-09 17:10:00+00:00,2026-04-09 17:25:00+00:00,long,72428.06,72272.56,SL,-0.4224,33.3686,True
2026-04-09 19:40:00+00:00,2026-04-09 20:40:00+00:00,long,72086.08,72436.13,TP,0.584,33.9525,True
2026-04-09 22:15:00+00:00,2026-04-09 22:20:00+00:00,long,73004.66,72788.64,SL,-0.4244,33.5281,True
2026-04-10 00:10:00+00:00,2026-04-10 00:15:00+00:00,long,71815.31,71676.44,SL,-0.4191,33.109,True
2026-04-10 04:15:00+00:00,2026-04-10 05:25:00+00:00,long,71908.54,72247.6,TP,0.5794,33.6884,True
2026-04-10 10:35:00+00:00,2026-04-10 10:50:00+00:00,short,71748.48,71900.73,SL,-0.4211,33.2673,True
2026-04-10 12:40:00+00:00,2026-04-10 13:00:00+00:00,long,72367.26,72248.65,SL,-0.4158,32.8515,True
2026-04-10 14:00:00+00:00,2026-04-10 14:20:00+00:00,long,72461.75,72978.0,TP,0.5749,33.4264,True
2026-04-10 16:50:00+00:00,2026-04-10 20:15:00+00:00,long,72938.99,73295.18,TP,0.585,34.0113,True
2026-04-10 20:50:00+00:00,2026-04-10 21:15:00+00:00,long,73273.16,73104.71,SL,-0.4251,33.5862,True
2026-04-10 23:35:00+00:00,2026-04-11 01:00:00+00:00,long,72940.13,72805.45,SL,-0.4198,33.1664,True
2026-04-11 01:30:00+00:00,2026-04-11 04:15:00+00:00,long,72951.2,72830.09,SL,-0.4146,32.7518,True
2026-04-11 05:25:00+00:00,2026-04-11 06:00:00+00:00,long,72813.96,72676.47,SL,-0.4094,32.3424,True
2026-04-11 07:50:00+00:00,2026-04-11 09:20:00+00:00,short,72726.4,72903.59,SL,-0.4043,31.9381,True
2026-04-11 11:10:00+00:00,2026-04-11 13:05:00+00:00,long,72899.08,72782.58,SL,-0.3992,31.5389,True
2026-04-11 17:30:00+00:00,2026-04-11 18:35:00+00:00,long,73137.19,73660.73,TP,0.5519,32.0908,True
2026-04-11 21:40:00+00:00,2026-04-11 22:30:00+00:00,long,73471.34,73351.04,SL,-0.4011,31.6897,True
2026-04-12 01:30:00+00:00,2026-04-12 01:35:00+00:00,short,72809.78,72095.95,TP,0.5546,32.2442,True
2026-04-12 06:55:00+00:00,2026-04-12 12:50:00+00:00,short,71675.66,71210.23,TP,0.5643,32.8085,True
2026-04-12 14:50:00+00:00,2026-04-12 15:40:00+00:00,short,70784.45,70897.93,SL,-0.4101,32.3984,True
2026-04-12 19:00:00+00:00,2026-04-12 20:40:00+00:00,short,71169.92,71431.7,SL,-0.405,31.9934,True
2026-04-12 21:35:00+00:00,2026-04-12 22:00:00+00:00,short,71311.06,70746.41,TP,0.5599,32.5533,True
2026-04-13 02:05:00+00:00,2026-04-13 05:10:00+00:00,short,71155.23,70820.99,TP,0.5697,33.123,True
2026-04-13 07:10:00+00:00,2026-04-13 12:50:00+00:00,short,70910.5,71141.66,SL,-0.414,32.709,True
2026-04-13 13:35:00+00:00,2026-04-13 13:40:00+00:00,short,70899.43,71007.95,SL,-0.4089,32.3001,True
2026-04-13 13:45:00+00:00,2026-04-13 14:25:00+00:00,long,71337.41,71665.67,TP,0.5653,32.8653,True
2026-04-13 16:25:00+00:00,2026-04-13 17:30:00+00:00,long,72170.93,72511.62,TP,0.5751,33.4405,True
2026-04-13 18:55:00+00:00,2026-04-13 19:25:00+00:00,long,72457.69,72844.98,TP,0.5852,34.0257,True
2026-04-13 22:15:00+00:00,2026-04-13 22:25:00+00:00,long,74253.0,74131.63,SL,-0.4253,33.6004,True
2026-04-14 01:50:00+00:00,2026-04-14 03:25:00+00:00,long,74426.34,74291.68,SL,-0.42,33.1804,True
2026-04-14 03:40:00+00:00,2026-04-14 05:00:00+00:00,long,74488.78,74374.21,SL,-0.4148,32.7656,True
2026-04-14 06:15:00+00:00,2026-04-14 07:10:00+00:00,long,74412.57,74758.68,TP,0.5734,33.339,True
2026-04-14 08:30:00+00:00,2026-04-14 09:35:00+00:00,long,74779.54,74655.03,SL,-0.4167,32.9223,True
2026-04-14 11:55:00+00:00,2026-04-14 12:10:00+00:00,long,74456.0,74314.99,SL,-0.4115,32.5107,True
2026-04-14 12:35:00+00:00,2026-04-14 13:20:00+00:00,long,74355.46,74751.48,TP,0.5689,33.0797,True
2026-04-14 15:50:00+00:00,2026-04-14 16:30:00+00:00,long,75378.64,75242.76,SL,-0.4135,32.6662,True
2026-04-14 18:00:00+00:00,2026-04-14 18:10:00+00:00,long,74787.96,74664.94,SL,-0.4083,32.2579,True
2026-04-14 18:30:00+00:00,2026-04-14 18:45:00+00:00,short,74493.91,73946.85,TP,0.5645,32.8224,True
2026-04-14 21:35:00+00:00,2026-04-14 21:50:00+00:00,short,74085.11,74255.59,SL,-0.4103,32.4121,True
2026-04-14 22:25:00+00:00,2026-04-14 22:50:00+00:00,short,73964.49,74115.49,SL,-0.4052,32.0069,True
2026-04-15 05:05:00+00:00,2026-04-15 05:35:00+00:00,short,74272.0,73934.22,TP,0.5601,32.5671,True
2026-04-15 07:15:00+00:00,2026-04-15 08:10:00+00:00,short,73684.36,73876.66,SL,-0.4071,32.16,True
2026-04-15 09:25:00+00:00,2026-04-15 10:05:00+00:00,short,73980.03,74161.77,SL,-0.402,31.758,True
2026-04-15 10:20:00+00:00,2026-04-15 11:45:00+00:00,short,74010.29,74132.17,SL,-0.397,31.361,True
2026-04-15 14:20:00+00:00,2026-04-15 14:30:00+00:00,long,74464.42,74325.99,SL,-0.392,30.969,True
2026-04-15 14:40:00+00:00,2026-04-15 14:45:00+00:00,short,73977.29,74126.08,SL,-0.3871,30.5819,True
2026-04-15 15:10:00+00:00,2026-04-15 15:15:00+00:00,long,74311.38,74162.98,SL,-0.3823,30.1996,True
2026-04-15 15:20:00+00:00,2026-04-15 15:30:00+00:00,short,74068.79,73672.87,TP,0.5285,30.7281,True
2026-04-15 16:50:00+00:00,2026-04-15 17:00:00+00:00,short,73861.47,74083.71,SL,-0.3841,30.344,True
2026-04-15 22:00:00+00:00,2026-04-15 23:00:00+00:00,long,75013.31,74848.65,SL,-0.3793,29.9647,True
2026-04-16 00:35:00+00:00,2026-04-16 01:05:00+00:00,long,74799.53,74614.53,SL,-0.3746,29.5901,True
2026-04-16 01:40:00+00:00,2026-04-16 02:35:00+00:00,long,74705.15,75071.22,TP,0.5178,30.108,True
2026-04-16 04:40:00+00:00,2026-04-16 04:45:00+00:00,long,75130.84,74845.88,SL,-0.3764,29.7316,True
2026-04-16 05:20:00+00:00,2026-04-16 07:10:00+00:00,long,75073.11,74930.01,SL,-0.3716,29.36,True
2026-04-16 09:50:00+00:00,2026-04-16 10:45:00+00:00,short,74662.93,74290.79,TP,0.5138,29.8738,True
2026-04-16 12:55:00+00:00,2026-04-16 13:05:00+00:00,short,74632.87,74763.53,SL,-0.3734,29.5003,True
2026-04-16 13:40:00+00:00,2026-04-16 13:50:00+00:00,short,74619.17,73428.18,TP,0.5163,30.0166,True
2026-04-16 16:30:00+00:00,2026-04-16 17:10:00+00:00,short,74327.8,73968.84,TP,0.5253,30.5419,True
2026-04-16 23:05:00+00:00,2026-04-17 01:20:00+00:00,long,75006.64,74708.79,SL,-0.3818,30.1601,True
2026-04-17 05:05:00+00:00,2026-04-17 05:20:00+00:00,short,74627.99,74748.34,SL,-0.377,29.7831,True
2026-04-17 06:10:00+00:00,2026-04-17 08:05:00+00:00,long,74775.99,75119.06,TP,0.5212,30.3043,True
2026-04-17 08:30:00+00:00,2026-04-17 08:50:00+00:00,long,75378.75,75782.98,TP,0.5303,30.8346,True
2026-04-17 11:30:00+00:00,2026-04-17 11:40:00+00:00,long,75587.26,75413.31,SL,-0.3854,30.4492,True
2026-04-17 18:40:00+00:00,2026-04-17 18:45:00+00:00,long,77420.38,77300.05,SL,-0.3806,30.0686,True
2026-04-17 19:10:00+00:00,2026-04-17 23:15:00+00:00,long,77264.99,76941.99,SL,-0.3759,29.6927,True
2026-04-18 00:00:00+00:00,2026-04-18 00:40:00+00:00,long,77204.06,77047.5,SL,-0.3712,29.3216,True
2026-04-18 02:10:00+00:00,2026-04-18 03:25:00+00:00,long,77321.02,77202.0,SL,-0.3665,28.9551,True
2026-04-18 04:50:00+00:00,2026-04-18 07:45:00+00:00,long,77124.66,76990.02,SL,-0.3619,28.5931,True
2026-04-18 10:05:00+00:00,2026-04-18 11:35:00+00:00,short,76286.3,75866.38,TP,0.5004,29.0935,True
2026-04-18 13:30:00+00:00,2026-04-18 13:50:00+00:00,short,76034.08,76170.35,SL,-0.3637,28.7298,True
2026-04-18 15:35:00+00:00,2026-04-18 17:10:00+00:00,short,76213.03,75864.54,TP,0.5028,29.2326,True
2026-04-18 18:00:00+00:00,2026-04-19 06:10:00+00:00,short,75789.97,75432.5,TP,0.5116,29.7442,True
2026-04-19 09:20:00+00:00,2026-04-19 10:50:00+00:00,short,75084.59,75225.61,SL,-0.3718,29.3724,True
2026-04-19 12:25:00+00:00,2026-04-19 13:00:00+00:00,short,75546.49,75718.72,SL,-0.3672,29.0052,True
2026-04-19 13:05:00+00:00,2026-04-19 15:35:00+00:00,long,75804.0,75678.9,SL,-0.3626,28.6426,True
2026-04-19 20:15:00+00:00,2026-04-19 20:30:00+00:00,short,74711.98,74900.47,SL,-0.358,28.2846,True
2026-04-19 20:40:00+00:00,2026-04-19 20:50:00+00:00,short,74580.0,74729.25,SL,-0.3536,27.9311,True
2026-04-19 21:50:00+00:00,2026-04-19 22:00:00+00:00,short,74461.2,73906.91,TP,0.4888,28.4199,True
2026-04-20 02:10:00+00:00,2026-04-20 02:35:00+00:00,short,74425.34,74539.14,SL,-0.3552,28.0646,True
2026-04-20 04:10:00+00:00,2026-04-20 05:20:00+00:00,short,74539.47,74181.04,TP,0.4911,28.5557,True
2026-04-20 09:10:00+00:00,2026-04-20 10:15:00+00:00,long,75058.43,75413.17,TP,0.4997,29.0555,True
2026-04-20 12:10:00+00:00,2026-04-20 12:40:00+00:00,long,75382.94,75254.0,SL,-0.3632,28.6923,True
2026-04-20 14:15:00+00:00,2026-04-20 14:50:00+00:00,long,75334.61,75061.8,SL,-0.3587,28.3336,True
2026-04-20 15:25:00+00:00,2026-04-20 15:30:00+00:00,long,75747.39,75601.0,SL,-0.3542,27.9794,True
2026-04-20 17:10:00+00:00,2026-04-20 18:00:00+00:00,long,75686.3,76100.02,TP,0.4896,28.4691,True
2026-04-20 18:50:00+00:00,2026-04-20 19:15:00+00:00,long,76448.27,76311.99,SL,-0.3559,28.1132,True
2026-04-20 22:05:00+00:00,2026-04-20 22:15:00+00:00,long,76086.26,75966.9,SL,-0.3514,27.7618,True
2026-04-20 23:45:00+00:00,2026-04-21 00:05:00+00:00,long,75890.3,75760.01,SL,-0.347,27.4148,True
2026-04-21 06:30:00+00:00,2026-04-21 07:00:00+00:00,long,76088.85,75922.48,SL,-0.3427,27.0721,True
2026-04-21 08:20:00+00:00,2026-04-21 09:30:00+00:00,long,76363.72,76242.87,SL,-0.3384,26.7337,True
2026-04-21 10:20:00+00:00,2026-04-21 11:10:00+00:00,long,76598.55,76429.98,SL,-0.3342,26.3995,True
2026-04-21 15:00:00+00:00,2026-04-21 15:15:00+00:00,short,75681.54,75979.95,SL,-0.33,26.0695,True
2026-04-21 17:00:00+00:00,2026-04-21 17:15:00+00:00,short,75752.82,75107.18,TP,0.4562,26.5257,True
2026-04-21 19:35:00+00:00,2026-04-21 19:40:00+00:00,short,75278.0,74874.37,TP,0.4642,26.9899,True
2026-04-21 21:25:00+00:00,2026-04-21 23:00:00+00:00,short,75592.44,75776.85,SL,-0.3374,26.6526,True
2026-04-22 02:10:00+00:00,2026-04-22 02:25:00+00:00,long,76756.59,77235.0,TP,0.4664,27.119,True
2026-04-22 05:20:00+00:00,2026-04-22 05:35:00+00:00,long,78217.86,78039.99,SL,-0.339,26.78,True
2026-04-22 08:10:00+00:00,2026-04-22 08:25:00+00:00,long,78159.54,77980.0,SL,-0.3347,26.4453,True
2026-04-22 09:25:00+00:00,2026-04-22 09:50:00+00:00,long,78171.96,78009.73,SL,-0.3306,26.1147,True
2026-04-22 10:30:00+00:00,2026-04-22 13:40:00+00:00,long,78179.4,78657.92,TP,0.457,26.5717,True
2026-04-22 15:35:00+00:00,2026-04-22 16:15:00+00:00,long,79307.78,79164.85,SL,-0.3321,26.2395,True
2026-04-22 17:50:00+00:00,2026-04-22 19:00:00+00:00,long,79024.01,78826.01,SL,-0.328,25.9116,True
2026-04-22 19:25:00+00:00,2026-04-22 19:35:00+00:00,long,79062.64,78904.43,SL,-0.3239,25.5877,True
2026-04-22 21:10:00+00:00,2026-04-22 23:20:00+00:00,long,78620.85,78335.76,SL,-0.3198,25.2678,True
2026-04-23 01:15:00+00:00,2026-04-23 01:40:00+00:00,short,78178.85,78324.2,SL,-0.3158,24.952,True
2026-04-23 01:45:00+00:00,2026-04-23 02:00:00+00:00,long,78410.48,78282.74,SL,-0.3119,24.6401,True
2026-04-23 02:15:00+00:00,2026-04-23 03:10:00+00:00,short,78124.91,77762.56,TP,0.4312,25.0713,True
2026-04-23 05:35:00+00:00,2026-04-23 05:45:00+00:00,short,77821.65,78007.81,SL,-0.3134,24.7579,True
2026-04-23 10:05:00+00:00,2026-04-23 10:35:00+00:00,short,77326.08,77454.01,SL,-0.3095,24.4484,True
2026-04-23 13:10:00+00:00,2026-04-23 14:30:00+00:00,short,77685.78,77853.98,SL,-0.3056,24.1428,True
2026-04-23 18:05:00+00:00,2026-04-23 18:55:00+00:00,long,77998.99,77739.09,SL,-0.3018,23.841,True
2026-04-23 19:00:00+00:00,2026-04-23 19:15:00+00:00,short,77652.74,77853.4,SL,-0.298,23.543,True
2026-04-23 19:30:00+00:00,2026-04-23 20:00:00+00:00,short,77734.79,77878.19,SL,-0.2943,23.2487,True
2026-04-24 00:10:00+00:00,2026-04-24 01:05:00+00:00,long,78321.46,78168.12,SL,-0.2906,22.9581,True
2026-04-24 01:50:00+00:00,2026-04-24 02:20:00+00:00,long,78420.97,78292.0,SL,-0.287,22.6711,True
2026-04-24 04:35:00+00:00,2026-04-24 04:45:00+00:00,short,77599.19,77744.04,SL,-0.2834,22.3877,True
2026-04-24 06:55:00+00:00,2026-04-24 08:20:00+00:00,short,77813.12,77942.78,SL,-0.2798,22.1079,True
2026-04-24 09:05:00+00:00,2026-04-24 09:40:00+00:00,short,77467.68,77604.16,SL,-0.2763,21.8315,True
2026-04-24 14:50:00+00:00,2026-04-24 15:00:00+00:00,long,78054.65,77878.4,SL,-0.2729,21.5587,True
2026-04-24 15:05:00+00:00,2026-04-24 15:20:00+00:00,short,77669.0,77819.77,SL,-0.2695,21.2892,True
2026-04-24 15:40:00+00:00,2026-04-24 16:10:00+00:00,long,78004.96,77814.72,SL,-0.2661,21.0231,True
2026-04-24 16:20:00+00:00,2026-04-24 16:30:00+00:00,short,77761.92,77886.88,SL,-0.2628,20.7603,True
2026-04-24 18:15:00+00:00,2026-04-24 18:30:00+00:00,short,77437.53,77605.55,SL,-0.2595,20.5008,True
2026-04-24 20:20:00+00:00,2026-04-24 20:35:00+00:00,short,77541.1,77683.51,SL,-0.2563,20.2445,True
2026-04-24 21:30:00+00:00,2026-04-25 09:35:00+00:00,short,77626.09,77749.12,SL,-0.2531,19.9914,True
2026-04-25 13:10:00+00:00,2026-04-25 15:45:00+00:00,long,77663.49,77518.32,SL,-0.2499,19.7416,True
2026-04-25 17:45:00+00:00,2026-04-25 20:15:00+00:00,short,77280.83,77399.84,SL,-0.2468,19.4948,True
2026-04-25 21:35:00+00:00,2026-04-25 22:30:00+00:00,short,77470.23,77644.9,SL,-0.2437,19.2511,True
