entry_time,exit_time,direction,result,pnl,capital
2026-02-27 03:00:00+00:00,2026-02-27 03:50:00+00:00,short,SL,-1.0,99.0
2026-02-27 07:50:00+00:00,2026-02-27 08:45:00+00:00,long,TP,1.98,100.98
2026-02-27 14:45:00+00:00,2026-02-27 15:05:00+00:00,short,SL,-1.0098,99.9702
2026-02-27 16:10:00+00:00,2026-02-27 16:30:00+00:00,short,SL,-0.9997,98.9705
2026-02-27 18:55:00+00:00,2026-02-27 20:00:00+00:00,short,SL,-0.9897,97.9808
2026-02-27 21:45:00+00:00,2026-02-27 22:35:00+00:00,short,TP,1.9596,99.9404
2026-02-28 00:25:00+00:00,2026-02-28 00:40:00+00:00,short,SL,-0.9994,98.941
2026-02-28 03:05:00+00:00,2026-02-28 04:30:00+00:00,short,TP,1.9788,100.9198
2026-02-28 05:35:00+00:00,2026-02-28 06:15:00+00:00,short,TP,2.0184,102.9382
2026-02-28 11:45:00+00:00,2026-02-28 13:45:00+00:00,short,SL,-1.0294,101.9088
2026-02-28 14:50:00+00:00,2026-02-28 15:25:00+00:00,short,SL,-1.0191,100.8898
2026-02-28 15:45:00+00:00,2026-02-28 16:40:00+00:00,long,TP,2.0178,102.9075
2026-02-28 17:55:00+00:00,2026-02-28 18:15:00+00:00,long,SL,-1.0291,101.8785
2026-02-28 18:30:00+00:00,2026-02-28 18:35:00+00:00,long,TP,2.0376,103.916
2026-02-28 19:30:00+00:00,2026-02-28 19:50:00+00:00,long,TP,2.0783,105.9944
2026-02-28 22:20:00+00:00,2026-02-28 22:35:00+00:00,long,TP,2.1199,108.1143
2026-03-01 01:40:00+00:00,2026-03-01 01:45:00+00:00,long,TP,2.1623,110.2765
2026-03-01 05:20:00+00:00,2026-03-01 05:50:00+00:00,long,SL,-1.1028,109.1738
2026-03-01 07:15:00+00:00,2026-03-01 08:25:00+00:00,long,TP,2.1835,111.3572
2026-03-01 08:50:00+00:00,2026-03-01 09:15:00+00:00,short,SL,-1.1136,110.2437
2026-03-01 12:30:00+00:00,2026-03-01 12:40:00+00:00,short,SL,-1.1024,109.1412
2026-03-01 13:20:00+00:00,2026-03-01 13:40:00+00:00,short,SL,-1.0914,108.0498
2026-03-01 15:15:00+00:00,2026-03-01 15:20:00+00:00,long,SL,-1.0805,106.9693
2026-03-01 19:15:00+00:00,2026-03-01 20:10:00+00:00,short,TP,2.1394,109.1087
2026-03-01 22:35:00+00:00,2026-03-01 22:40:00+00:00,short,SL,-1.0911,108.0176
2026-03-02 03:15:00+00:00,2026-03-02 03:25:00+00:00,long,TP,2.1604,110.178
2026-03-02 05:50:00+00:00,2026-03-02 06:00:00+00:00,long,SL,-1.1018,109.0762
2026-03-02 09:55:00+00:00,2026-03-02 12:45:00+00:00,short,TP,2.1815,111.2577
2026-03-02 20:00:00+00:00,2026-03-02 20:05:00+00:00,long,SL,-1.1126,110.1451
2026-03-02 20:20:00+00:00,2026-03-02 20:45:00+00:00,long,TP,2.2029,112.348
2026-03-03 00:35:00+00:00,2026-03-03 01:15:00+00:00,long,SL,-1.1235,111.2246
2026-03-03 03:30:00+00:00,2026-03-03 03:45:00+00:00,long,SL,-1.1122,110.1123
2026-03-03 04:40:00+00:00,2026-03-03 05:15:00+00:00,short,SL,-1.1011,109.0112
2026-03-03 05:45:00+00:00,2026-03-03 06:55:00+00:00,short,SL,-1.0901,107.9211
2026-03-03 08:20:00+00:00,2026-03-03 08:30:00+00:00,short,TP,2.1584,110.0795
2026-03-03 12:50:00+00:00,2026-03-03 13:35:00+00:00,short,TP,2.2016,112.2811
2026-03-03 14:30:00+00:00,2026-03-03 14:35:00+00:00,short,SL,-1.1228,111.1583
2026-03-03 14:40:00+00:00,2026-03-03 15:25:00+00:00,short,SL,-1.1116,110.0467
2026-03-03 18:25:00+00:00,2026-03-03 19:05:00+00:00,long,SL,-1.1005,108.9462
2026-03-03 21:55:00+00:00,2026-03-03 22:00:00+00:00,long,TP,2.1789,111.1252
2026-03-04 01:30:00+00:00,2026-03-04 01:50:00+00:00,long,SL,-1.1113,110.0139
2026-03-04 02:55:00+00:00,2026-03-04 03:25:00+00:00,long,SL,-1.1001,108.9138
2026-03-04 03:25:00+00:00,2026-03-04 03:35:00+00:00,short,TP,2.1783,111.092
2026-03-04 07:25:00+00:00,2026-03-04 07:45:00+00:00,long,TP,2.2218,113.3139
2026-03-04 12:50:00+00:00,2026-03-04 13:05:00+00:00,long,TP,2.2663,115.5802
2026-03-04 15:05:00+00:00,2026-03-04 15:25:00+00:00,long,TP,2.3116,117.8918
2026-03-04 17:10:00+00:00,2026-03-04 17:15:00+00:00,long,SL,-1.1789,116.7129
2026-03-04 18:50:00+00:00,2026-03-04 20:05:00+00:00,long,SL,-1.1671,115.5457
2026-03-04 21:40:00+00:00,2026-03-04 22:35:00+00:00,long,SL,-1.1555,114.3903
2026-03-04 23:50:00+00:00,2026-03-05 00:20:00+00:00,long,TP,2.2878,116.6781
2026-03-05 02:20:00+00:00,2026-03-05 02:30:00+00:00,long,SL,-1.1668,115.5113
2026-03-05 03:05:00+00:00,2026-03-05 03:30:00+00:00,long,SL,-1.1551,114.3562
2026-03-05 04:00:00+00:00,2026-03-05 04:20:00+00:00,long,TP,2.2871,116.6433
2026-03-05 06:35:00+00:00,2026-03-05 07:40:00+00:00,long,SL,-1.1664,115.4769
2026-03-05 12:55:00+00:00,2026-03-05 13:00:00+00:00,long,SL,-1.1548,114.3221
2026-03-05 14:40:00+00:00,2026-03-05 14:50:00+00:00,short,SL,-1.1432,113.1789
2026-03-05 14:55:00+00:00,2026-03-05 15:00:00+00:00,long,SL,-1.1318,112.0471
2026-03-05 15:05:00+00:00,2026-03-05 15:10:00+00:00,short,TP,2.2409,114.288
2026-03-05 17:35:00+00:00,2026-03-05 18:05:00+00:00,short,SL,-1.1429,113.1452
2026-03-05 19:55:00+00:00,2026-03-05 20:15:00+00:00,short,SL,-1.1315,112.0137
2026-03-05 21:40:00+00:00,2026-03-05 23:45:00+00:00,short,TP,2.2403,114.254
2026-03-06 01:20:00+00:00,2026-03-06 01:25:00+00:00,short,TP,2.2851,116.5391
2026-03-06 03:05:00+00:00,2026-03-06 04:10:00+00:00,short,TP,2.3308,118.8698
2026-03-06 08:20:00+00:00,2026-03-06 09:10:00+00:00,short,TP,2.3774,121.2472
2026-03-06 11:00:00+00:00,2026-03-06 12:00:00+00:00,short,TP,2.4249,123.6722
2026-03-06 13:55:00+00:00,2026-03-06 14:05:00+00:00,short,TP,2.4734,126.1456
2026-03-06 16:20:00+00:00,2026-03-06 16:25:00+00:00,short,SL,-1.2615,124.8842
2026-03-06 17:30:00+00:00,2026-03-06 17:35:00+00:00,short,TP,2.4977,127.3818
2026-03-06 19:35:00+00:00,2026-03-06 20:25:00+00:00,short,TP,2.5476,129.9295
2026-03-06 23:05:00+00:00,2026-03-07 03:10:00+00:00,short,SL,-1.2993,128.6302
2026-03-07 03:35:00+00:00,2026-03-07 04:00:00+00:00,short,TP,2.5726,131.2028
2026-03-07 05:15:00+00:00,2026-03-07 07:00:00+00:00,short,TP,2.6241,133.8268
2026-03-07 09:00:00+00:00,2026-03-07 09:10:00+00:00,short,SL,-1.3383,132.4886
2026-03-07 10:25:00+00:00,2026-03-07 11:15:00+00:00,short,SL,-1.3249,131.1637
2026-03-07 11:55:00+00:00,2026-03-07 14:10:00+00:00,short,TP,2.6233,133.787
2026-03-07 15:40:00+00:00,2026-03-07 18:35:00+00:00,short,TP,2.6757,136.4627
2026-03-07 22:20:00+00:00,2026-03-08 00:10:00+00:00,short,SL,-1.3646,135.0981
2026-03-08 00:35:00+00:00,2026-03-08 02:50:00+00:00,short,TP,2.702,137.8
2026-03-08 02:50:00+00:00,2026-03-08 04:55:00+00:00,short,TP,2.756,140.556
2026-03-08 06:30:00+00:00,2026-03-08 07:05:00+00:00,short,SL,-1.4056,139.1505
2026-03-08 07:50:00+00:00,2026-03-08 08:40:00+00:00,short,SL,-1.3915,137.759
2026-03-08 08:45:00+00:00,2026-03-08 09:15:00+00:00,long,TP,2.7552,140.5142
2026-03-08 13:10:00+00:00,2026-03-08 13:50:00+00:00,short,SL,-1.4051,139.109
2026-03-08 15:35:00+00:00,2026-03-08 16:35:00+00:00,short,TP,2.7822,141.8912
2026-03-08 18:10:00+00:00,2026-03-08 19:15:00+00:00,short,SL,-1.4189,140.4723
2026-03-08 20:15:00+00:00,2026-03-08 20:35:00+00:00,short,SL,-1.4047,139.0676
2026-03-08 20:35:00+00:00,2026-03-08 20:50:00+00:00,long,SL,-1.3907,137.6769
2026-03-08 20:55:00+00:00,2026-03-08 21:10:00+00:00,short,TP,2.7535,140.4304
2026-03-08 23:55:00+00:00,2026-03-09 00:05:00+00:00,short,SL,-1.4043,139.0261
2026-03-09 01:55:00+00:00,2026-03-09 02:35:00+00:00,short,SL,-1.3903,137.6359
2026-03-09 04:25:00+00:00,2026-03-09 04:50:00+00:00,long,SL,-1.3764,136.2595
2026-03-09 05:40:00+00:00,2026-03-09 06:05:00+00:00,long,SL,-1.3626,134.8969
2026-03-09 07:40:00+00:00,2026-03-09 08:20:00+00:00,long,TP,2.6979,137.5948
2026-03-09 11:50:00+00:00,2026-03-09 12:20:00+00:00,long,TP,2.7519,140.3467
2026-03-09 16:50:00+00:00,2026-03-09 16:55:00+00:00,long,SL,-1.4035,138.9433
2026-03-09 18:30:00+00:00,2026-03-09 18:50:00+00:00,long,SL,-1.3894,137.5538
2026-03-09 19:00:00+00:00,2026-03-09 19:20:00+00:00,long,TP,2.7511,140.3049
2026-03-09 21:05:00+00:00,2026-03-09 21:20:00+00:00,long,SL,-1.403,138.9019
2026-03-10 00:15:00+00:00,2026-03-10 00:25:00+00:00,long,TP,2.778,141.6799
2026-03-10 01:55:00+00:00,2026-03-10 02:30:00+00:00,long,TP,2.8336,144.5135
2026-03-10 04:50:00+00:00,2026-03-10 05:00:00+00:00,long,TP,2.8903,147.4038
2026-03-10 07:05:00+00:00,2026-03-10 08:05:00+00:00,long,TP,2.9481,150.3518
2026-03-10 09:25:00+00:00,2026-03-10 09:45:00+00:00,long,SL,-1.5035,148.8483
2026-03-10 12:50:00+00:00,2026-03-10 13:25:00+00:00,long,TP,2.977,151.8253
2026-03-10 13:35:00+00:00,2026-03-10 13:45:00+00:00,short,SL,-1.5183,150.307
2026-03-10 14:40:00+00:00,2026-03-10 14:50:00+00:00,long,TP,3.0061,153.3132
2026-03-10 15:55:00+00:00,2026-03-10 16:05:00+00:00,long,SL,-1.5331,151.78
2026-03-10 19:30:00+00:00,2026-03-10 19:40:00+00:00,short,SL,-1.5178,150.2622
2026-03-10 21:25:00+00:00,2026-03-10 21:45:00+00:00,short,TP,3.0052,153.2675
2026-03-11 01:30:00+00:00,2026-03-11 02:35:00+00:00,short,TP,3.0654,156.3328
2026-03-11 05:30:00+00:00,2026-03-11 05:40:00+00:00,short,TP,3.1267,159.4595
2026-03-11 07:30:00+00:00,2026-03-11 09:35:00+00:00,short,TP,3.1892,162.6487
2026-03-11 09:35:00+00:00,2026-03-11 09:40:00+00:00,short,SL,-1.6265,161.0222
2026-03-11 09:55:00+00:00,2026-03-11 10:40:00+00:00,short,SL,-1.6102,159.412
2026-03-11 11:25:00+00:00,2026-03-11 12:00:00+00:00,short,TP,3.1882,162.6002
2026-03-11 14:20:00+00:00,2026-03-11 14:35:00+00:00,long,TP,3.252,165.8522
2026-03-11 16:15:00+00:00,2026-03-11 17:00:00+00:00,long,TP,3.317,169.1693
2026-03-11 19:40:00+00:00,2026-03-11 20:10:00+00:00,long,SL,-1.6917,167.4776
2026-03-11 20:45:00+00:00,2026-03-11 22:10:00+00:00,long,TP,3.3496,170.8271
2026-03-12 01:00:00+00:00,2026-03-12 02:15:00+00:00,short,TP,3.4165,174.2437
2026-03-12 02:15:00+00:00,2026-03-12 02:35:00+00:00,short,TP,3.4849,177.7285
2026-03-12 04:50:00+00:00,2026-03-12 05:40:00+00:00,short,SL,-1.7773,175.9513
2026-03-12 08:40:00+00:00,2026-03-12 09:40:00+00:00,short,SL,-1.7595,174.1917
2026-03-12 09:40:00+00:00,2026-03-12 10:05:00+00:00,long,SL,-1.7419,172.4498
2026-03-12 14:10:00+00:00,2026-03-12 14:15:00+00:00,long,SL,-1.7245,170.7253
2026-03-12 14:25:00+00:00,2026-03-12 14:35:00+00:00,short,TP,3.4145,174.1398
2026-03-12 19:20:00+00:00,2026-03-12 19:50:00+00:00,long,TP,3.4828,177.6226
2026-03-12 21:15:00+00:00,2026-03-12 22:15:00+00:00,long,SL,-1.7762,175.8464
2026-03-12 23:05:00+00:00,2026-03-13 00:10:00+00:00,long,TP,3.5169,179.3633
2026-03-13 03:55:00+00:00,2026-03-13 05:10:00+00:00,long,SL,-1.7936,177.5697
2026-03-13 05:20:00+00:00,2026-03-13 06:25:00+00:00,long,SL,-1.7757,175.794
2026-03-13 07:10:00+00:00,2026-03-13 08:35:00+00:00,long,TP,3.5159,179.3099
2026-03-13 09:45:00+00:00,2026-03-13 10:15:00+00:00,long,TP,3.5862,182.8961
2026-03-13 12:45:00+00:00,2026-03-13 12:50:00+00:00,long,SL,-1.829,181.0671
2026-03-13 17:40:00+00:00,2026-03-13 20:10:00+00:00,short,SL,-1.8107,179.2565
2026-03-13 21:25:00+00:00,2026-03-13 22:00:00+00:00,short,TP,3.5851,182.8416
2026-03-14 00:40:00+00:00,2026-03-14 01:20:00+00:00,short,SL,-1.8284,181.0132
2026-03-14 01:35:00+00:00,2026-03-14 01:40:00+00:00,short,SL,-1.8101,179.203
2026-03-14 02:45:00+00:00,2026-03-14 03:05:00+00:00,short,SL,-1.792,177.411
2026-03-14 04:50:00+00:00,2026-03-14 06:15:00+00:00,short,TP,3.5482,180.9592
2026-03-14 07:45:00+00:00,2026-03-14 08:05:00+00:00,short,SL,-1.8096,179.1496
2026-03-14 09:45:00+00:00,2026-03-14 11:00:00+00:00,short,SL,-1.7915,177.3581
2026-03-14 12:30:00+00:00,2026-03-14 13:20:00+00:00,short,SL,-1.7736,175.5846
2026-03-14 14:10:00+00:00,2026-03-14 23:00:00+00:00,short,SL,-1.7558,173.8287
2026-03-14 23:00:00+00:00,2026-03-14 23:40:00+00:00,long,TP,3.4766,177.3053
2026-03-15 02:00:00+00:00,2026-03-15 04:05:00+00:00,long,TP,3.5461,180.8514
2026-03-15 04:10:00+00:00,2026-03-15 06:30:00+00:00,long,SL,-1.8085,179.0429
2026-03-15 07:10:00+00:00,2026-03-15 07:35:00+00:00,long,SL,-1.7904,177.2524
2026-03-15 08:10:00+00:00,2026-03-15 09:15:00+00:00,long,TP,3.545,180.7975
2026-03-15 11:50:00+00:00,2026-03-15 12:20:00+00:00,long,SL,-1.808,178.9895
2026-03-15 13:55:00+00:00,2026-03-15 14:35:00+00:00,long,SL,-1.7899,177.1996
2026-03-15 16:15:00+00:00,2026-03-15 17:40:00+00:00,short,SL,-1.772,175.4276
2026-03-15 18:45:00+00:00,2026-03-15 20:30:00+00:00,short,SL,-1.7543,173.6734
2026-03-15 20:30:00+00:00,2026-03-15 21:35:00+00:00,long,TP,3.4735,177.1468
2026-03-15 22:35:00+00:00,2026-03-15 22:45:00+00:00,long,TP,3.5429,180.6898
2026-03-16 01:50:00+00:00,2026-03-16 02:15:00+00:00,long,SL,-1.8069,178.8829
2026-03-16 03:15:00+00:00,2026-03-16 03:30:00+00:00,long,TP,3.5777,182.4605
2026-03-16 09:25:00+00:00,2026-03-16 10:55:00+00:00,long,TP,3.6492,186.1097
2026-03-16 12:25:00+00:00,2026-03-16 13:30:00+00:00,long,TP,3.7222,189.8319
2026-03-16 15:20:00+00:00,2026-03-16 15:35:00+00:00,long,SL,-1.8983,187.9336
2026-03-16 16:30:00+00:00,2026-03-16 16:50:00+00:00,long,TP,3.7587,191.6923
2026-03-16 20:45:00+00:00,2026-03-16 21:15:00+00:00,long,TP,3.8338,195.5261
2026-03-16 23:40:00+00:00,2026-03-17 00:10:00+00:00,long,TP,3.9105,199.4366
2026-03-17 01:05:00+00:00,2026-03-17 01:10:00+00:00,long,TP,3.9887,203.4254
2026-03-17 05:45:00+00:00,2026-03-17 05:50:00+00:00,short,SL,-2.0343,201.3911
2026-03-17 08:15:00+00:00,2026-03-17 08:20:00+00:00,short,SL,-2.0139,199.3772
2026-03-17 08:40:00+00:00,2026-03-17 08:55:00+00:00,long,SL,-1.9938,197.3834
2026-03-17 08:55:00+00:00,2026-03-17 10:05:00+00:00,short,TP,3.9477,201.3311
2026-03-17 12:25:00+00:00,2026-03-17 13:30:00+00:00,short,SL,-2.0133,199.3178
2026-03-17 13:50:00+00:00,2026-03-17 13:55:00+00:00,short,SL,-1.9932,197.3246
2026-03-17 15:25:00+00:00,2026-03-17 15:35:00+00:00,short,TP,3.9465,201.2711
2026-03-17 16:20:00+00:00,2026-03-17 16:30:00+00:00,long,SL,-2.0127,199.2584
2026-03-17 16:45:00+00:00,2026-03-17 17:00:00+00:00,short,SL,-1.9926,197.2658
2026-03-17 19:10:00+00:00,2026-03-17 19:25:00+00:00,long,SL,-1.9727,195.2932
2026-03-17 21:10:00+00:00,2026-03-17 21:25:00+00:00,long,SL,-1.9529,193.3402
2026-03-18 03:25:00+00:00,2026-03-18 04:15:00+00:00,long,SL,-1.9334,191.4068
2026-03-18 07:00:00+00:00,2026-03-18 09:10:00+00:00,short,SL,-1.9141,189.4928
2026-03-18 10:05:00+00:00,2026-03-18 11:05:00+00:00,short,TP,3.7899,193.2826
2026-03-18 14:25:00+00:00,2026-03-18 14:35:00+00:00,short,SL,-1.9328,191.3498
2026-03-18 18:40:00+00:00,2026-03-18 18:50:00+00:00,short,TP,3.827,195.1768
2026-03-18 22:00:00+00:00,2026-03-18 23:30:00+00:00,short,SL,-1.9518,193.225
2026-03-19 00:10:00+00:00,2026-03-19 03:15:00+00:00,short,SL,-1.9323,191.2928
2026-03-19 03:50:00+00:00,2026-03-19 04:05:00+00:00,short,TP,3.8259,195.1186
2026-03-19 05:30:00+00:00,2026-03-19 06:05:00+00:00,short,SL,-1.9512,193.1674
2026-03-19 06:35:00+00:00,2026-03-19 07:05:00+00:00,short,TP,3.8633,197.0308
2026-03-19 10:35:00+00:00,2026-03-19 11:50:00+00:00,short,TP,3.9406,200.9714
2026-03-19 14:25:00+00:00,2026-03-19 14:40:00+00:00,short,SL,-2.0097,198.9617
2026-03-19 15:30:00+00:00,2026-03-19 15:40:00+00:00,short,TP,3.9792,202.9409
2026-03-19 17:05:00+00:00,2026-03-19 17:15:00+00:00,short,SL,-2.0294,200.9115
2026-03-19 18:30:00+00:00,2026-03-19 18:55:00+00:00,short,SL,-2.0091,198.9024
2026-03-19 21:10:00+00:00,2026-03-19 21:30:00+00:00,long,SL,-1.989,196.9134
2026-03-20 03:00:00+00:00,2026-03-20 04:00:00+00:00,long,TP,3.9383,200.8516
2026-03-20 07:25:00+00:00,2026-03-20 07:40:00+00:00,long,TP,4.017,204.8687
2026-03-20 10:40:00+00:00,2026-03-20 11:45:00+00:00,long,SL,-2.0487,202.82
2026-03-20 12:05:00+00:00,2026-03-20 12:25:00+00:00,long,SL,-2.0282,200.7918
2026-03-20 12:30:00+00:00,2026-03-20 13:30:00+00:00,short,TP,4.0158,204.8076
2026-03-20 13:30:00+00:00,2026-03-20 13:40:00+00:00,short,SL,-2.0481,202.7595
2026-03-20 15:00:00+00:00,2026-03-20 15:20:00+00:00,short,SL,-2.0276,200.7319
2026-03-20 16:40:00+00:00,2026-03-20 17:55:00+00:00,short,SL,-2.0073,198.7246
2026-03-20 18:30:00+00:00,2026-03-20 18:50:00+00:00,short,SL,-1.9872,196.7374
2026-03-20 20:30:00+00:00,2026-03-20 20:45:00+00:00,short,SL,-1.9674,194.77
2026-03-20 21:15:00+00:00,2026-03-20 22:00:00+00:00,long,TP,3.8954,198.6654
2026-03-21 00:20:00+00:00,2026-03-21 01:30:00+00:00,long,SL,-1.9867,196.6787
2026-03-21 02:25:00+00:00,2026-03-21 14:10:00+00:00,long,TP,3.9336,200.6123
2026-03-21 19:35:00+00:00,2026-03-21 21:05:00+00:00,short,SL,-2.0061,198.6062
2026-03-21 21:10:00+00:00,2026-03-21 23:45:00+00:00,short,TP,3.9721,202.5783
2026-03-22 04:20:00+00:00,2026-03-22 07:40:00+00:00,short,TP,4.0516,206.6299
2026-03-22 10:40:00+00:00,2026-03-22 11:45:00+00:00,short,TP,4.1326,210.7625
2026-03-22 13:40:00+00:00,2026-03-22 13:55:00+00:00,short,SL,-2.1076,208.6549
2026-03-22 14:50:00+00:00,2026-03-22 15:05:00+00:00,short,SL,-2.0865,206.5683
2026-03-22 15:35:00+00:00,2026-03-22 18:35:00+00:00,short,TP,4.1314,210.6997
2026-03-22 21:00:00+00:00,2026-03-22 21:10:00+00:00,short,TP,4.214,214.9137
2026-03-22 23:30:00+00:00,2026-03-23 00:35:00+00:00,short,TP,4.2983,219.2119
2026-03-23 02:15:00+00:00,2026-03-23 02:20:00+00:00,short,SL,-2.1921,217.0198
2026-03-23 03:25:00+00:00,2026-03-23 04:35:00+00:00,short,SL,-2.1702,214.8496
2026-03-23 09:00:00+00:00,2026-03-23 09:30:00+00:00,short,TP,4.297,219.1466
2026-03-23 10:05:00+00:00,2026-03-23 11:05:00+00:00,long,TP,4.3829,223.5296
2026-03-23 13:40:00+00:00,2026-03-23 13:45:00+00:00,long,SL,-2.2353,221.2943
2026-03-23 13:50:00+00:00,2026-03-23 14:05:00+00:00,long,TP,4.4259,225.7201
2026-03-23 16:45:00+00:00,2026-03-23 17:20:00+00:00,long,SL,-2.2572,223.4629
2026-03-23 20:35:00+00:00,2026-03-23 22:00:00+00:00,long,SL,-2.2346,221.2283
2026-03-23 22:55:00+00:00,2026-03-23 23:10:00+00:00,long,SL,-2.2123,219.016
2026-03-23 23:35:00+00:00,2026-03-24 01:10:00+00:00,long,SL,-2.1902,216.8259
2026-03-24 01:25:00+00:00,2026-03-24 01:35:00+00:00,long,SL,-2.1683,214.6576
2026-03-24 02:40:00+00:00,2026-03-24 04:30:00+00:00,long,SL,-2.1466,212.511
2026-03-24 04:30:00+00:00,2026-03-24 06:55:00+00:00,short,SL,-2.1251,210.3859
2026-03-24 09:40:00+00:00,2026-03-24 11:00:00+00:00,long,SL,-2.1039,208.2821
2026-03-24 11:45:00+00:00,2026-03-24 11:50:00+00:00,long,SL,-2.0828,206.1992
2026-03-24 16:35:00+00:00,2026-03-24 17:05:00+00:00,short,TP,4.124,210.3232
2026-03-24 19:45:00+00:00,2026-03-24 20:20:00+00:00,short,SL,-2.1032,208.22
2026-03-24 21:25:00+00:00,2026-03-24 21:35:00+00:00,short,SL,-2.0822,206.1378
2026-03-24 21:35:00+00:00,2026-03-24 22:05:00+00:00,long,TP,4.1228,210.2606
2026-03-24 23:20:00+00:00,2026-03-25 00:35:00+00:00,long,TP,4.2052,214.4658
2026-03-25 00:40:00+00:00,2026-03-25 01:05:00+00:00,long,SL,-2.1447,212.3211
2026-03-25 03:35:00+00:00,2026-03-25 05:05:00+00:00,long,TP,4.2464,216.5675
2026-03-25 08:25:00+00:00,2026-03-25 10:45:00+00:00,long,TP,4.3313,220.8989
2026-03-25 10:45:00+00:00,2026-03-25 11:30:00+00:00,long,TP,4.418,225.3169
2026-03-25 13:00:00+00:00,2026-03-25 13:20:00+00:00,long,SL,-2.2532,223.0637
2026-03-25 17:15:00+00:00,2026-03-25 17:25:00+00:00,short,SL,-2.2306,220.8331
2026-03-25 18:40:00+00:00,2026-03-25 19:35:00+00:00,short,SL,-2.2083,218.6247
2026-03-25 20:00:00+00:00,2026-03-25 20:40:00+00:00,short,SL,-2.1862,216.4385
2026-03-25 22:10:00+00:00,2026-03-25 22:35:00+00:00,short,SL,-2.1644,214.2741
2026-03-26 03:20:00+00:00,2026-03-26 03:55:00+00:00,short,SL,-2.1427,212.1313
2026-03-26 05:05:00+00:00,2026-03-26 05:50:00+00:00,short,TP,4.2426,216.374
2026-03-26 08:25:00+00:00,2026-03-26 08:55:00+00:00,short,SL,-2.1637,214.2102
2026-03-26 09:30:00+00:00,2026-03-26 13:45:00+00:00,short,SL,-2.1421,212.0681
2026-03-26 14:45:00+00:00,2026-03-26 15:10:00+00:00,short,TP,4.2414,216.3095
2026-03-26 16:35:00+00:00,2026-03-26 17:30:00+00:00,short,SL,-2.1631,214.1464
2026-03-26 17:50:00+00:00,2026-03-26 17:55:00+00:00,short,TP,4.2829,218.4293
2026-03-26 21:00:00+00:00,2026-03-26 21:20:00+00:00,short,SL,-2.1843,216.245
2026-03-27 00:35:00+00:00,2026-03-27 00:50:00+00:00,short,SL,-2.1625,214.0826
2026-03-27 02:40:00+00:00,2026-03-27 04:00:00+00:00,short,TP,4.2817,218.3642
2026-03-27 06:55:00+00:00,2026-03-27 07:10:00+00:00,short,SL,-2.1836,216.1806
2026-03-27 07:40:00+00:00,2026-03-27 08:20:00+00:00,short,TP,4.3236,220.5042
2026-03-27 10:35:00+00:00,2026-03-27 10:55:00+00:00,short,TP,4.4101,224.9143
2026-03-27 13:50:00+00:00,2026-03-27 14:20:00+00:00,short,TP,4.4983,229.4126
2026-03-27 16:05:00+00:00,2026-03-27 16:25:00+00:00,short,SL,-2.2941,227.1185
2026-03-27 17:30:00+00:00,2026-03-27 19:30:00+00:00,short,SL,-2.2712,224.8473
2026-03-27 20:25:00+00:00,2026-03-27 20:50:00+00:00,short,SL,-2.2485,222.5988
2026-03-27 21:55:00+00:00,2026-03-27 23:35:00+00:00,short,SL,-2.226,220.3728
2026-03-28 00:55:00+00:00,2026-03-28 01:35:00+00:00,short,TP,4.4075,224.7803
2026-03-28 05:10:00+00:00,2026-03-28 06:15:00+00:00,short,SL,-2.2478,222.5325
2026-03-28 06:50:00+00:00,2026-03-28 07:55:00+00:00,short,SL,-2.2253,220.3071
2026-03-28 07:55:00+00:00,2026-03-28 08:50:00+00:00,long,SL,-2.2031,218.1041
2026-03-28 10:20:00+00:00,2026-03-28 12:10:00+00:00,short,SL,-2.181,215.923
2026-03-28 15:20:00+00:00,2026-03-28 15:25:00+00:00,long,SL,-2.1592,213.7638
2026-03-28 18:05:00+00:00,2026-03-28 21:50:00+00:00,long,SL,-2.1376,211.6262
2026-03-28 22:30:00+00:00,2026-03-28 23:05:00+00:00,long,SL,-2.1163,209.5099
2026-03-28 23:05:00+00:00,2026-03-29 02:50:00+00:00,short,SL,-2.0951,207.4148
2026-03-29 05:55:00+00:00,2026-03-29 07:00:00+00:00,long,SL,-2.0741,205.3406
2026-03-29 07:40:00+00:00,2026-03-29 11:10:00+00:00,short,SL,-2.0534,203.2872
2026-03-29 15:25:00+00:00,2026-03-29 16:15:00+00:00,short,SL,-2.0329,201.2544
2026-03-29 17:10:00+00:00,2026-03-29 20:20:00+00:00,short,SL,-2.0125,199.2418
2026-03-29 21:35:00+00:00,2026-03-29 22:00:00+00:00,long,SL,-1.9924,197.2494
2026-03-29 22:00:00+00:00,2026-03-29 22:40:00+00:00,short,TP,3.945,201.1944
2026-03-30 02:45:00+00:00,2026-03-30 02:50:00+00:00,long,SL,-2.0119,199.1824
2026-03-30 04:05:00+00:00,2026-03-30 05:15:00+00:00,long,TP,3.9836,203.1661
2026-03-30 07:45:00+00:00,2026-03-30 08:00:00+00:00,long,TP,4.0633,207.2294
2026-03-30 10:55:00+00:00,2026-03-30 12:05:00+00:00,long,TP,4.1446,211.374
2026-03-30 13:20:00+00:00,2026-03-30 13:25:00+00:00,long,SL,-2.1137,209.2603
2026-03-30 14:55:00+00:00,2026-03-30 15:05:00+00:00,long,SL,-2.0926,207.1677
2026-03-30 19:05:00+00:00,2026-03-30 20:00:00+00:00,short,SL,-2.0717,205.096
2026-03-30 22:10:00+00:00,2026-03-30 23:05:00+00:00,short,TP,4.1019,209.1979
2026-03-31 00:15:00+00:00,2026-03-31 00:25:00+00:00,short,SL,-2.092,207.1059
2026-03-31 05:30:00+00:00,2026-03-31 06:15:00+00:00,long,SL,-2.0711,205.0349
2026-03-31 07:00:00+00:00,2026-03-31 07:10:00+00:00,long,SL,-2.0503,202.9845
2026-03-31 07:45:00+00:00,2026-03-31 08:30:00+00:00,long,SL,-2.0298,200.9547
2026-03-31 08:30:00+00:00,2026-03-31 08:45:00+00:00,short,TP,4.0191,204.9738
2026-03-31 13:00:00+00:00,2026-03-31 13:35:00+00:00,short,SL,-2.0497,202.924
2026-03-31 16:25:00+00:00,2026-03-31 16:40:00+00:00,long,TP,4.0585,206.9825
2026-03-31 19:10:00+00:00,2026-03-31 19:35:00+00:00,long,SL,-2.0698,204.9127
2026-03-31 20:10:00+00:00,2026-03-31 20:15:00+00:00,long,SL,-2.0491,202.8636
2026-03-31 20:35:00+00:00,2026-03-31 21:15:00+00:00,long,SL,-2.0286,200.8349
2026-03-31 21:50:00+00:00,2026-03-31 22:00:00+00:00,long,SL,-2.0083,198.8266
2026-03-31 23:10:00+00:00,2026-04-01 00:10:00+00:00,long,SL,-1.9883,196.8383
2026-04-01 00:55:00+00:00,2026-04-01 01:20:00+00:00,long,SL,-1.9684,194.8699
2026-04-01 03:05:00+00:00,2026-04-01 04:35:00+00:00,long,TP,3.8974,198.7673
2026-04-01 06:05:00+00:00,2026-04-01 06:35:00+00:00,long,TP,3.9753,202.7427
2026-04-01 09:50:00+00:00,2026-04-01 10:15:00+00:00,long,SL,-2.0274,200.7152
2026-04-01 10:40:00+00:00,2026-04-01 12:35:00+00:00,long,SL,-2.0072,198.7081
2026-04-01 13:20:00+00:00,2026-04-01 13:40:00+00:00,long,SL,-1.9871,196.721
2026-04-01 13:40:00+00:00,2026-04-01 13:50:00+00:00,short,SL,-1.9672,194.7538
2026-04-01 14:20:00+00:00,2026-04-01 15:20:00+00:00,long,TP,3.8951,198.6489
2026-04-01 16:30:00+00:00,2026-04-01 17:20:00+00:00,long,SL,-1.9865,196.6624
2026-04-01 22:05:00+00:00,2026-04-02 00:40:00+00:00,short,SL,-1.9666,194.6958
2026-04-02 01:10:00+00:00,2026-04-02 01:15:00+00:00,short,TP,3.8939,198.5897
2026-04-02 04:40:00+00:00,2026-04-02 05:00:00+00:00,short,SL,-1.9859,196.6038
2026-04-02 08:10:00+00:00,2026-04-02 09:00:00+00:00,short,TP,3.9321,200.5359
2026-04-02 10:10:00+00:00,2026-04-02 10:30:00+00:00,short,SL,-2.0054,198.5305
2026-04-02 11:40:00+00:00,2026-04-02 12:15:00+00:00,short,TP,3.9706,202.5011
2026-04-02 12:50:00+00:00,2026-04-02 13:40:00+00:00,short,TP,4.05,206.5511
2026-04-02 15:30:00+00:00,2026-04-02 15:35:00+00:00,short,SL,-2.0655,204.4856
2026-04-02 16:40:00+00:00,2026-04-02 17:00:00+00:00,long,SL,-2.0449,202.4408
2026-04-02 17:15:00+00:00,2026-04-02 17:30:00+00:00,long,SL,-2.0244,200.4164
2026-04-02 18:50:00+00:00,2026-04-02 20:00:00+00:00,long,SL,-2.0042,198.4122
2026-04-02 20:00:00+00:00,2026-04-02 20:30:00+00:00,short,SL,-1.9841,196.4281
2026-04-02 20:35:00+00:00,2026-04-02 20:50:00+00:00,long,SL,-1.9643,194.4638
2026-04-02 22:00:00+00:00,2026-04-03 00:10:00+00:00,long,SL,-1.9446,192.5191
2026-04-03 01:35:00+00:00,2026-04-03 02:40:00+00:00,short,TP,3.8504,196.3695
2026-04-03 04:35:00+00:00,2026-04-03 05:30:00+00:00,short,SL,-1.9637,194.4058
2026-04-03 06:05:00+00:00,2026-04-03 06:40:00+00:00,short,SL,-1.9441,192.4618
2026-04-03 10:45:00+00:00,2026-04-03 13:00:00+00:00,long,SL,-1.9246,190.5372
2026-04-03 16:25:00+00:00,2026-04-03 17:15:00+00:00,long,SL,-1.9054,188.6318
2026-04-03 17:15:00+00:00,2026-04-03 17:30:00+00:00,short,SL,-1.8863,186.7455
2026-04-03 18:30:00+00:00,2026-04-04 10:50:00+00:00,long,TP,3.7349,190.4804
2026-04-04 13:35:00+00:00,2026-04-04 14:40:00+00:00,long,SL,-1.9048,188.5756
2026-04-04 15:05:00+00:00,2026-04-05 01:30:00+00:00,long,SL,-1.8858,186.6898
2026-04-05 04:05:00+00:00,2026-04-05 06:05:00+00:00,short,TP,3.7338,190.4236
2026-04-05 10:15:00+00:00,2026-04-05 10:35:00+00:00,short,SL,-1.9042,188.5194
2026-04-05 10:35:00+00:00,2026-04-05 12:00:00+00:00,long,SL,-1.8852,186.6342
2026-04-05 18:35:00+00:00,2026-04-05 22:00:00+00:00,long,TP,3.7327,190.3669
2026-04-05 22:00:00+00:00,2026-04-05 22:10:00+00:00,long,SL,-1.9037,188.4632
2026-04-05 22:45:00+00:00,2026-04-05 22:55:00+00:00,long,TP,3.7693,192.2325
2026-04-06 02:20:00+00:00,2026-04-06 04:10:00+00:00,long,SL,-1.9223,190.3101
2026-04-06 04:45:00+00:00,2026-04-06 06:20:00+00:00,long,SL,-1.9031,188.407
2026-04-06 07:20:00+00:00,2026-04-06 09:10:00+00:00,long,TP,3.7681,192.1752
2026-04-06 13:25:00+00:00,2026-04-06 13:35:00+00:00,long,SL,-1.9218,190.2534
2026-04-06 13:40:00+00:00,2026-04-06 14:05:00+00:00,long,SL,-1.9025,188.3509
2026-04-06 14:15:00+00:00,2026-04-06 14:55:00+00:00,long,TP,3.767,192.1179
2026-04-06 18:10:00+00:00,2026-04-06 21:35:00+00:00,long,SL,-1.9212,190.1967
2026-04-07 01:10:00+00:00,2026-04-07 01:30:00+00:00,short,SL,-1.902,188.2948
2026-04-07 01:45:00+00:00,2026-04-07 03:20:00+00:00,short,SL,-1.8829,186.4118
2026-04-07 04:10:00+00:00,2026-04-07 04:35:00+00:00,short,SL,-1.8641,184.5477
2026-04-07 05:25:00+00:00,2026-04-07 08:35:00+00:00,short,SL,-1.8455,182.7022
2026-04-07 13:45:00+00:00,2026-04-07 13:50:00+00:00,short,SL,-1.827,180.8752
2026-04-07 19:45:00+00:00,2026-04-07 20:00:00+00:00,long,TP,3.6175,184.4927
2026-04-07 21:05:00+00:00,2026-04-07 21:25:00+00:00,long,SL,-1.8449,182.6478
2026-04-07 21:40:00+00:00,2026-04-07 22:05:00+00:00,long,TP,3.653,186.3007
2026-04-08 03:30:00+00:00,2026-04-08 05:20:00+00:00,long,TP,3.726,190.0267
2026-04-08 06:20:00+00:00,2026-04-08 06:50:00+00:00,long,SL,-1.9003,188.1265
2026-04-08 08:15:00+00:00,2026-04-08 09:45:00+00:00,long,SL,-1.8813,186.2452
2026-04-08 11:15:00+00:00,2026-04-08 11:35:00+00:00,long,SL,-1.8625,184.3828
2026-04-08 11:50:00+00:00,2026-04-08 12:55:00+00:00,long,TP,3.6877,188.0704
2026-04-08 19:45:00+00:00,2026-04-08 21:20:00+00:00,long,TP,3.7614,191.8318
2026-04-09 00:30:00+00:00,2026-04-09 01:05:00+00:00,short,TP,3.8366,195.6685
2026-04-09 03:20:00+00:00,2026-04-09 08:30:00+00:00,short,SL,-1.9567,193.7118
2026-04-09 08:30:00+00:00,2026-04-09 09:50:00+00:00,long,TP,3.8742,197.586
2026-04-09 12:25:00+00:00,2026-04-09 13:10:00+00:00,long,SL,-1.9759,195.6102
2026-04-09 13:10:00+00:00,2026-04-09 13:45:00+00:00,short,TP,3.9122,199.5224
2026-04-09 17:10:00+00:00,2026-04-09 17:25:00+00:00,long,SL,-1.9952,197.5271
2026-04-09 19:40:00+00:00,2026-04-09 20:35:00+00:00,long,TP,3.9505,201.4777
2026-04-09 22:15:00+00:00,2026-04-09 22:20:00+00:00,long,SL,-2.0148,199.4629
2026-04-10 00:10:00+00:00,2026-04-10 01:35:00+00:00,long,TP,3.9893,203.4522
2026-04-10 04:15:00+00:00,2026-04-10 05:25:00+00:00,long,TP,4.069,207.5212
2026-04-10 10:35:00+00:00,2026-04-10 10:50:00+00:00,short,SL,-2.0752,205.446
2026-04-10 12:40:00+00:00,2026-04-10 13:15:00+00:00,long,SL,-2.0545,203.3915
2026-04-10 14:00:00+00:00,2026-04-10 14:15:00+00:00,long,TP,4.0678,207.4594
2026-04-10 16:50:00+00:00,2026-04-10 19:10:00+00:00,long,TP,4.1492,211.6085
2026-04-10 20:00:00+00:00,2026-04-10 21:30:00+00:00,long,SL,-2.1161,209.4925
2026-04-10 23:35:00+00:00,2026-04-11 01:15:00+00:00,long,SL,-2.0949,207.3975
2026-04-11 01:30:00+00:00,2026-04-11 04:20:00+00:00,long,SL,-2.074,205.3236
2026-04-11 05:25:00+00:00,2026-04-11 09:10:00+00:00,long,SL,-2.0532,203.2703
2026-04-11 09:20:00+00:00,2026-04-11 13:10:00+00:00,long,SL,-2.0327,201.2376
2026-04-11 17:30:00+00:00,2026-04-11 18:35:00+00:00,long,TP,4.0248,205.2624
2026-04-11 21:40:00+00:00,2026-04-11 22:35:00+00:00,long,SL,-2.0526,203.2098
2026-04-12 01:30:00+00:00,2026-04-12 01:35:00+00:00,short,TP,4.0642,207.2739
2026-04-12 06:55:00+00:00,2026-04-12 12:10:00+00:00,short,TP,4.1455,211.4194
2026-04-12 12:50:00+00:00,2026-04-12 13:55:00+00:00,short,TP,4.2284,215.6478
2026-04-12 14:50:00+00:00,2026-04-12 15:50:00+00:00,short,SL,-2.1565,213.4913
2026-04-12 19:00:00+00:00,2026-04-12 20:40:00+00:00,short,SL,-2.1349,211.3564
2026-04-12 20:40:00+00:00,2026-04-12 20:45:00+00:00,long,SL,-2.1136,209.2429
2026-04-12 21:35:00+00:00,2026-04-12 22:00:00+00:00,short,TP,4.1849,213.4277
2026-04-13 02:05:00+00:00,2026-04-13 05:05:00+00:00,short,TP,4.2686,217.6963
2026-04-13 07:10:00+00:00,2026-04-13 12:50:00+00:00,short,SL,-2.177,215.5193
2026-04-13 12:50:00+00:00,2026-04-13 13:35:00+00:00,long,SL,-2.1552,213.3641
2026-04-13 13:35:00+00:00,2026-04-13 13:45:00+00:00,short,SL,-2.1336,211.2305
2026-04-13 13:45:00+00:00,2026-04-13 14:20:00+00:00,long,TP,4.2246,215.4551
2026-04-13 16:25:00+00:00,2026-04-13 17:30:00+00:00,long,TP,4.3091,219.7642
2026-04-13 17:30:00+00:00,2026-04-13 17:50:00+00:00,long,SL,-2.1976,217.5665
2026-04-13 18:55:00+00:00,2026-04-13 19:25:00+00:00,long,TP,4.3513,221.9179
2026-04-13 22:15:00+00:00,2026-04-13 22:50:00+00:00,long,TP,4.4384,226.3562
2026-04-14 01:50:00+00:00,2026-04-14 05:55:00+00:00,long,SL,-2.2636,224.0927
2026-04-14 06:15:00+00:00,2026-04-14 07:10:00+00:00,long,TP,4.4819,228.5745
2026-04-14 08:30:00+00:00,2026-04-14 09:40:00+00:00,long,SL,-2.2857,226.2888
2026-04-14 11:55:00+00:00,2026-04-14 12:25:00+00:00,long,SL,-2.2629,224.0259
2026-04-14 12:35:00+00:00,2026-04-14 13:15:00+00:00,long,TP,4.4805,228.5064
2026-04-14 15:50:00+00:00,2026-04-14 16:45:00+00:00,long,SL,-2.2851,226.2213
2026-04-14 18:00:00+00:00,2026-04-14 18:20:00+00:00,long,SL,-2.2622,223.9591
2026-04-14 18:30:00+00:00,2026-04-14 18:45:00+00:00,short,TP,4.4792,228.4383
2026-04-14 21:35:00+00:00,2026-04-14 21:50:00+00:00,short,SL,-2.2844,226.1539
2026-04-14 22:25:00+00:00,2026-04-14 22:50:00+00:00,short,SL,-2.2615,223.8924
2026-04-15 05:05:00+00:00,2026-04-15 05:35:00+00:00,short,TP,4.4778,228.3702
2026-04-15 07:15:00+00:00,2026-04-15 08:10:00+00:00,short,SL,-2.2837,226.0865
2026-04-15 09:25:00+00:00,2026-04-15 10:05:00+00:00,short,SL,-2.2609,223.8257
2026-04-15 10:20:00+00:00,2026-04-15 11:50:00+00:00,short,SL,-2.2383,221.5874
2026-04-15 14:20:00+00:00,2026-04-15 14:35:00+00:00,long,SL,-2.2159,219.3715
2026-04-15 14:40:00+00:00,2026-04-15 14:45:00+00:00,short,SL,-2.1937,217.1778
2026-04-15 15:10:00+00:00,2026-04-15 15:20:00+00:00,long,SL,-2.1718,215.006
2026-04-15 15:20:00+00:00,2026-04-15 15:30:00+00:00,short,TP,4.3001,219.3062
2026-04-15 16:50:00+00:00,2026-04-15 17:00:00+00:00,short,SL,-2.1931,217.1131
2026-04-15 22:00:00+00:00,2026-04-15 23:00:00+00:00,long,SL,-2.1711,214.942
2026-04-16 00:35:00+00:00,2026-04-16 01:05:00+00:00,long,SL,-2.1494,212.7926
2026-04-16 01:40:00+00:00,2026-04-16 02:35:00+00:00,long,TP,4.2559,217.0484
2026-04-16 04:40:00+00:00,2026-04-16 04:45:00+00:00,long,SL,-2.1705,214.8779
2026-04-16 05:20:00+00:00,2026-04-16 07:30:00+00:00,long,SL,-2.1488,212.7291
2026-04-16 09:50:00+00:00,2026-04-16 10:45:00+00:00,short,TP,4.2546,216.9837
2026-04-16 12:55:00+00:00,2026-04-16 13:10:00+00:00,short,SL,-2.1698,214.8139
2026-04-16 13:40:00+00:00,2026-04-16 13:50:00+00:00,short,TP,4.2963,219.1102
2026-04-16 16:30:00+00:00,2026-04-16 17:10:00+00:00,short,TP,4.3822,223.4924
2026-04-16 23:05:00+00:00,2026-04-17 01:20:00+00:00,long,SL,-2.2349,221.2574
2026-04-17 05:05:00+00:00,2026-04-17 06:15:00+00:00,short,SL,-2.2126,219.0449
2026-04-17 07:50:00+00:00,2026-04-17 08:30:00+00:00,long,TP,4.3809,223.4258
2026-04-17 08:30:00+00:00,2026-04-17 08:50:00+00:00,long,TP,4.4685,227.8943
2026-04-17 11:30:00+00:00,2026-04-17 11:40:00+00:00,long,SL,-2.2789,225.6153
2026-04-17 18:40:00+00:00,2026-04-17 18:50:00+00:00,long,SL,-2.2562,223.3592
2026-04-17 19:10:00+00:00,2026-04-17 20:00:00+00:00,long,TP,4.4672,227.8264
2026-04-17 21:10:00+00:00,2026-04-17 23:05:00+00:00,long,SL,-2.2783,225.5481
2026-04-18 00:00:00+00:00,2026-04-18 00:40:00+00:00,long,SL,-2.2555,223.2926
2026-04-18 02:10:00+00:00,2026-04-18 03:50:00+00:00,long,SL,-2.2329,221.0597
2026-04-18 04:50:00+00:00,2026-04-18 08:10:00+00:00,long,SL,-2.2106,218.8491
2026-04-18 10:05:00+00:00,2026-04-18 11:10:00+00:00,short,TP,4.377,223.2261
2026-04-18 11:35:00+00:00,2026-04-18 11:55:00+00:00,short,SL,-2.2323,220.9938
2026-04-18 13:30:00+00:00,2026-04-18 14:10:00+00:00,short,SL,-2.2099,218.7839
2026-04-18 15:35:00+00:00,2026-04-18 17:05:00+00:00,short,TP,4.3757,223.1596
2026-04-18 18:00:00+00:00,2026-04-19 03:05:00+00:00,short,TP,4.4632,227.6228
2026-04-19 04:40:00+00:00,2026-04-19 07:15:00+00:00,short,TP,4.5525,232.1752
2026-04-19 09:20:00+00:00,2026-04-19 10:55:00+00:00,short,SL,-2.3218,229.8535
2026-04-19 12:25:00+00:00,2026-04-19 13:00:00+00:00,short,SL,-2.2985,227.5549
2026-04-19 13:05:00+00:00,2026-04-19 14:45:00+00:00,long,TP,4.5511,232.106
2026-04-19 20:15:00+00:00,2026-04-19 20:30:00+00:00,short,SL,-2.3211,229.785
2026-04-19 20:40:00+00:00,2026-04-19 20:50:00+00:00,short,SL,-2.2978,227.4871
2026-04-19 21:50:00+00:00,2026-04-19 22:00:00+00:00,short,TP,4.5497,232.0369
2026-04-20 02:10:00+00:00,2026-04-20 03:40:00+00:00,short,SL,-2.3204,229.7165
2026-04-20 04:10:00+00:00,2026-04-20 05:20:00+00:00,short,TP,4.5943,234.3108
2026-04-20 09:10:00+00:00,2026-04-20 10:10:00+00:00,long,TP,4.6862,238.997
2026-04-20 12:10:00+00:00,2026-04-20 13:15:00+00:00,long,SL,-2.39,236.6071
2026-04-20 14:15:00+00:00,2026-04-20 14:50:00+00:00,long,SL,-2.3661,234.241
2026-04-20 15:25:00+00:00,2026-04-20 15:45:00+00:00,long,SL,-2.3424,231.8986
2026-04-20 17:10:00+00:00,2026-04-20 18:00:00+00:00,long,TP,4.638,236.5366
2026-04-20 18:50:00+00:00,2026-04-20 19:20:00+00:00,long,SL,-2.3654,234.1712
2026-04-20 22:05:00+00:00,2026-04-20 23:00:00+00:00,long,SL,-2.3417,231.8295
2026-04-20 23:45:00+00:00,2026-04-21 01:05:00+00:00,long,TP,4.6366,236.4661
2026-04-21 06:30:00+00:00,2026-04-21 07:00:00+00:00,long,SL,-2.3647,234.1014
2026-04-21 08:20:00+00:00,2026-04-21 08:45:00+00:00,long,TP,4.682,238.7834
2026-04-21 10:20:00+00:00,2026-04-21 11:10:00+00:00,long,SL,-2.3878,236.3956
2026-04-21 15:00:00+00:00,2026-04-21 15:15:00+00:00,short,SL,-2.364,234.0316
2026-04-21 17:00:00+00:00,2026-04-21 17:15:00+00:00,short,TP,4.6806,238.7123
2026-04-21 19:35:00+00:00,2026-04-21 19:40:00+00:00,short,TP,4.7742,243.4865
2026-04-21 21:25:00+00:00,2026-04-21 23:00:00+00:00,short,SL,-2.4349,241.0517
2026-04-22 02:10:00+00:00,2026-04-22 02:25:00+00:00,long,TP,4.821,245.8727
2026-04-22 05:20:00+00:00,2026-04-22 05:35:00+00:00,long,SL,-2.4587,243.414
2026-04-22 08:10:00+00:00,2026-04-22 08:25:00+00:00,long,SL,-2.4341,240.9798
2026-04-22 09:25:00+00:00,2026-04-22 09:50:00+00:00,long,SL,-2.4098,238.57
2026-04-22 10:30:00+00:00,2026-04-22 13:20:00+00:00,long,TP,4.7714,243.3414
2026-04-22 15:35:00+00:00,2026-04-22 16:20:00+00:00,long,SL,-2.4334,240.908
2026-04-22 17:50:00+00:00,2026-04-22 19:00:00+00:00,long,SL,-2.4091,238.4989
2026-04-22 19:25:00+00:00,2026-04-22 19:35:00+00:00,long,SL,-2.385,236.1139
2026-04-22 21:10:00+00:00,2026-04-22 23:20:00+00:00,long,SL,-2.3611,233.7528
2026-04-23 01:15:00+00:00,2026-04-23 01:45:00+00:00,short,SL,-2.3375,231.4153
2026-04-23 01:45:00+00:00,2026-04-23 02:10:00+00:00,long,SL,-2.3142,229.1011
2026-04-23 02:15:00+00:00,2026-04-23 03:10:00+00:00,short,TP,4.582,233.6831
2026-04-23 05:35:00+00:00,2026-04-23 05:45:00+00:00,short,SL,-2.3368,231.3463
2026-04-23 10:05:00+00:00,2026-04-23 11:00:00+00:00,short,SL,-2.3135,229.0329
2026-04-23 13:10:00+00:00,2026-04-23 14:30:00+00:00,short,SL,-2.2903,226.7425
2026-04-23 18:05:00+00:00,2026-04-23 18:55:00+00:00,long,SL,-2.2674,224.4751
2026-04-23 19:00:00+00:00,2026-04-23 19:15:00+00:00,short,SL,-2.2448,222.2303
2026-04-23 19:30:00+00:00,2026-04-23 20:05:00+00:00,short,SL,-2.2223,220.008
2026-04-24 00:10:00+00:00,2026-04-24 01:15:00+00:00,long,SL,-2.2001,217.808
2026-04-24 01:50:00+00:00,2026-04-24 02:50:00+00:00,long,SL,-2.1781,215.6299
2026-04-24 04:35:00+00:00,2026-04-24 05:45:00+00:00,short,SL,-2.1563,213.4736
2026-04-24 06:55:00+00:00,2026-04-24 09:05:00+00:00,short,TP,4.2695,217.7431
2026-04-24 09:05:00+00:00,2026-04-24 10:20:00+00:00,short,SL,-2.1774,215.5656
2026-04-24 14:50:00+00:00,2026-04-24 15:00:00+00:00,long,SL,-2.1557,213.41
2026-04-24 15:05:00+00:00,2026-04-24 15:25:00+00:00,short,SL,-2.1341,211.2759
2026-04-24 15:40:00+00:00,2026-04-24 16:10:00+00:00,long,SL,-2.1128,209.1631
2026-04-24 16:20:00+00:00,2026-04-24 18:15:00+00:00,short,TP,4.1833,213.3464
2026-04-24 18:15:00+00:00,2026-04-24 18:30:00+00:00,short,SL,-2.1335,211.2129
2026-04-24 20:20:00+00:00,2026-04-24 20:55:00+00:00,short,SL,-2.1121,209.1008
2026-04-24 21:30:00+00:00,2026-04-25 09:50:00+00:00,short,SL,-2.091,207.0098
2026-04-25 13:10:00+00:00,2026-04-25 15:50:00+00:00,long,SL,-2.0701,204.9397
2026-04-25 17:45:00+00:00,2026-04-25 20:25:00+00:00,short,SL,-2.0494,202.8903
2026-04-25 21:35:00+00:00,2026-04-25 22:30:00+00:00,short,SL,-2.0289,200.8614
