entry_time,exit_time,direction,entry_fill,exit_fill,result,pnl,capital,risk_pct
2023-04-26 23:35:00+00:00,2023-04-27 00:15:00+00:00,short,28311.53,28597.5,SL,-1.0101,98.9899,1.0
2023-04-27 12:30:00+00:00,2023-04-27 15:20:00+00:00,short,28852.54,29143.98,SL,-0.9999,97.99,1.0
2023-04-27 17:10:00+00:00,2023-05-01 01:35:00+00:00,long,29176.96,28882.3,SL,-0.9896,97.0004,1.0
2023-05-01 05:40:00+00:00,2023-05-01 20:55:00+00:00,short,28418.68,27710.98,TP,2.4156,99.416,1.0
2023-05-02 04:25:00+00:00,2023-05-02 14:20:00+00:00,short,27973.36,28255.92,SL,-1.0042,98.4118,1.0
2023-05-04 01:55:00+00:00,2023-05-04 13:35:00+00:00,long,29073.58,28779.96,SL,-0.9939,97.4179,1.0
2023-05-05 11:05:00+00:00,2023-05-06 14:05:00+00:00,long,29107.98,28814.02,SL,-0.9838,96.4341,1.0
2023-05-07 11:15:00+00:00,2023-05-08 07:45:00+00:00,short,28776.31,28059.71,TP,2.4015,98.8355,1.0
2023-05-08 14:05:00+00:00,2023-05-10 12:45:00+00:00,short,27776.08,28056.65,SL,-0.9983,97.8372,1.0
2023-05-11 00:00:00+00:00,2023-05-11 17:20:00+00:00,short,27588.01,26901.0,TP,2.4364,100.2736,1.0
2023-05-11 19:35:00+00:00,2023-05-12 19:25:00+00:00,short,26792.26,26125.07,TP,2.4971,102.7706,1.0
2023-05-13 00:55:00+00:00,2023-05-15 17:00:00+00:00,long,26841.67,27509.96,TP,2.5587,105.3294,1.0
2023-05-16 12:35:00+00:00,2023-05-17 19:10:00+00:00,short,27000.65,27273.38,SL,-1.0639,104.2654,1.0
2023-05-17 23:05:00+00:00,2023-05-18 15:55:00+00:00,long,27390.73,27114.11,SL,-1.053,103.2125,1.0
2023-05-19 09:10:00+00:00,2023-05-20 17:55:00+00:00,short,26856.53,27127.81,SL,-1.0425,102.1699,1.0
2023-05-21 03:40:00+00:00,2023-05-21 11:00:00+00:00,long,27182.72,26908.2,SL,-1.0318,101.1381,1.0
2023-05-21 23:55:00+00:00,2023-05-22 13:40:00+00:00,short,26745.11,27015.26,SL,-1.0216,100.1165,1.0
2023-05-23 01:25:00+00:00,2023-05-24 06:45:00+00:00,long,26979.63,26707.16,SL,-1.0111,99.1054,1.0
2023-05-24 18:25:00+00:00,2023-05-25 19:10:00+00:00,short,26237.21,26502.23,SL,-1.0011,98.1044,1.0
2023-05-25 23:05:00+00:00,2023-05-28 03:35:00+00:00,long,26481.97,27141.3,TP,2.4426,100.5469,1.0
2023-05-28 06:05:00+00:00,2023-05-28 22:00:00+00:00,long,27198.75,27875.93,TP,2.5034,103.0503,1.0
2023-05-29 18:45:00+00:00,2023-05-30 03:15:00+00:00,short,27635.03,27914.17,SL,-1.0409,102.0094,1.0
2023-05-31 08:45:00+00:00,2023-06-05 15:30:00+00:00,short,27128.07,26452.51,TP,2.5403,104.5497,1.0
2023-06-05 21:20:00+00:00,2023-06-05 23:25:00+00:00,short,25544.08,25802.1,SL,-1.0561,103.4936,1.0
2023-06-07 21:50:00+00:00,2023-06-08 14:30:00+00:00,short,26293.17,26558.76,SL,-1.0454,102.4482,1.0
2023-06-09 04:20:00+00:00,2023-06-09 13:10:00+00:00,short,26432.28,26699.27,SL,-1.0348,101.4134,1.0
2023-06-09 14:25:00+00:00,2023-06-09 19:25:00+00:00,long,26688.88,26419.35,SL,-1.0242,100.3892,1.0
2023-06-10 00:35:00+00:00,2023-06-10 04:50:00+00:00,short,26452.66,25793.93,TP,2.4999,102.8892,1.0
2023-06-10 10:05:00+00:00,2023-06-10 17:30:00+00:00,short,25642.98,25902.0,SL,-1.0393,101.8499,1.0
2023-06-11 09:55:00+00:00,2023-06-11 17:05:00+00:00,short,25703.69,25963.32,SL,-1.0288,100.8211,1.0
2023-06-12 02:00:00+00:00,2023-06-12 02:45:00+00:00,long,25957.2,25695.05,SL,-1.0182,99.8029,1.0
2023-06-12 05:45:00+00:00,2023-06-12 09:05:00+00:00,short,25781.43,26041.85,SL,-1.0081,98.7948,1.0
2023-06-12 12:00:00+00:00,2023-06-14 20:05:00+00:00,long,25981.11,25718.72,SL,-0.9977,97.7971,1.0
2023-06-16 08:15:00+00:00,2023-06-16 14:45:00+00:00,long,25606.2,25347.6,SL,-0.9877,96.8094,1.0
2023-06-16 22:15:00+00:00,2023-06-20 01:10:00+00:00,long,26386.51,27043.47,TP,2.4103,99.2197,1.0
2023-06-20 03:10:00+00:00,2023-06-20 14:25:00+00:00,long,26955.95,26683.72,SL,-1.002,98.2177,1.0
2023-06-21 04:55:00+00:00,2023-06-21 14:55:00+00:00,long,28788.41,29505.17,TP,2.4454,100.6631,1.0
2023-06-21 18:20:00+00:00,2023-06-21 20:45:00+00:00,long,30264.71,29959.06,SL,-1.0166,99.6465,1.0
2023-06-22 00:30:00+00:00,2023-06-22 11:05:00+00:00,long,30222.04,29916.83,SL,-1.0063,98.6401,1.0
2023-06-23 13:05:00+00:00,2023-06-23 15:45:00+00:00,long,30157.4,30908.24,TP,2.4559,101.096,1.0
2023-06-24 05:20:00+00:00,2023-06-24 15:30:00+00:00,long,30759.15,30448.51,SL,-1.021,100.0751,1.0
2023-06-24 23:45:00+00:00,2023-06-25 04:00:00+00:00,short,30488.88,30796.85,SL,-1.0109,99.0642,1.0
2023-06-25 06:30:00+00:00,2023-06-25 10:20:00+00:00,long,30918.95,30606.7,SL,-1.0004,98.0638,1.0
2023-06-25 17:40:00+00:00,2023-06-27 14:00:00+00:00,short,30511.81,30820.01,SL,-0.9905,97.0732,1.0
2023-06-28 05:10:00+00:00,2023-06-29 10:50:00+00:00,short,30388.57,30695.53,SL,-0.9805,96.0927,1.0
2023-06-29 19:55:00+00:00,2023-06-30 13:35:00+00:00,long,30588.05,30279.14,SL,-0.9704,95.1222,1.0
2023-06-30 19:55:00+00:00,2023-07-02 22:25:00+00:00,short,30369.32,30676.08,SL,-0.9608,94.1614,1.0
2023-07-03 00:00:00+00:00,2023-07-05 12:55:00+00:00,long,30628.29,30318.98,SL,-0.9509,93.2105,1.0
2023-07-05 21:35:00+00:00,2023-07-06 07:10:00+00:00,short,30424.04,30731.35,SL,-0.9415,92.269,1.0
2023-07-06 16:40:00+00:00,2023-07-10 19:05:00+00:00,short,30254.11,30559.71,SL,-0.932,91.3369,1.0
2023-07-11 16:50:00+00:00,2023-07-12 19:20:00+00:00,long,30683.06,30373.19,SL,-0.9224,90.4145,1.0
2023-07-13 02:45:00+00:00,2023-07-13 13:40:00+00:00,short,30339.79,30646.25,SL,-0.9133,89.5013,1.0
2023-07-13 15:25:00+00:00,2023-07-13 19:25:00+00:00,long,30820.08,31587.42,TP,2.2284,91.7296,1.0
2023-07-14 02:10:00+00:00,2023-07-14 07:50:00+00:00,long,31454.42,31136.76,SL,-0.9264,90.8032,1.0
2023-07-15 04:05:00+00:00,2023-07-24 09:50:00+00:00,short,30289.96,29535.66,TP,2.2612,93.0645,1.0
2023-07-24 17:30:00+00:00,2023-07-26 03:05:00+00:00,short,29047.09,29340.49,SL,-0.94,92.1244,1.0
2023-07-26 05:25:00+00:00,2023-08-01 02:10:00+00:00,long,29231.47,28936.26,SL,-0.9304,91.1941,1.0
2023-08-01 14:10:00+00:00,2023-08-01 18:20:00+00:00,short,28830.22,29121.43,SL,-0.9212,90.2729,1.0
2023-08-01 22:50:00+00:00,2023-08-02 01:25:00+00:00,long,29246.44,29974.61,TP,2.2476,92.5205,1.0
2023-08-02 20:10:00+00:00,2023-08-08 11:55:00+00:00,short,29140.88,29435.23,SL,-0.9345,91.5859,1.0
2023-08-09 10:40:00+00:00,2023-08-09 16:55:00+00:00,long,29813.19,29512.11,SL,-0.9249,90.661,1.0
2023-08-10 06:40:00+00:00,2023-08-16 23:35:00+00:00,short,29531.41,28796.0,TP,2.2577,92.9187,1.0
2023-08-17 10:40:00+00:00,2023-08-17 16:00:00+00:00,short,28548.13,27837.21,TP,2.3139,95.2326,1.0
2023-08-18 01:10:00+00:00,2023-08-18 16:55:00+00:00,short,26587.51,25925.42,TP,2.3715,97.6041,1.0
2023-08-19 01:20:00+00:00,2023-08-23 16:15:00+00:00,short,26040.13,26303.16,SL,-0.9859,96.6182,1.0
2023-08-24 08:55:00+00:00,2023-08-24 14:25:00+00:00,long,26497.52,26229.92,SL,-0.9757,95.6425,1.0
2023-08-24 20:00:00+00:00,2023-08-29 14:20:00+00:00,short,26015.39,26278.17,SL,-0.9661,94.6764,1.0
2023-08-30 08:30:00+00:00,2023-08-30 14:50:00+00:00,long,27468.16,27190.76,SL,-0.9561,93.7203,1.0
2023-08-30 18:05:00+00:00,2023-08-31 11:40:00+00:00,short,27126.04,27400.04,SL,-0.9467,92.7736,1.0
2023-08-31 15:35:00+00:00,2023-08-31 16:45:00+00:00,short,27090.7,26416.07,TP,2.3103,95.0839,1.0
2023-08-31 23:30:00+00:00,2023-09-07 21:05:00+00:00,short,25970.47,26232.8,SL,-0.9604,94.1234,1.0
2023-09-08 00:25:00+00:00,2023-09-08 10:00:00+00:00,long,26277.64,26012.26,SL,-0.9506,93.1729,1.0
2023-09-08 18:30:00+00:00,2023-09-11 14:45:00+00:00,short,25778.83,25136.87,TP,2.3202,95.4931,1.0
2023-09-11 19:00:00+00:00,2023-09-12 03:15:00+00:00,short,25150.17,25404.22,SL,-0.9646,94.5285,1.0
2023-09-12 09:40:00+00:00,2023-09-14 00:55:00+00:00,long,25825.67,26468.67,TP,2.3535,96.8821,1.0
2023-09-16 02:00:00+00:00,2023-09-18 12:30:00+00:00,long,26671.7,27335.76,TP,2.4121,99.2942,1.0
2023-09-18 15:00:00+00:00,2023-09-18 17:25:00+00:00,long,27279.49,27003.99,SL,-1.0028,98.2914,1.0
2023-09-19 11:55:00+00:00,2023-09-19 14:00:00+00:00,long,27240.28,26965.18,SL,-0.9926,97.2988,1.0
2023-09-20 01:00:00+00:00,2023-09-20 06:00:00+00:00,long,27255.53,26980.27,SL,-0.9826,96.3162,1.0
2023-09-20 13:20:00+00:00,2023-09-24 23:25:00+00:00,short,27039.55,26366.19,TP,2.3985,98.7147,1.0
2023-09-25 01:55:00+00:00,2023-09-27 10:10:00+00:00,short,26161.39,26425.65,SL,-0.9971,97.7175,1.0
2023-09-28 06:55:00+00:00,2023-09-28 16:20:00+00:00,long,26480.58,27139.88,TP,2.4329,100.1505,1.0
2023-09-29 00:05:00+00:00,2023-09-29 14:05:00+00:00,long,27062.95,26789.64,SL,-1.0114,99.1391,1.0
2023-09-29 15:25:00+00:00,2023-10-01 06:10:00+00:00,short,26824.61,27095.56,SL,-1.0014,98.1376,1.0
2023-10-01 08:40:00+00:00,2023-10-01 22:15:00+00:00,long,27143.22,27819.02,TP,2.4434,100.581,1.0
2023-10-02 02:15:00+00:00,2023-10-02 21:40:00+00:00,long,27965.83,27683.4,SL,-1.0158,99.5653,1.0
2023-10-03 11:10:00+00:00,2023-10-04 19:15:00+00:00,short,27531.26,27809.35,SL,-1.0057,98.5596,1.0
2023-10-05 00:45:00+00:00,2023-10-05 07:35:00+00:00,long,27851.7,27570.43,SL,-0.9954,97.5642,1.0
2023-10-05 13:05:00+00:00,2023-10-05 15:30:00+00:00,long,27822.77,27541.79,SL,-0.9853,96.5789,1.0
2023-10-05 19:40:00+00:00,2023-10-06 10:20:00+00:00,short,27451.26,27728.55,SL,-0.9755,95.6034,1.0
2023-10-06 11:55:00+00:00,2023-10-06 12:50:00+00:00,long,27762.78,27482.4,SL,-0.9655,94.6379,1.0
2023-10-06 19:25:00+00:00,2023-10-08 13:10:00+00:00,long,28022.0,27739.01,SL,-0.9557,93.6821,1.0
2023-10-08 23:45:00+00:00,2023-10-09 09:45:00+00:00,long,27930.98,27648.91,SL,-0.9461,92.736,1.0
2023-10-09 15:45:00+00:00,2023-10-11 15:55:00+00:00,short,27467.24,26783.24,TP,2.3094,95.0454,1.0
2023-10-12 17:00:00+00:00,2023-10-13 07:15:00+00:00,short,26630.55,26899.54,SL,-0.9601,94.0853,1.0
2023-10-13 17:20:00+00:00,2023-10-13 21:00:00+00:00,short,26750.2,27020.41,SL,-0.9504,93.135,1.0
2023-10-14 05:25:00+00:00,2023-10-16 05:15:00+00:00,long,26932.55,27603.11,TP,2.3188,95.4538,1.0
2023-10-16 16:15:00+00:00,2023-10-19 16:20:00+00:00,long,28155.09,28856.08,TP,2.3766,97.8303,1.0
2023-10-20 06:45:00+00:00,2023-10-20 11:30:00+00:00,long,29269.8,29998.54,TP,2.4357,100.2661,1.0
2023-10-21 06:00:00+00:00,2023-10-23 01:25:00+00:00,long,29597.2,30334.1,TP,2.4964,102.7625,1.0
2023-10-23 18:55:00+00:00,2023-10-23 22:25:00+00:00,long,31171.42,31947.51,TP,2.5585,105.321,1.0
2023-10-24 05:15:00+00:00,2023-10-24 05:45:00+00:00,long,34479.44,34131.23,SL,-1.0636,104.2573,1.0
2023-10-26 13:55:00+00:00,2023-10-29 15:00:00+00:00,short,34172.58,34517.76,SL,-1.0531,103.2042,1.0
2023-10-30 05:20:00+00:00,2023-10-30 09:40:00+00:00,short,34270.17,34616.34,SL,-1.0425,102.1618,1.0
2023-10-30 13:35:00+00:00,2023-10-30 17:10:00+00:00,long,34699.32,34348.89,SL,-1.0317,101.13,1.0
2023-10-31 06:30:00+00:00,2023-10-31 20:00:00+00:00,short,34198.99,34544.43,SL,-1.0215,100.1085,1.0
2023-11-01 05:35:00+00:00,2023-11-01 12:55:00+00:00,short,34400.34,34747.82,SL,-1.0112,99.0973,1.0
2023-11-02 12:35:00+00:00,2023-11-02 13:40:00+00:00,long,35429.19,35071.39,SL,-1.0008,98.0966,1.0
2023-11-03 00:25:00+00:00,2023-11-04 22:50:00+00:00,short,34767.95,35119.14,SL,-0.9909,97.1057,1.0
2023-11-05 01:45:00+00:00,2023-11-05 21:50:00+00:00,long,35028.19,34674.44,SL,-0.9807,96.125,1.0
2023-11-06 01:00:00+00:00,2023-11-07 10:05:00+00:00,long,35071.21,34717.02,SL,-0.9708,95.1542,1.0
2023-11-07 13:35:00+00:00,2023-11-07 18:05:00+00:00,short,34634.87,34984.71,SL,-0.9612,94.1931,1.0
2023-11-08 12:55:00+00:00,2023-11-09 02:20:00+00:00,long,35394.63,36275.87,TP,2.3452,96.5383,1.0
2023-11-09 11:50:00+00:00,2023-11-09 14:45:00+00:00,long,36794.97,37711.07,TP,2.4036,98.9418,1.0
2023-11-10 15:05:00+00:00,2023-11-13 11:45:00+00:00,long,37137.26,36762.21,SL,-0.9992,97.9426,1.0
2023-11-13 13:45:00+00:00,2023-11-14 18:10:00+00:00,short,36823.39,35906.39,TP,2.439,100.3816,1.0
2023-11-15 01:30:00+00:00,2023-11-15 09:15:00+00:00,short,35485.11,35843.55,SL,-1.014,99.3677,1.0
2023-11-15 14:20:00+00:00,2023-11-15 18:15:00+00:00,long,36205.62,37107.05,TP,2.474,101.8417,1.0
2023-11-16 15:45:00+00:00,2023-11-16 19:35:00+00:00,short,36475.63,35567.3,TP,2.5361,104.3778,1.0
2023-11-17 07:05:00+00:00,2023-11-17 23:05:00+00:00,short,36284.36,36650.87,SL,-1.0543,103.3235,1.0
2023-11-18 10:50:00+00:00,2023-11-19 23:10:00+00:00,long,36463.27,37371.11,TP,2.5725,105.896,1.0
2023-11-20 02:50:00+00:00,2023-11-20 14:10:00+00:00,long,37317.5,36940.63,SL,-1.0694,104.8265,1.0
2023-11-20 23:00:00+00:00,2023-11-21 13:15:00+00:00,long,37516.83,37137.95,SL,-1.0586,103.7679,1.0
2023-11-22 13:20:00+00:00,2023-11-22 18:15:00+00:00,short,36460.69,36828.98,SL,-1.0482,102.7197,1.0
2023-11-24 00:25:00+00:00,2023-11-24 15:25:00+00:00,long,37325.27,38254.58,TP,2.5575,105.2772,1.0
2023-11-25 07:45:00+00:00,2023-11-26 13:40:00+00:00,long,37814.85,37432.96,SL,-1.0632,104.214,1.0
2023-11-26 16:25:00+00:00,2023-11-26 22:00:00+00:00,short,37289.22,37665.88,SL,-1.0527,103.1613,1.0
2023-11-27 02:00:00+00:00,2023-11-28 16:45:00+00:00,short,37442.99,37821.2,SL,-1.042,102.1193,1.0
2023-11-29 03:05:00+00:00,2023-11-30 14:00:00+00:00,long,37973.01,37589.52,SL,-1.0313,101.088,1.0
2023-12-01 06:45:00+00:00,2023-12-02 19:05:00+00:00,long,38165.83,39116.06,TP,2.5168,103.6048,1.0
2023-12-03 09:20:00+00:00,2023-12-04 01:20:00+00:00,long,39470.14,40452.84,TP,2.5795,106.1843,1.0
2023-12-04 21:45:00+00:00,2023-12-05 07:35:00+00:00,long,41908.93,41485.69,SL,-1.0724,105.112,1.0
2023-12-05 21:10:00+00:00,2023-12-07 09:15:00+00:00,long,43786.58,43344.38,SL,-1.0615,104.0504,1.0
2023-12-08 06:10:00+00:00,2023-12-08 21:20:00+00:00,long,43487.78,44570.52,TP,2.5906,106.641,1.0
2023-12-09 19:55:00+00:00,2023-12-11 02:05:00+00:00,short,43920.0,42826.28,TP,2.6556,109.2967,1.0
2023-12-12 20:40:00+00:00,2023-12-13 15:00:00+00:00,short,41130.75,41546.21,SL,-1.104,108.1927,1.0
2023-12-14 08:10:00+00:00,2023-12-14 13:25:00+00:00,long,42958.23,42524.39,SL,-1.0926,107.1,1.0
2023-12-14 19:50:00+00:00,2023-12-15 05:55:00+00:00,long,43036.3,42601.68,SL,-1.0816,106.0184,1.0
2023-12-16 06:05:00+00:00,2023-12-17 02:55:00+00:00,long,42301.37,41874.17,SL,-1.0707,104.9477,1.0
2023-12-17 05:30:00+00:00,2023-12-17 17:10:00+00:00,short,41931.25,42354.79,SL,-1.0601,103.8877,1.0
2023-12-17 18:55:00+00:00,2023-12-17 22:30:00+00:00,long,42177.43,41751.48,SL,-1.0492,102.8385,1.0
2023-12-18 18:40:00+00:00,2023-12-18 21:45:00+00:00,long,41552.84,42587.41,TP,2.5604,105.3989,1.0
2023-12-20 09:25:00+00:00,2023-12-20 14:25:00+00:00,long,42954.01,44023.46,TP,2.6242,108.0231,1.0
2023-12-21 00:25:00+00:00,2023-12-24 22:10:00+00:00,long,43650.18,43209.36,SL,-1.0909,106.9322,1.0
2023-12-25 02:20:00+00:00,2023-12-25 12:55:00+00:00,short,42943.8,43377.57,SL,-1.0801,105.852,1.0
2023-12-26 20:20:00+00:00,2023-12-26 22:15:00+00:00,short,42106.95,42532.27,SL,-1.0692,104.7828,1.0
2023-12-27 02:20:00+00:00,2023-12-27 10:20:00+00:00,short,42353.78,42781.6,SL,-1.0584,103.7244,1.0
2023-12-27 15:40:00+00:00,2023-12-28 14:20:00+00:00,long,43044.32,42609.62,SL,-1.0475,102.6769,1.0
2023-12-28 18:05:00+00:00,2023-12-29 11:50:00+00:00,short,42438.06,42866.72,SL,-1.0371,101.6398,1.0
2023-12-29 13:45:00+00:00,2023-12-29 15:45:00+00:00,long,42851.97,42419.21,SL,-1.0265,100.6133,1.0
2023-12-29 21:20:00+00:00,2023-12-30 16:00:00+00:00,short,41972.41,42396.38,SL,-1.0163,99.597,1.0
2023-12-31 09:05:00+00:00,2024-01-01 20:00:00+00:00,long,42548.23,43607.58,TP,2.4797,102.0767,1.0
2024-01-02 06:40:00+00:00,2024-01-02 15:15:00+00:00,long,45299.53,44842.05,SL,-1.0309,101.0459,1.0
2024-01-03 06:15:00+00:00,2024-01-03 11:10:00+00:00,long,45275.62,44818.38,SL,-1.0205,100.0254,1.0
2024-01-03 21:10:00+00:00,2024-01-04 02:45:00+00:00,short,42625.75,43056.31,SL,-1.0104,99.015,1.0
2024-01-04 10:20:00+00:00,2024-01-04 11:30:00+00:00,short,42771.73,43203.77,SL,-1.0002,98.0149,1.0
2024-01-04 20:35:00+00:00,2024-01-05 01:15:00+00:00,long,44445.53,43996.68,SL,-0.9899,97.025,1.0
2024-01-05 13:55:00+00:00,2024-01-05 14:55:00+00:00,long,43990.41,43546.15,SL,-0.9799,96.0452,1.0
2024-01-07 19:25:00+00:00,2024-01-07 23:40:00+00:00,long,44164.41,43718.39,SL,-0.97,95.0752,1.0
2024-01-08 15:45:00+00:00,2024-01-08 18:30:00+00:00,long,44935.36,46054.14,TP,2.3671,97.4424,1.0
2024-01-08 23:20:00+00:00,2024-01-09 00:35:00+00:00,long,47064.71,46589.4,SL,-0.9841,96.4583,1.0
2024-01-09 13:20:00+00:00,2024-01-09 21:10:00+00:00,long,46714.67,47877.75,TP,2.4016,98.8599,1.0
2024-01-10 00:30:00+00:00,2024-01-10 12:50:00+00:00,short,45914.23,44770.85,TP,2.4619,101.3217,1.0
2024-01-10 14:50:00+00:00,2024-01-10 15:35:00+00:00,short,44887.51,45340.92,SL,-1.0235,100.2983,1.0
2024-01-11 01:20:00+00:00,2024-01-11 05:35:00+00:00,long,46693.18,46221.62,SL,-1.0129,99.2854,1.0
2024-01-12 00:10:00+00:00,2024-01-12 15:15:00+00:00,short,46257.93,45106.0,TP,2.4725,101.7578,1.0
2024-01-13 01:05:00+00:00,2024-01-13 06:20:00+00:00,short,42717.75,43149.24,SL,-1.0279,100.73,1.0
2024-01-14 02:15:00+00:00,2024-01-15 18:25:00+00:00,short,42701.74,43133.07,SL,-1.0175,99.7125,1.0
2024-01-17 09:55:00+00:00,2024-01-18 18:05:00+00:00,short,42674.3,41611.61,TP,2.4831,102.1956,1.0
2024-01-19 02:15:00+00:00,2024-01-19 18:50:00+00:00,short,41224.02,41640.42,SL,-1.0323,101.1633,1.0
2024-01-20 02:40:00+00:00,2024-01-22 03:15:00+00:00,long,41629.04,41208.63,SL,-1.0216,100.1416,1.0
2024-01-22 16:25:00+00:00,2024-01-23 08:45:00+00:00,short,40461.78,39454.18,TP,2.4938,102.6354,1.0
2024-01-23 20:55:00+00:00,2024-01-23 23:05:00+00:00,short,39171.14,39566.81,SL,-1.0367,101.5987,1.0
2024-01-24 09:10:00+00:00,2024-01-24 18:20:00+00:00,long,40104.02,39699.01,SL,-1.026,100.5727,1.0
2024-01-24 20:45:00+00:00,2024-01-24 23:05:00+00:00,short,39584.01,39983.85,SL,-1.0159,99.5568,1.0
2024-01-26 14:30:00+00:00,2024-01-28 04:00:00+00:00,long,41225.58,42252.0,TP,2.4787,102.0355,1.0
2024-01-28 22:35:00+00:00,2024-01-29 01:20:00+00:00,short,41691.68,42112.81,SL,-1.0307,101.0048,1.0
2024-01-29 23:35:00+00:00,2024-01-30 23:40:00+00:00,long,43270.33,42833.34,SL,-1.02,99.9848,1.0
2024-01-31 13:05:00+00:00,2024-01-31 15:25:00+00:00,short,42571.72,43001.74,SL,-1.0099,98.9748,1.0
2024-02-01 00:15:00+00:00,2024-02-01 17:15:00+00:00,short,42560.16,42990.06,SL,-0.9997,97.9751,1.0
2024-02-01 19:40:00+00:00,2024-02-04 22:35:00+00:00,long,43005.11,42570.8,SL,-0.9895,96.9856,1.0
2024-02-05 10:00:00+00:00,2024-02-05 15:50:00+00:00,long,43191.75,42755.56,SL,-0.9795,96.0062,1.0
2024-02-06 22:30:00+00:00,2024-02-07 21:25:00+00:00,long,43198.21,44273.74,TP,2.3903,98.3965,1.0
2024-02-09 05:30:00+00:00,2024-02-09 12:05:00+00:00,long,46150.25,47299.28,TP,2.4498,100.8463,1.0
2024-02-09 20:50:00+00:00,2024-02-09 23:25:00+00:00,long,47644.39,47163.23,SL,-1.0184,99.8279,1.0
2024-02-10 23:15:00+00:00,2024-02-12 15:10:00+00:00,long,47860.29,49051.89,TP,2.4855,102.3133,1.0
2024-02-12 20:15:00+00:00,2024-02-13 14:10:00+00:00,long,49884.24,49380.46,SL,-1.0333,101.2801,1.0
2024-02-13 23:35:00+00:00,2024-02-14 09:05:00+00:00,long,49560.96,50794.9,TP,2.5216,103.8017,1.0
2024-02-14 15:30:00+00:00,2024-02-14 16:15:00+00:00,long,51929.52,51405.09,SL,-1.0483,102.7534,1.0
2024-02-14 21:50:00+00:00,2024-02-17 13:30:00+00:00,long,51759.32,51236.6,SL,-1.0377,101.7157,1.0
2024-02-18 01:00:00+00:00,2024-02-18 02:50:00+00:00,long,51754.9,51232.23,SL,-1.0272,100.6885,1.0
2024-02-18 16:55:00+00:00,2024-02-20 01:20:00+00:00,long,51840.75,51317.21,SL,-1.0169,99.6716,1.0
2024-02-20 13:30:00+00:00,2024-02-20 14:20:00+00:00,long,52618.01,52086.62,SL,-1.0066,98.665,1.0
2024-02-22 05:25:00+00:00,2024-02-22 13:40:00+00:00,long,51626.03,51104.66,SL,-0.9964,97.6686,1.0
2024-02-23 14:40:00+00:00,2024-02-24 17:30:00+00:00,short,50910.92,51425.17,SL,-0.9866,96.6821,1.0
2024-02-24 21:50:00+00:00,2024-02-26 09:25:00+00:00,long,51584.51,51063.56,SL,-0.9764,95.7057,1.0
2024-02-26 11:35:00+00:00,2024-02-26 14:45:00+00:00,short,51081.36,51597.33,SL,-0.9667,94.739,1.0
2024-02-27 00:10:00+00:00,2024-02-27 02:05:00+00:00,long,54612.27,55971.98,TP,2.3588,97.0977,1.0
2024-02-27 08:10:00+00:00,2024-02-28 07:40:00+00:00,long,56314.29,57716.38,TP,2.4175,99.5152,1.0
2024-02-28 12:30:00+00:00,2024-02-28 14:55:00+00:00,long,59363.93,60841.94,TP,2.4777,101.9929,1.0
2024-02-29 09:05:00+00:00,2024-02-29 13:25:00+00:00,long,62904.26,62268.99,SL,-1.03,100.9629,1.0
2024-02-29 15:25:00+00:00,2024-02-29 16:15:00+00:00,long,63189.96,62551.8,SL,-1.0196,99.9432,1.0
2024-03-01 00:00:00+00:00,2024-03-01 06:15:00+00:00,short,61123.81,61741.22,SL,-1.0095,98.9337,1.0
2024-03-01 23:10:00+00:00,2024-03-02 01:15:00+00:00,long,62667.35,62034.47,SL,-0.9991,97.9346,1.0
2024-03-02 09:15:00+00:00,2024-03-03 12:25:00+00:00,short,61838.14,62462.76,SL,-0.9892,96.9453,1.0
2024-03-03 16:10:00+00:00,2024-03-04 00:35:00+00:00,long,62288.7,63839.53,TP,2.4137,99.359,1.0
2024-03-04 02:35:00+00:00,2024-03-04 09:30:00+00:00,long,63872.52,65462.78,TP,2.4738,101.8328,1.0
2024-03-04 11:55:00+00:00,2024-03-04 17:15:00+00:00,long,65236.52,66860.75,TP,2.5354,104.3682,1.0
2024-03-04 22:00:00+00:00,2024-03-05 05:00:00+00:00,long,67625.86,66942.91,SL,-1.054,103.3142,1.0
2024-03-05 09:40:00+00:00,2024-03-05 10:30:00+00:00,short,66361.43,67031.75,SL,-1.0436,102.2706,1.0
2024-03-06 19:25:00+00:00,2024-03-06 21:25:00+00:00,long,67181.72,66503.25,SL,-1.0328,101.2378,1.0
2024-03-07 01:05:00+00:00,2024-03-07 01:55:00+00:00,short,65626.85,66289.74,SL,-1.0226,100.2152,1.0
2024-03-07 05:40:00+00:00,2024-03-07 08:00:00+00:00,short,65731.42,66395.37,SL,-1.0123,99.2029,1.0
2024-03-07 12:00:00+00:00,2024-03-08 15:10:00+00:00,long,67056.71,68726.25,TP,2.4699,101.6728,1.0
2024-03-09 12:35:00+00:00,2024-03-11 07:10:00+00:00,long,68311.35,70012.13,TP,2.5314,104.2042,1.0
2024-03-11 12:30:00+00:00,2024-03-12 16:15:00+00:00,long,72021.45,71294.11,SL,-1.0524,103.1519,1.0
2024-03-13 11:10:00+00:00,2024-03-13 12:35:00+00:00,long,73467.01,72725.06,SL,-1.0417,102.1101,1.0
2024-03-13 16:25:00+00:00,2024-03-14 13:45:00+00:00,long,72728.38,71993.9,SL,-1.0312,101.0789,1.0
2024-03-14 18:05:00+00:00,2024-03-14 22:05:00+00:00,short,70640.76,71354.3,SL,-1.021,100.0579,1.0
2024-03-15 10:55:00+00:00,2024-03-15 12:30:00+00:00,short,67244.05,67923.29,SL,-1.0107,99.0472,1.0
2024-03-16 19:55:00+00:00,2024-03-16 23:15:00+00:00,short,66904.83,65238.73,TP,2.4665,101.5138,1.0
2024-03-17 13:15:00+00:00,2024-03-19 01:25:00+00:00,long,67282.72,66603.23,SL,-1.0252,100.4886,1.0
2024-03-20 01:20:00+00:00,2024-03-20 02:10:00+00:00,short,62019.2,62645.65,SL,-1.015,99.4735,1.0
2024-03-20 14:10:00+00:00,2024-03-20 16:20:00+00:00,long,63818.4,63173.9,SL,-1.0046,98.4689,1.0
2024-03-21 17:25:00+00:00,2024-03-22 11:50:00+00:00,short,66197.94,64549.45,TP,2.4521,100.9211,1.0
2024-03-23 10:00:00+00:00,2024-03-24 04:20:00+00:00,long,64601.28,63948.87,SL,-1.0192,99.9019,1.0
2024-03-24 14:20:00+00:00,2024-03-24 17:00:00+00:00,long,65902.47,65236.92,SL,-1.0089,98.893,1.0
2024-03-25 13:35:00+00:00,2024-03-25 14:20:00+00:00,long,67166.73,68839.01,TP,2.4622,101.3551,1.0
2024-03-26 16:20:00+00:00,2024-03-27 00:55:00+00:00,short,69793.02,70498.0,SL,-1.0238,100.3314,1.0
2024-03-27 02:50:00+00:00,2024-03-27 07:25:00+00:00,long,70523.04,69810.83,SL,-1.0132,99.3181,1.0
2024-03-28 10:55:00+00:00,2024-03-29 07:30:00+00:00,long,70807.08,70092.0,SL,-1.003,98.3151,1.0
2024-03-30 03:10:00+00:00,2024-04-01 05:50:00+00:00,long,70007.01,69300.01,SL,-0.9929,97.3222,1.0
2024-04-02 17:45:00+00:00,2024-04-02 19:30:00+00:00,short,65333.47,65993.4,SL,-0.9831,96.3392,1.0
2024-04-03 06:20:00+00:00,2024-04-03 11:05:00+00:00,long,66322.77,65652.98,SL,-0.9729,95.3662,1.0
2024-04-04 11:40:00+00:00,2024-04-04 17:35:00+00:00,long,66418.44,68072.09,TP,2.3744,97.7406,1.0
2024-04-05 11:25:00+00:00,2024-04-05 13:50:00+00:00,short,66796.68,67471.39,SL,-0.9873,96.7533,1.0
2024-04-05 22:35:00+00:00,2024-04-06 23:05:00+00:00,long,67778.41,69465.92,TP,2.4089,99.1623,1.0
2024-04-07 14:40:00+00:00,2024-04-08 08:10:00+00:00,long,69501.77,71232.19,TP,2.4689,101.6311,1.0
2024-04-09 09:55:00+00:00,2024-04-09 16:50:00+00:00,short,70385.14,68632.37,TP,2.5309,104.162,1.0
2024-04-09 19:10:00+00:00,2024-04-10 02:00:00+00:00,short,68714.26,69408.34,SL,-1.0521,103.1099,1.0
2024-04-10 02:40:00+00:00,2024-04-10 06:25:00+00:00,short,68741.15,69435.5,SL,-1.0415,102.0684,1.0
2024-04-10 12:20:00+00:00,2024-04-10 17:20:00+00:00,short,68889.41,69585.26,SL,-1.031,101.0374,1.0
2024-04-10 21:55:00+00:00,2024-04-12 14:55:00+00:00,long,70024.0,69316.83,SL,-1.0204,100.017,1.0
2024-04-12 21:05:00+00:00,2024-04-13 04:35:00+00:00,short,66833.0,67508.08,SL,-1.0103,99.0067,1.0
2024-04-13 07:50:00+00:00,2024-04-13 19:50:00+00:00,short,67344.91,65667.86,TP,2.4655,101.4722,1.0
2024-04-14 11:10:00+00:00,2024-04-14 22:05:00+00:00,short,64232.74,64881.55,SL,-1.025,100.4473,1.0
2024-04-16 03:30:00+00:00,2024-04-16 21:20:00+00:00,short,63061.1,63698.08,SL,-1.0146,99.4326,1.0
2024-04-17 00:45:00+00:00,2024-04-17 07:05:00+00:00,long,64126.06,63478.45,SL,-1.0042,98.4285,1.0
2024-04-17 14:10:00+00:00,2024-04-17 15:25:00+00:00,short,62109.02,60562.35,TP,2.4511,100.8796,1.0
2024-04-17 20:45:00+00:00,2024-04-17 21:15:00+00:00,short,60993.91,61610.01,SL,-1.019,99.8606,1.0
2024-04-18 13:30:00+00:00,2024-04-18 15:05:00+00:00,long,62400.31,63953.92,TP,2.4863,102.3469,1.0
2024-04-18 22:40:00+00:00,2024-04-19 00:55:00+00:00,long,63542.34,62900.63,SL,-1.0336,101.3133,1.0
2024-04-19 11:35:00+00:00,2024-04-19 13:15:00+00:00,long,65338.56,64678.71,SL,-1.0232,100.2901,1.0
2024-04-21 01:05:00+00:00,2024-04-22 17:25:00+00:00,long,64888.09,66503.64,TP,2.497,102.7871,1.0
2024-04-22 21:55:00+00:00,2024-04-24 14:20:00+00:00,long,66533.59,65861.67,SL,-1.038,101.749,1.0
2024-04-24 18:15:00+00:00,2024-04-25 13:05:00+00:00,short,64733.53,63121.5,TP,2.5338,104.2828,1.0
2024-04-25 14:50:00+00:00,2024-04-25 15:50:00+00:00,short,63251.14,63890.04,SL,-1.0534,103.2295,1.0
2024-04-26 12:50:00+00:00,2024-04-26 14:10:00+00:00,short,63973.61,64619.81,SL,-1.0427,102.1868,1.0
2024-04-26 22:25:00+00:00,2024-04-29 05:30:00+00:00,short,63815.58,62226.41,TP,2.5447,104.7315,1.0
2024-04-30 15:20:00+00:00,2024-04-30 19:55:00+00:00,short,60932.22,59414.85,TP,2.6081,107.3396,1.0
2024-05-02 04:45:00+00:00,2024-05-02 11:00:00+00:00,short,57435.96,58016.12,SL,-1.0842,106.2553,1.0
2024-05-02 14:30:00+00:00,2024-05-03 12:40:00+00:00,long,58869.49,60335.19,TP,2.6455,108.9008,1.0
2024-05-04 00:45:00+00:00,2024-05-06 08:15:00+00:00,long,63085.72,64656.39,TP,2.7114,111.6122,1.0
2024-05-06 14:45:00+00:00,2024-05-08 09:40:00+00:00,short,63701.11,62114.79,TP,2.7794,114.3916,1.0
2024-05-08 12:30:00+00:00,2024-05-09 22:35:00+00:00,short,62243.92,62872.65,SL,-1.1555,113.2361,1.0
2024-05-10 03:55:00+00:00,2024-05-10 14:25:00+00:00,long,62922.45,62287.0,SL,-1.1436,112.0925,1.0
2024-05-11 10:35:00+00:00,2024-05-11 15:15:00+00:00,short,60743.56,61357.13,SL,-1.1322,110.9603,1.0
2024-05-11 23:35:00+00:00,2024-05-12 15:45:00+00:00,short,60847.9,61462.53,SL,-1.1208,109.8395,1.0
2024-05-12 17:50:00+00:00,2024-05-13 02:30:00+00:00,long,61638.72,61016.23,SL,-1.1093,108.7302,1.0
2024-05-13 12:30:00+00:00,2024-05-14 06:10:00+00:00,long,62775.32,62141.35,SL,-1.0981,107.6322,1.0
2024-05-14 14:50:00+00:00,2024-05-15 09:40:00+00:00,short,61599.3,62221.51,SL,-1.0872,106.545,1.0
2024-05-15 12:25:00+00:00,2024-05-15 13:25:00+00:00,long,62667.9,64228.17,TP,2.6527,109.1977,1.0
2024-05-17 01:15:00+00:00,2024-05-17 06:45:00+00:00,short,65204.74,65863.37,SL,-1.103,108.0947,1.0
2024-05-17 12:30:00+00:00,2024-05-20 16:35:00+00:00,long,66375.23,68027.8,TP,2.6913,110.7859,1.0
2024-05-20 21:55:00+00:00,2024-05-21 00:15:00+00:00,long,69724.76,71460.73,TP,2.7583,113.5442,1.0
2024-05-21 02:40:00+00:00,2024-05-21 14:25:00+00:00,long,71308.93,70588.78,SL,-1.1467,112.3976,1.0
2024-05-21 19:25:00+00:00,2024-05-21 22:35:00+00:00,short,69370.35,70071.06,SL,-1.1353,111.2622,1.0
2024-05-22 20:30:00+00:00,2024-05-23 17:55:00+00:00,short,69393.06,67665.0,TP,2.7707,114.0329,1.0
2024-05-23 20:00:00+00:00,2024-05-23 20:15:00+00:00,short,66657.34,67330.65,SL,-1.1518,112.8811,1.0
2024-05-26 01:25:00+00:00,2024-05-26 21:30:00+00:00,long,69250.92,68551.56,SL,-1.14,111.7411,1.0
2024-05-26 23:10:00+00:00,2024-05-27 01:45:00+00:00,short,68493.15,69185.0,SL,-1.1287,110.6124,1.0
2024-05-27 11:30:00+00:00,2024-05-27 14:35:00+00:00,short,68490.1,69181.92,SL,-1.1173,109.4951,1.0
2024-05-28 07:15:00+00:00,2024-05-28 10:10:00+00:00,short,67819.94,68504.99,SL,-1.106,108.3891,1.0
2024-05-28 12:40:00+00:00,2024-05-30 17:20:00+00:00,short,68293.17,68983.0,SL,-1.0948,107.2943,1.0
2024-06-01 06:10:00+00:00,2024-06-02 14:25:00+00:00,short,67659.21,68342.64,SL,-1.0838,106.2105,1.0
2024-06-03 04:40:00+00:00,2024-06-03 13:45:00+00:00,long,68430.45,70134.2,TP,2.6444,108.8549,1.0
2024-06-04 04:30:00+00:00,2024-06-04 18:20:00+00:00,long,69271.93,70996.62,TP,2.7102,111.5651,1.0
2024-06-05 00:20:00+00:00,2024-06-07 17:55:00+00:00,long,70637.05,69923.69,SL,-1.1267,110.4384,1.0
2024-06-09 02:15:00+00:00,2024-06-10 15:30:00+00:00,short,69243.07,69942.5,SL,-1.1155,109.3228,1.0
2024-06-11 00:35:00+00:00,2024-06-11 06:20:00+00:00,short,69433.05,67703.99,TP,2.7224,112.0452,1.0
2024-06-11 13:45:00+00:00,2024-06-11 19:50:00+00:00,short,66825.35,67500.35,SL,-1.1318,110.9135,1.0
2024-06-12 12:25:00+00:00,2024-06-12 14:15:00+00:00,long,68016.8,69710.25,TP,2.7615,113.6749,1.0
2024-06-13 01:20:00+00:00,2024-06-14 15:55:00+00:00,short,68137.18,66440.39,TP,2.8308,116.5057,1.0
2024-06-15 06:05:00+00:00,2024-06-17 10:00:00+00:00,long,66378.64,65708.28,SL,-1.1766,115.3291,1.0
2024-06-17 12:00:00+00:00,2024-06-17 17:35:00+00:00,short,65773.45,66437.83,SL,-1.1649,114.1642,1.0
2024-06-17 22:45:00+00:00,2024-06-18 00:45:00+00:00,long,66641.62,65968.61,SL,-1.1529,113.0113,1.0
2024-06-18 15:00:00+00:00,2024-06-18 22:35:00+00:00,short,64613.57,65266.23,SL,-1.1415,111.8697,1.0
2024-06-19 06:30:00+00:00,2024-06-19 15:30:00+00:00,long,65537.17,64875.31,SL,-1.1298,110.74,1.0
2024-06-20 04:30:00+00:00,2024-06-20 16:20:00+00:00,long,65256.79,64597.76,SL,-1.1184,109.6216,1.0
2024-06-21 06:55:00+00:00,2024-06-24 01:15:00+00:00,short,64621.18,63011.95,TP,2.7299,112.3515,1.0
2024-06-24 02:45:00+00:00,2024-06-24 09:30:00+00:00,short,63028.51,61458.94,TP,2.7978,115.1493,1.0
2024-06-24 13:10:00+00:00,2024-06-24 14:05:00+00:00,short,61039.05,61655.6,SL,-1.1631,113.9862,1.0
2024-06-25 22:00:00+00:00,2024-06-26 09:05:00+00:00,long,62049.86,61423.22,SL,-1.1511,112.835,1.0
2024-06-28 01:15:00+00:00,2024-06-28 14:15:00+00:00,long,61809.91,61185.69,SL,-1.1395,111.6955,1.0
2024-06-28 17:50:00+00:00,2024-06-30 07:05:00+00:00,short,60789.93,61403.97,SL,-1.1282,110.5673,1.0
2024-06-30 11:15:00+00:00,2024-07-01 01:05:00+00:00,long,61634.16,63168.7,TP,2.7528,113.3201,1.0
2024-07-01 07:10:00+00:00,2024-07-01 11:00:00+00:00,long,63438.34,62797.68,SL,-1.1444,112.1757,1.0
2024-07-02 10:00:00+00:00,2024-07-03 03:10:00+00:00,short,62607.04,61047.97,TP,2.7935,114.9691,1.0
2024-07-03 18:45:00+00:00,2024-07-04 01:55:00+00:00,short,60296.02,58794.5,TP,2.863,117.8322,1.0
2024-07-04 12:00:00+00:00,2024-07-04 16:50:00+00:00,short,57668.21,58250.72,SL,-1.1902,116.6419,1.0
2024-07-05 08:55:00+00:00,2024-07-05 10:05:00+00:00,short,54082.59,54628.88,SL,-1.1782,115.4637,1.0
2024-07-05 18:45:00+00:00,2024-07-06 20:25:00+00:00,long,56595.65,58004.74,TP,2.8748,118.3385,1.0
2024-07-06 22:15:00+00:00,2024-07-07 07:10:00+00:00,long,58052.56,57466.29,SL,-1.1951,117.1434,1.0
2024-07-08 03:20:00+00:00,2024-07-08 04:45:00+00:00,short,54945.6,55500.61,SL,-1.1833,115.9601,1.0
2024-07-09 18:15:00+00:00,2024-07-10 04:25:00+00:00,long,57723.35,59160.52,TP,2.8871,118.8472,1.0
2024-07-10 16:45:00+00:00,2024-07-11 01:45:00+00:00,short,57639.24,58221.45,SL,-1.2005,117.6468,1.0
2024-07-11 22:50:00+00:00,2024-07-12 13:55:00+00:00,short,57276.31,57854.86,SL,-1.1884,116.4584,1.0
2024-07-13 02:45:00+00:00,2024-07-13 22:55:00+00:00,long,57934.39,59376.81,TP,2.8995,119.3579,1.0
2024-07-14 07:50:00+00:00,2024-07-14 14:25:00+00:00,long,60127.35,59520.13,SL,-1.2054,118.1525,1.0
2024-07-14 18:50:00+00:00,2024-07-15 01:15:00+00:00,long,60024.23,61518.69,TP,2.9417,121.0942,1.0
2024-07-15 18:35:00+00:00,2024-07-16 07:50:00+00:00,long,63490.52,62849.33,SL,-1.2229,119.8713,1.0
2024-07-16 17:50:00+00:00,2024-07-18 00:10:00+00:00,long,64577.77,63925.6,SL,-1.2106,118.6607,1.0
2024-07-19 06:05:00+00:00,2024-07-19 07:35:00+00:00,long,64467.74,63816.68,SL,-1.1984,117.4624,1.0
2024-07-19 09:45:00+00:00,2024-07-19 12:55:00+00:00,short,63765.78,64409.88,SL,-1.1865,116.2759,1.0
2024-07-20 04:25:00+00:00,2024-07-22 00:40:00+00:00,long,66668.67,68328.55,TP,2.895,119.1709,1.0
2024-07-24 01:45:00+00:00,2024-07-24 08:05:00+00:00,short,65632.23,66295.18,SL,-1.2037,117.9671,1.0
2024-07-24 12:30:00+00:00,2024-07-24 18:45:00+00:00,long,66522.05,65850.25,SL,-1.1913,116.7758,1.0
2024-07-24 21:15:00+00:00,2024-07-25 02:45:00+00:00,short,65675.43,64039.95,TP,2.908,119.6838,1.0
2024-07-25 11:55:00+00:00,2024-07-25 14:40:00+00:00,short,64089.59,64736.96,SL,-1.2089,118.4749,1.0
2024-07-26 06:10:00+00:00,2024-07-27 13:10:00+00:00,long,67036.69,68705.74,TP,2.9497,121.4246,1.0
2024-07-28 08:35:00+00:00,2024-07-28 12:30:00+00:00,short,67249.27,67928.56,SL,-1.2265,120.1981,1.0
2024-07-28 23:20:00+00:00,2024-07-29 12:50:00+00:00,long,68116.81,69812.75,TP,2.9926,123.1907,1.0
2024-07-30 12:15:00+00:00,2024-07-31 20:15:00+00:00,short,66511.35,64855.05,TP,3.0678,126.2585,1.0
2024-08-02 12:55:00+00:00,2024-08-02 14:40:00+00:00,long,64852.48,64197.54,SL,-1.2751,124.9834,1.0
2024-08-03 21:00:00+00:00,2024-08-03 23:20:00+00:00,short,60161.98,60769.68,SL,-1.2625,123.7209,1.0
2024-08-04 23:05:00+00:00,2024-08-05 00:35:00+00:00,short,58548.13,57090.14,TP,3.081,126.8019,1.0
2024-08-06 07:40:00+00:00,2024-08-06 08:30:00+00:00,long,55978.7,55413.37,SL,-1.2806,125.5213,1.0
2024-08-08 12:30:00+00:00,2024-08-08 13:30:00+00:00,long,58387.85,57798.19,SL,-1.2676,124.2537,1.0
2024-08-08 14:25:00+00:00,2024-08-08 16:10:00+00:00,long,58184.46,59633.11,TP,3.0936,127.3473,1.0
2024-08-08 19:15:00+00:00,2024-08-08 22:45:00+00:00,long,59742.81,61230.26,TP,3.1706,130.5179,1.0
2024-08-09 23:35:00+00:00,2024-08-11 15:00:00+00:00,long,60743.39,60129.95,SL,-1.3181,129.1998,1.0
2024-08-11 15:35:00+00:00,2024-08-11 20:20:00+00:00,short,60198.79,58699.69,TP,3.2174,132.4172,1.0
2024-08-11 23:55:00+00:00,2024-08-12 11:05:00+00:00,short,58706.72,59299.72,SL,-1.3375,131.0797,1.0
2024-08-12 20:55:00+00:00,2024-08-12 23:15:00+00:00,short,58836.08,59430.38,SL,-1.324,129.7556,1.0
2024-08-13 06:15:00+00:00,2024-08-13 14:50:00+00:00,short,59046.09,59642.52,SL,-1.3107,128.445,1.0
2024-08-14 02:20:00+00:00,2024-08-14 13:45:00+00:00,long,60717.07,60103.89,SL,-1.2972,127.1478,1.0
2024-08-14 18:40:00+00:00,2024-08-15 14:35:00+00:00,short,58923.62,59518.8,SL,-1.2843,125.8635,1.0
2024-08-16 09:20:00+00:00,2024-08-16 12:30:00+00:00,long,58512.09,57921.18,SL,-1.2711,124.5924,1.0
2024-08-18 08:35:00+00:00,2024-08-18 23:20:00+00:00,long,59620.2,59018.1,SL,-1.2583,123.3341,1.0
2024-08-19 22:35:00+00:00,2024-08-20 01:00:00+00:00,long,59177.92,60651.3,TP,3.0707,126.4048,1.0
2024-08-21 15:35:00+00:00,2024-08-21 19:35:00+00:00,long,59713.96,61200.69,TP,3.1472,129.552,1.0
2024-08-22 10:15:00+00:00,2024-08-22 14:45:00+00:00,long,61013.27,60397.1,SL,-1.3083,128.2437,1.0
2024-08-22 19:05:00+00:00,2024-08-23 05:15:00+00:00,short,60335.51,60944.95,SL,-1.2954,126.9483,1.0
2024-08-23 15:35:00+00:00,2024-08-23 18:20:00+00:00,long,61696.17,63232.25,TP,3.1607,130.109,1.0
2024-08-24 18:25:00+00:00,2024-08-24 21:55:00+00:00,long,64406.44,63756.0,SL,-1.314,128.795,1.0
2024-08-25 02:30:00+00:00,2024-08-26 07:05:00+00:00,long,64275.43,63626.31,SL,-1.3007,127.4943,1.0
2024-08-26 21:10:00+00:00,2024-08-27 15:30:00+00:00,short,63238.46,61663.66,TP,3.1749,130.6692,1.0
2024-08-28 18:00:00+00:00,2024-08-28 18:50:00+00:00,short,58717.05,59310.15,SL,-1.3199,129.3493,1.0
2024-08-29 00:30:00+00:00,2024-08-29 06:00:00+00:00,short,58929.11,59524.35,SL,-1.3066,128.0428,1.0
2024-08-29 09:00:00+00:00,2024-08-29 19:00:00+00:00,long,59652.95,59050.52,SL,-1.2931,126.7497,1.0
2024-08-29 22:00:00+00:00,2024-09-01 13:45:00+00:00,short,59299.03,57822.34,TP,3.1564,129.9061,1.0
2024-09-02 02:35:00+00:00,2024-09-02 05:50:00+00:00,short,57299.27,57878.05,SL,-1.3122,128.5939,1.0
2024-09-03 00:55:00+00:00,2024-09-03 13:35:00+00:00,long,59263.92,58665.41,SL,-1.2987,127.2952,1.0
2024-09-03 18:00:00+00:00,2024-09-03 20:55:00+00:00,short,57617.24,58199.23,SL,-1.2858,126.0094,1.0
2024-09-04 00:55:00+00:00,2024-09-04 01:00:00+00:00,short,57134.31,55711.52,TP,3.1379,129.1473,1.0
2024-09-04 13:05:00+00:00,2024-09-04 14:40:00+00:00,short,56478.0,57048.49,SL,-1.3045,127.8428,1.0
2024-09-07 02:50:00+00:00,2024-09-07 06:50:00+00:00,short,53787.61,54330.92,SL,-1.2913,126.5515,1.0
2024-09-07 20:20:00+00:00,2024-09-08 22:15:00+00:00,short,54254.28,54802.31,SL,-1.2783,125.2732,1.0
2024-09-09 02:55:00+00:00,2024-09-09 17:00:00+00:00,long,55118.51,56490.82,TP,3.119,128.3922,1.0
2024-09-10 09:45:00+00:00,2024-09-10 14:10:00+00:00,long,57195.72,56618.1,SL,-1.2966,127.0955,1.0
2024-09-12 00:05:00+00:00,2024-09-13 15:25:00+00:00,long,57462.06,58892.72,TP,3.1644,130.2599,1.0
2024-09-13 20:40:00+00:00,2024-09-15 23:00:00+00:00,long,59953.51,59348.04,SL,-1.3155,128.9444,1.0
2024-09-16 04:45:00+00:00,2024-09-16 08:20:00+00:00,short,58378.16,58967.84,SL,-1.3025,127.6419,1.0
2024-09-16 11:55:00+00:00,2024-09-17 10:50:00+00:00,short,58658.12,59250.63,SL,-1.2893,126.3526,1.0
2024-09-17 14:10:00+00:00,2024-09-17 15:15:00+00:00,long,59745.29,61232.8,TP,3.1459,129.4985,1.0
2024-09-18 12:10:00+00:00,2024-09-18 18:15:00+00:00,short,59745.37,60348.86,SL,-1.3081,128.1904,1.0
2024-09-19 05:00:00+00:00,2024-09-19 17:00:00+00:00,long,62145.87,63693.15,TP,3.1916,131.3821,1.0
2024-09-20 15:10:00+00:00,2024-09-22 22:45:00+00:00,short,62927.71,63563.34,SL,-1.3271,130.055,1.0
2024-09-23 00:50:00+00:00,2024-09-24 00:45:00+00:00,long,63686.27,63043.1,SL,-1.3134,128.7415,1.0
2024-09-24 10:25:00+00:00,2024-09-24 14:25:00+00:00,long,63690.37,63047.16,SL,-1.3002,127.4414,1.0
2024-09-24 22:10:00+00:00,2024-09-25 06:55:00+00:00,long,64464.45,63813.42,SL,-1.287,126.1543,1.0
2024-09-25 19:55:00+00:00,2024-09-26 07:15:00+00:00,short,63175.18,63813.31,SL,-1.2743,124.8801,1.0
2024-09-26 09:30:00+00:00,2024-09-26 16:30:00+00:00,long,63842.38,65431.9,TP,3.1092,127.9893,1.0
2024-09-26 23:45:00+00:00,2024-09-30 02:25:00+00:00,long,65157.69,64499.66,SL,-1.2926,126.6967,1.0
2024-09-30 18:15:00+00:00,2024-09-30 21:05:00+00:00,short,63193.68,63832.0,SL,-1.2798,125.4169,1.0
2024-10-01 09:05:00+00:00,2024-10-01 13:15:00+00:00,long,64122.4,63474.83,SL,-1.2666,124.1503,1.0
2024-10-01 18:55:00+00:00,2024-10-01 20:35:00+00:00,short,61981.79,60438.29,TP,3.0917,127.242,1.0
2024-10-03 14:55:00+00:00,2024-10-03 19:30:00+00:00,short,60165.99,60773.73,SL,-1.2853,125.9567,1.0
2024-10-03 22:25:00+00:00,2024-10-04 19:20:00+00:00,long,60902.09,62418.4,TP,3.136,129.0927,1.0
2024-10-04 20:50:00+00:00,2024-10-05 02:55:00+00:00,long,62446.23,61815.59,SL,-1.3037,127.789,1.0
2024-10-05 08:30:00+00:00,2024-10-07 01:00:00+00:00,long,62180.22,63728.35,TP,3.1816,130.9707,1.0
2024-10-07 08:05:00+00:00,2024-10-07 10:25:00+00:00,long,63637.04,62994.37,SL,-1.3227,129.648,1.0
2024-10-07 12:55:00+00:00,2024-10-07 13:45:00+00:00,short,62877.04,63512.16,SL,-1.3096,128.3384,1.0
2024-10-07 16:50:00+00:00,2024-10-07 18:40:00+00:00,long,63846.39,63201.61,SL,-1.2961,127.0423,1.0
2024-10-07 22:30:00+00:00,2024-10-09 18:10:00+00:00,short,63063.14,61492.71,TP,3.1637,130.206,1.0
2024-10-10 13:35:00+00:00,2024-10-10 18:00:00+00:00,short,60957.91,59439.91,TP,3.2425,133.4484,1.0
2024-10-11 06:25:00+00:00,2024-10-11 15:50:00+00:00,long,60746.08,62258.51,TP,3.3225,136.771,1.0
2024-10-12 07:35:00+00:00,2024-10-13 15:25:00+00:00,long,62747.26,62113.58,SL,-1.3813,135.3897,1.0
2024-10-14 02:00:00+00:00,2024-10-14 03:25:00+00:00,short,62477.92,63109.01,SL,-1.3676,134.0222,1.0
2024-10-14 06:35:00+00:00,2024-10-14 14:25:00+00:00,long,64194.79,65793.08,TP,3.3368,137.359,1.0
2024-10-15 00:25:00+00:00,2024-10-15 03:15:00+00:00,long,66336.63,65666.7,SL,-1.3872,135.9718,1.0
2024-10-15 10:25:00+00:00,2024-10-15 13:55:00+00:00,long,65756.56,67393.74,TP,3.3854,139.3571,1.0
2024-10-15 20:05:00+00:00,2024-10-15 21:15:00+00:00,long,67012.81,66336.05,SL,-1.4074,137.9498,1.0
2024-10-17 01:55:00+00:00,2024-10-17 06:55:00+00:00,long,67900.77,67215.04,SL,-1.3932,136.5566,1.0
2024-10-17 13:30:00+00:00,2024-10-17 15:35:00+00:00,short,66837.33,67512.45,SL,-1.3794,135.1773,1.0
2024-10-18 01:05:00+00:00,2024-10-20 22:45:00+00:00,long,67560.77,69242.86,TP,3.3656,138.5428,1.0
2024-10-22 21:55:00+00:00,2024-10-23 07:40:00+00:00,long,67541.6,66859.5,SL,-1.3991,137.1437,1.0
2024-10-24 00:45:00+00:00,2024-10-25 18:05:00+00:00,long,67140.7,66462.65,SL,-1.385,135.7587,1.0
2024-10-26 01:15:00+00:00,2024-10-26 20:20:00+00:00,short,66605.35,67278.13,SL,-1.3713,134.3874,1.0
2024-10-27 03:00:00+00:00,2024-10-27 13:20:00+00:00,short,67019.54,67696.5,SL,-1.3574,133.0299,1.0
2024-10-27 17:30:00+00:00,2024-10-28 19:15:00+00:00,long,67938.16,69629.65,TP,3.3121,136.342,1.0
2024-10-29 00:55:00+00:00,2024-10-29 13:55:00+00:00,long,69967.88,71709.9,TP,3.3946,139.7366,1.0
2024-10-30 09:15:00+00:00,2024-10-30 13:35:00+00:00,long,72419.79,71688.42,SL,-1.4112,138.3254,1.0
2024-10-30 17:05:00+00:00,2024-10-30 20:45:00+00:00,short,71854.81,72580.62,SL,-1.3972,136.9282,1.0
2024-10-31 10:40:00+00:00,2024-10-31 13:40:00+00:00,long,72531.25,71798.76,SL,-1.3828,135.5454,1.0
2024-10-31 18:15:00+00:00,2024-11-01 13:55:00+00:00,short,70366.97,71077.75,SL,-1.3691,134.1762,1.0
2024-11-01 21:20:00+00:00,2024-11-02 00:55:00+00:00,short,68975.1,69671.82,SL,-1.3553,132.8209,1.0
2024-11-02 13:50:00+00:00,2024-11-03 14:50:00+00:00,short,69432.31,67703.27,TP,3.3076,136.1285,1.0
2024-11-04 12:10:00+00:00,2024-11-04 16:35:00+00:00,long,68922.53,68226.48,SL,-1.3748,134.7537,1.0
2024-11-04 20:00:00+00:00,2024-11-05 04:35:00+00:00,short,67734.83,68419.02,SL,-1.3611,133.3926,1.0
2024-11-05 12:40:00+00:00,2024-11-06 00:30:00+00:00,long,68880.88,70595.84,TP,3.3211,136.7137,1.0
2024-11-07 20:00:00+00:00,2024-11-07 22:05:00+00:00,long,76583.36,75809.94,SL,-1.3807,135.333,1.0
2024-11-08 10:30:00+00:00,2024-11-10 04:30:00+00:00,long,75979.64,77871.34,TP,3.3695,138.7025,1.0
2024-11-10 08:25:00+00:00,2024-11-10 22:20:00+00:00,long,79063.93,81032.42,TP,3.4533,142.1558,1.0
2024-11-11 23:00:00+00:00,2024-11-12 00:10:00+00:00,long,88877.63,87980.05,SL,-1.4356,140.7202,1.0
2024-11-12 00:55:00+00:00,2024-11-12 02:30:00+00:00,long,88987.47,88088.78,SL,-1.4211,139.2991,1.0
2024-11-12 09:00:00+00:00,2024-11-12 09:40:00+00:00,long,89124.92,88224.85,SL,-1.4068,137.8923,1.0
2024-11-14 01:55:00+00:00,2024-11-14 06:55:00+00:00,long,90381.05,89468.29,SL,-1.3926,136.4997,1.0
2024-11-14 10:00:00+00:00,2024-11-14 14:40:00+00:00,long,91163.76,90243.09,SL,-1.3785,135.1212,1.0
2024-11-15 13:50:00+00:00,2024-11-15 14:25:00+00:00,long,90289.41,89377.58,SL,-1.3646,133.7566,1.0
2024-11-15 19:30:00+00:00,2024-11-17 22:00:00+00:00,long,89884.91,88977.16,SL,-1.3508,132.4058,1.0
2024-11-18 03:55:00+00:00,2024-11-18 13:15:00+00:00,long,90677.65,89761.89,SL,-1.3372,131.0686,1.0
2024-11-19 12:00:00+00:00,2024-11-20 13:25:00+00:00,long,91923.5,94212.17,TP,3.2633,134.3319,1.0
2024-11-22 06:55:00+00:00,2024-11-22 13:15:00+00:00,long,99009.89,98009.99,SL,-1.3566,132.9753,1.0
2024-11-23 14:45:00+00:00,2024-11-23 16:25:00+00:00,long,98788.26,97790.6,SL,-1.3429,131.6324,1.0
2024-11-24 14:05:00+00:00,2024-11-24 22:55:00+00:00,short,96950.31,97929.61,SL,-1.3296,130.3028,1.0
2024-11-25 08:10:00+00:00,2024-11-25 14:20:00+00:00,long,98217.82,97225.92,SL,-1.3159,128.9868,1.0
2024-11-26 10:20:00+00:00,2024-11-26 16:25:00+00:00,short,92982.7,93921.92,SL,-1.3029,127.6839,1.0
2024-11-27 09:55:00+00:00,2024-11-27 15:50:00+00:00,long,93412.84,95738.59,TP,3.179,130.863,1.0
2024-11-29 01:30:00+00:00,2024-11-29 15:05:00+00:00,long,95711.49,98094.47,TP,3.2582,134.1211,1.0
2024-11-30 08:00:00+00:00,2024-12-01 21:55:00+00:00,short,96724.98,97702.0,SL,-1.3548,132.7664,1.0
2024-12-02 12:50:00+00:00,2024-12-02 14:25:00+00:00,short,94897.94,95856.5,SL,-1.3411,131.4253,1.0
2024-12-03 05:30:00+00:00,2024-12-03 10:50:00+00:00,long,96107.19,95136.6,SL,-1.3273,130.098,1.0
2024-12-04 01:30:00+00:00,2024-12-04 02:10:00+00:00,long,96361.64,95388.48,SL,-1.3139,128.7842,1.0
2024-12-04 22:35:00+00:00,2024-12-05 02:40:00+00:00,long,98434.3,100885.07,TP,3.2064,131.9906,1.0
2024-12-05 14:40:00+00:00,2024-12-05 15:20:00+00:00,long,103246.34,102203.66,SL,-1.333,130.6576,1.0
2024-12-06 11:30:00+00:00,2024-12-06 14:20:00+00:00,short,97905.21,98894.15,SL,-1.3198,129.3378,1.0
2024-12-06 17:25:00+00:00,2024-12-09 10:20:00+00:00,long,99354.83,98351.45,SL,-1.3062,128.0316,1.0
2024-12-09 19:00:00+00:00,2024-12-09 21:00:00+00:00,short,97474.24,95046.89,TP,3.1883,131.2199,1.0
2024-12-09 22:20:00+00:00,2024-12-10 00:15:00+00:00,short,96472.15,97446.62,SL,-1.3255,129.8945,1.0
2024-12-11 08:10:00+00:00,2024-12-11 15:20:00+00:00,long,97825.78,100261.4,TP,3.234,133.1285,1.0
2024-12-11 18:35:00+00:00,2024-12-12 19:35:00+00:00,long,100730.06,99712.79,SL,-1.3445,131.7841,1.0
2024-12-13 20:20:00+00:00,2024-12-15 23:20:00+00:00,long,101634.77,104165.22,TP,3.2811,135.0652,1.0
2024-12-17 05:40:00+00:00,2024-12-17 22:40:00+00:00,long,106653.88,105576.79,SL,-1.364,133.7011,1.0
2024-12-18 00:35:00+00:00,2024-12-18 19:55:00+00:00,short,105633.34,103002.8,TP,3.3295,137.0306,1.0
2024-12-20 18:50:00+00:00,2024-12-20 21:05:00+00:00,long,97249.71,96267.59,SL,-1.3839,135.6468,1.0
2024-12-21 02:35:00+00:00,2024-12-22 04:40:00+00:00,long,97547.29,96562.16,SL,-1.3699,134.2769,1.0
2024-12-22 09:05:00+00:00,2024-12-22 10:35:00+00:00,short,96324.85,97297.82,SL,-1.3563,132.9205,1.0
2024-12-22 13:25:00+00:00,2024-12-22 14:20:00+00:00,long,97231.1,96249.17,SL,-1.3424,131.5782,1.0
2024-12-23 08:30:00+00:00,2024-12-23 10:10:00+00:00,short,95179.14,96140.55,SL,-1.3291,130.2491,1.0
2024-12-23 12:20:00+00:00,2024-12-23 13:35:00+00:00,long,96238.9,95266.99,SL,-1.3154,128.9337,1.0
2024-12-23 18:20:00+00:00,2024-12-23 21:20:00+00:00,short,93197.73,94139.12,SL,-1.3024,127.6314,1.0
2024-12-25 15:50:00+00:00,2024-12-26 08:00:00+00:00,long,98628.01,97631.97,SL,-1.2889,126.3424,1.0
2024-12-26 12:10:00+00:00,2024-12-26 16:15:00+00:00,short,95530.39,96495.34,SL,-1.2762,125.0662,1.0
2024-12-26 20:20:00+00:00,2024-12-27 02:25:00+00:00,short,95438.45,96402.47,SL,-1.2633,123.8029,1.0
2024-12-27 11:45:00+00:00,2024-12-27 14:35:00+00:00,long,96766.84,95789.59,SL,-1.2503,122.5526,1.0
2024-12-27 22:45:00+00:00,2024-12-30 14:55:00+00:00,short,94481.51,92128.69,TP,3.0519,125.6045,1.0
2024-12-31 03:05:00+00:00,2024-12-31 08:15:00+00:00,short,92317.83,93250.33,SL,-1.2687,124.3358,1.0
2025-01-01 06:10:00+00:00,2025-01-01 19:45:00+00:00,short,93593.86,94539.25,SL,-1.2559,123.0799,1.0
2025-01-02 02:45:00+00:00,2025-01-02 16:30:00+00:00,long,95081.51,97448.8,TP,3.0644,126.1442,1.0
2025-01-03 03:55:00+00:00,2025-01-06 05:05:00+00:00,long,97072.01,99488.86,TP,3.1407,129.2849,1.0
2025-01-06 13:50:00+00:00,2025-01-06 15:40:00+00:00,long,99472.82,101949.44,TP,3.2189,132.5038,1.0
2025-01-06 19:40:00+00:00,2025-01-07 11:35:00+00:00,long,102019.98,100989.68,SL,-1.3382,131.1656,1.0
2025-01-07 22:00:00+00:00,2025-01-08 17:10:00+00:00,short,96547.12,94142.86,TP,3.2664,134.432,1.0
2025-01-09 10:25:00+00:00,2025-01-09 15:50:00+00:00,short,93291.43,94233.77,SL,-1.3579,133.0741,1.0
2025-01-09 22:10:00+00:00,2025-01-09 22:35:00+00:00,short,91677.65,92603.69,SL,-1.3442,131.7299,1.0
2025-01-10 12:00:00+00:00,2025-01-10 13:30:00+00:00,long,95100.69,94140.27,SL,-1.3303,130.3996,1.0
2025-01-10 16:35:00+00:00,2025-01-10 17:20:00+00:00,short,93237.0,94178.78,SL,-1.3172,129.0824,1.0
2025-01-11 08:40:00+00:00,2025-01-12 15:15:00+00:00,short,94212.66,95164.3,SL,-1.3039,127.7785,1.0
2025-01-13 14:05:00+00:00,2025-01-13 14:50:00+00:00,short,90831.29,91748.77,SL,-1.2907,126.4878,1.0
2025-01-14 08:05:00+00:00,2025-01-15 04:00:00+00:00,long,95243.0,97614.32,TP,3.1492,129.6371,1.0
2025-01-16 01:40:00+00:00,2025-01-16 08:40:00+00:00,long,100100.05,99089.14,SL,-1.3092,128.3279,1.0
2025-01-16 11:15:00+00:00,2025-01-16 17:25:00+00:00,short,98732.1,99729.39,SL,-1.2962,127.0316,1.0
2025-01-16 19:25:00+00:00,2025-01-17 10:30:00+00:00,long,99782.03,102266.35,TP,3.1628,130.1944,1.0
2025-01-17 18:40:00+00:00,2025-01-18 03:40:00+00:00,long,104733.68,103675.98,SL,-1.3148,128.8796,1.0
2025-01-18 07:15:00+00:00,2025-01-18 13:55:00+00:00,short,102948.63,103988.52,SL,-1.3018,127.5778,1.0
2025-01-19 01:30:00+00:00,2025-01-19 22:00:00+00:00,long,104565.75,103509.74,SL,-1.2884,126.2893,1.0
2025-01-20 23:15:00+00:00,2025-01-21 11:35:00+00:00,short,102708.81,103746.27,SL,-1.2756,125.0137,1.0
2025-01-22 11:20:00+00:00,2025-01-23 02:15:00+00:00,short,104842.73,102231.89,TP,3.1132,128.1269,1.0
2025-01-23 03:55:00+00:00,2025-01-23 14:30:00+00:00,short,102451.0,103485.86,SL,-1.2942,126.8326,1.0
2025-01-23 17:50:00+00:00,2025-01-23 19:15:00+00:00,long,106002.6,104932.08,SL,-1.2809,125.5518,1.0
2025-01-24 08:10:00+00:00,2025-01-25 10:00:00+00:00,long,105240.51,104177.69,SL,-1.2679,124.2838,1.0
2025-01-25 10:25:00+00:00,2025-01-26 04:25:00+00:00,short,104262.17,105315.32,SL,-1.2554,123.0284,1.0
2025-01-26 17:35:00+00:00,2025-01-26 23:00:00+00:00,long,105036.0,103975.24,SL,-1.2425,121.786,1.0
2025-01-28 07:15:00+00:00,2025-01-28 14:05:00+00:00,long,103123.85,102082.4,SL,-1.2299,120.556,1.0
2025-01-28 18:10:00+00:00,2025-01-28 19:05:00+00:00,long,103040.71,102000.1,SL,-1.2175,119.3385,1.0
2025-01-29 15:35:00+00:00,2025-01-29 18:50:00+00:00,short,101902.58,102931.9,SL,-1.2054,118.1331,1.0
2025-01-29 23:10:00+00:00,2025-01-31 18:45:00+00:00,long,104132.39,103080.76,SL,-1.193,116.9401,1.0
2025-02-01 07:20:00+00:00,2025-02-02 03:20:00+00:00,short,102281.99,99734.91,TP,2.9121,119.8522,1.0
2025-02-02 23:25:00+00:00,2025-02-03 01:35:00+00:00,short,97009.09,94593.32,TP,2.9846,122.8368,1.0
2025-02-03 12:35:00+00:00,2025-02-03 14:30:00+00:00,short,95075.87,96036.23,SL,-1.2408,121.596,1.0
2025-02-04 16:10:00+00:00,2025-02-04 18:05:00+00:00,long,99871.98,98863.37,SL,-1.228,120.368,1.0
2025-02-05 06:20:00+00:00,2025-02-05 14:35:00+00:00,short,97862.21,98850.72,SL,-1.2158,119.1522,1.0
2025-02-06 09:05:00+00:00,2025-02-06 15:30:00+00:00,long,98292.44,97299.78,SL,-1.2033,117.9489,1.0
2025-02-07 13:40:00+00:00,2025-02-07 17:20:00+00:00,long,98347.83,97354.62,SL,-1.1912,116.7577,1.0
2025-02-08 08:35:00+00:00,2025-02-09 01:55:00+00:00,short,96013.08,96982.91,SL,-1.1794,115.5783,1.0
2025-02-09 19:25:00+00:00,2025-02-10 00:05:00+00:00,short,96042.34,97012.47,SL,-1.1675,114.4109,1.0
2025-02-10 20:45:00+00:00,2025-02-11 16:45:00+00:00,long,97472.67,96488.29,SL,-1.1554,113.2554,1.0
2025-02-12 00:20:00+00:00,2025-02-12 16:55:00+00:00,short,95786.2,96753.74,SL,-1.144,112.1115,1.0
2025-02-12 19:45:00+00:00,2025-02-13 06:35:00+00:00,long,97227.12,96245.23,SL,-1.1322,110.9792,1.0
2025-02-13 14:10:00+00:00,2025-02-14 00:25:00+00:00,short,95848.27,96816.44,SL,-1.121,109.8582,1.0
2025-02-14 02:10:00+00:00,2025-02-17 15:50:00+00:00,long,96753.42,95776.31,SL,-1.1095,108.7488,1.0
2025-02-18 20:40:00+00:00,2025-02-18 21:00:00+00:00,short,93840.45,94788.33,SL,-1.0985,107.6503,1.0
2025-02-19 13:40:00+00:00,2025-02-21 09:15:00+00:00,long,96376.75,98776.29,TP,2.6802,110.3305,1.0
2025-02-23 01:15:00+00:00,2025-02-24 15:45:00+00:00,short,96503.38,94100.2,TP,2.7475,113.078,1.0
2025-02-24 21:00:00+00:00,2025-02-24 23:50:00+00:00,short,93890.62,91552.51,TP,2.8159,115.894,1.0
2025-02-25 18:25:00+00:00,2025-02-25 19:55:00+00:00,short,86934.71,87812.83,SL,-1.1706,114.7233,1.0
2025-02-27 09:35:00+00:00,2025-02-27 14:50:00+00:00,long,86239.64,85368.71,SL,-1.1586,113.5647,1.0
2025-02-28 18:35:00+00:00,2025-02-28 20:30:00+00:00,long,84574.14,83720.02,SL,-1.1469,112.4178,1.0
2025-03-01 01:40:00+00:00,2025-03-02 15:30:00+00:00,long,84527.31,86631.83,TP,2.7989,115.2168,1.0
2025-03-03 18:05:00+00:00,2025-03-03 18:35:00+00:00,short,89745.74,87510.85,TP,2.8692,118.0859,1.0
2025-03-04 00:30:00+00:00,2025-03-04 01:40:00+00:00,short,86105.67,83961.42,TP,2.9406,121.0266,1.0
2025-03-04 15:05:00+00:00,2025-03-04 16:55:00+00:00,short,82691.72,83526.99,SL,-1.2225,119.8041,1.0
2025-03-05 22:55:00+00:00,2025-03-06 05:55:00+00:00,long,90458.5,92710.7,TP,2.9828,122.7869,1.0
2025-03-07 02:55:00+00:00,2025-03-07 05:20:00+00:00,short,87226.28,88107.35,SL,-1.2403,121.5466,1.0
2025-03-07 13:05:00+00:00,2025-03-07 15:35:00+00:00,long,89389.16,88486.42,SL,-1.2275,120.3191,1.0
2025-03-08 09:45:00+00:00,2025-03-09 13:55:00+00:00,short,86008.94,83867.1,TP,2.9962,123.3154,1.0
2025-03-09 19:10:00+00:00,2025-03-09 20:30:00+00:00,short,82432.94,83265.59,SL,-1.2456,122.0698,1.0
2025-03-10 07:25:00+00:00,2025-03-10 09:15:00+00:00,short,82107.79,82937.16,SL,-1.233,120.8368,1.0
2025-03-11 18:00:00+00:00,2025-03-12 12:55:00+00:00,long,81924.1,83963.81,TP,3.0085,123.8453,1.0
2025-03-13 01:35:00+00:00,2025-03-13 06:20:00+00:00,long,83719.95,82874.46,SL,-1.2507,122.5946,1.0
2025-03-13 12:45:00+00:00,2025-03-13 17:10:00+00:00,short,82689.23,80630.06,TP,3.0529,125.6475,1.0
2025-03-13 19:35:00+00:00,2025-03-13 22:50:00+00:00,short,80424.6,81236.97,SL,-1.2692,124.3783,1.0
2025-03-14 07:15:00+00:00,2025-03-14 15:05:00+00:00,long,82040.76,84083.37,TP,3.0967,127.475,1.0
2025-03-14 18:35:00+00:00,2025-03-15 08:10:00+00:00,long,84626.17,83771.53,SL,-1.2874,126.1877,1.0
2025-03-15 10:25:00+00:00,2025-03-16 16:05:00+00:00,short,83712.29,84557.87,SL,-1.2746,124.913,1.0
2025-03-18 16:05:00+00:00,2025-03-18 22:50:00+00:00,short,81541.68,82365.33,SL,-1.2617,123.6513,1.0
2025-03-19 13:10:00+00:00,2025-03-19 22:40:00+00:00,long,83920.29,86009.7,TP,3.0786,126.7299,1.0
2025-03-20 08:20:00+00:00,2025-03-20 15:35:00+00:00,long,85921.63,85053.91,SL,-1.2798,125.4501,1.0
2025-03-22 07:00:00+00:00,2025-03-24 00:30:00+00:00,long,84388.42,86489.48,TP,3.1234,128.5734,1.0
2025-03-24 08:05:00+00:00,2025-03-26 18:55:00+00:00,long,87138.4,86258.39,SL,-1.2985,127.275,1.0
2025-03-27 20:40:00+00:00,2025-03-28 04:35:00+00:00,long,87324.16,86442.27,SL,-1.2854,125.9896,1.0
2025-03-28 12:55:00+00:00,2025-03-29 11:15:00+00:00,short,85019.77,82902.56,TP,3.1375,129.1271,1.0
2025-03-30 04:50:00+00:00,2025-03-30 16:30:00+00:00,long,83292.74,82451.57,SL,-1.3041,127.823,1.0
2025-03-30 21:35:00+00:00,2025-03-31 14:10:00+00:00,short,82491.75,83325.0,SL,-1.2911,126.5319,1.0
2025-04-01 04:35:00+00:00,2025-04-01 15:40:00+00:00,long,83195.66,85267.02,TP,3.1503,129.6822,1.0
2025-04-01 18:55:00+00:00,2025-04-02 05:15:00+00:00,long,85135.19,84275.41,SL,-1.3097,128.3726,1.0
2025-04-02 13:30:00+00:00,2025-04-02 20:10:00+00:00,long,85129.39,87248.9,TP,3.1962,131.5687,1.0
2025-04-04 13:35:00+00:00,2025-04-04 13:55:00+00:00,short,82403.83,83236.19,SL,-1.329,130.2397,1.0
2025-04-04 14:30:00+00:00,2025-04-04 15:00:00+00:00,short,82407.75,83240.15,SL,-1.3156,128.9242,1.0
2025-04-04 20:50:00+00:00,2025-04-05 06:40:00+00:00,long,84259.39,83408.45,SL,-1.302,127.6222,1.0
2025-04-06 10:05:00+00:00,2025-04-06 17:50:00+00:00,short,82853.66,80790.4,TP,3.1781,130.8003,1.0
2025-04-08 22:00:00+00:00,2025-04-09 01:25:00+00:00,short,76692.33,74782.5,TP,3.2573,134.0576,1.0
2025-04-09 02:55:00+00:00,2025-04-09 04:40:00+00:00,short,75666.87,76431.18,SL,-1.3541,132.7034,1.0
2025-04-09 09:50:00+00:00,2025-04-09 11:00:00+00:00,long,77465.76,76683.43,SL,-1.3402,131.3633,1.0
2025-04-09 16:10:00+00:00,2025-04-09 17:20:00+00:00,long,77768.77,79705.01,TP,3.2706,134.6339,1.0
2025-04-10 12:25:00+00:00,2025-04-10 13:35:00+00:00,long,82016.14,81187.86,SL,-1.3597,133.2742,1.0
2025-04-11 06:00:00+00:00,2025-04-11 13:35:00+00:00,long,81004.1,83020.9,TP,3.3182,136.5924,1.0
2025-04-12 20:15:00+00:00,2025-04-13 08:00:00+00:00,long,85221.03,84360.38,SL,-1.3794,135.213,1.0
2025-04-14 02:25:00+00:00,2025-04-14 15:35:00+00:00,long,85035.1,84176.33,SL,-1.3655,133.8474,1.0
2025-04-14 23:50:00+00:00,2025-04-15 03:30:00+00:00,short,84486.66,85340.06,SL,-1.352,132.4955,1.0
2025-04-15 07:20:00+00:00,2025-04-15 15:40:00+00:00,long,85767.87,84901.7,SL,-1.3381,131.1574,1.0
2025-04-15 22:10:00+00:00,2025-04-16 15:10:00+00:00,short,83912.5,84760.1,SL,-1.3248,129.8326,1.0
2025-04-17 21:55:00+00:00,2025-04-20 10:45:00+00:00,long,85070.51,84211.38,SL,-1.3112,128.5214,1.0
2025-04-21 05:00:00+00:00,2025-04-22 13:10:00+00:00,long,87398.63,89574.64,TP,3.1999,131.7212,1.0
2025-04-25 11:10:00+00:00,2025-04-28 01:20:00+00:00,long,94025.28,93075.72,SL,-1.3303,130.391,1.0
2025-04-28 10:35:00+00:00,2025-04-28 13:55:00+00:00,long,95149.51,94188.6,SL,-1.3168,129.0742,1.0
2025-04-29 11:10:00+00:00,2025-04-29 22:15:00+00:00,long,95209.52,94248.0,SL,-1.3035,127.7707,1.0
2025-04-30 16:15:00+00:00,2025-04-30 20:10:00+00:00,short,93652.75,94598.74,SL,-1.2906,126.48,1.0
2025-05-01 04:55:00+00:00,2025-05-01 15:10:00+00:00,long,94870.0,97232.02,TP,3.149,129.6291,1.0
2025-05-02 12:45:00+00:00,2025-05-03 10:35:00+00:00,long,97039.07,96059.08,SL,-1.3091,128.32,1.0
2025-05-04 04:50:00+00:00,2025-05-06 23:20:00+00:00,short,95751.31,96718.5,SL,-1.2962,127.0238,1.0
2025-05-07 10:45:00+00:00,2025-05-07 18:05:00+00:00,long,97068.53,96088.23,SL,-1.2828,125.741,1.0
2025-05-08 00:55:00+00:00,2025-05-08 15:20:00+00:00,long,97779.79,100214.26,TP,3.1306,128.8716,1.0
2025-05-08 20:00:00+00:00,2025-05-09 07:45:00+00:00,long,101496.14,104023.14,TP,3.2086,132.0802,1.0
2025-05-09 20:00:00+00:00,2025-05-12 18:05:00+00:00,long,103257.84,102215.04,SL,-1.3339,130.7463,1.0
2025-05-14 16:45:00+00:00,2025-05-16 02:00:00+00:00,short,103163.24,104205.29,SL,-1.3207,129.4257,1.0
2025-05-16 07:15:00+00:00,2025-05-17 01:05:00+00:00,long,104088.41,103037.22,SL,-1.3071,128.1186,1.0
2025-05-17 09:05:00+00:00,2025-05-18 13:40:00+00:00,short,103330.65,104374.39,SL,-1.2941,126.8245,1.0
2025-05-18 22:20:00+00:00,2025-05-19 03:50:00+00:00,long,104712.49,103655.0,SL,-1.2808,125.5437,1.0
2025-05-19 22:05:00+00:00,2025-05-20 13:40:00+00:00,long,105549.59,104483.65,SL,-1.2679,124.2758,1.0
2025-05-20 19:20:00+00:00,2025-05-21 14:55:00+00:00,long,106272.05,108917.95,TP,3.0942,127.3699,1.0
2025-05-22 11:50:00+00:00,2025-05-23 11:45:00+00:00,long,111113.15,109991.02,SL,-1.2863,126.0836,1.0
2025-05-24 02:00:00+00:00,2025-05-24 10:35:00+00:00,short,107509.3,108595.25,SL,-1.2736,124.8101,1.0
2025-05-24 16:45:00+00:00,2025-05-24 23:00:00+00:00,long,109055.28,107953.94,SL,-1.2605,123.5496,1.0
2025-05-25 11:00:00+00:00,2025-05-25 22:05:00+00:00,short,106918.93,107998.92,SL,-1.248,122.3016,1.0
2025-05-26 03:30:00+00:00,2025-05-27 01:15:00+00:00,long,109670.47,108562.9,SL,-1.2351,121.0665,1.0
2025-05-27 13:05:00+00:00,2025-05-27 21:25:00+00:00,long,110174.41,109061.76,SL,-1.2227,119.8439,1.0
2025-05-28 01:25:00+00:00,2025-05-29 18:55:00+00:00,short,108864.58,106153.58,TP,2.9844,122.8283,1.0
2025-05-30 00:45:00+00:00,2025-06-03 14:50:00+00:00,short,105449.45,106514.6,SL,-1.2407,121.5876,1.0
2025-06-05 16:15:00+00:00,2025-06-05 20:15:00+00:00,short,104081.63,101489.74,TP,3.0278,124.6154,1.0
2025-06-07 15:50:00+00:00,2025-06-09 17:10:00+00:00,long,105541.71,108169.44,TP,3.1026,127.718,1.0
2025-06-10 07:25:00+00:00,2025-06-11 22:20:00+00:00,long,109470.1,108364.56,SL,-1.2898,126.4282,1.0
2025-06-12 02:45:00+00:00,2025-06-12 22:15:00+00:00,short,108500.07,105798.15,TP,3.1484,129.5766,1.0
2025-06-13 13:55:00+00:00,2025-06-13 16:10:00+00:00,short,104721.97,105779.76,SL,-1.3089,128.2677,1.0
2025-06-14 09:35:00+00:00,2025-06-15 05:55:00+00:00,short,104955.5,106015.66,SL,-1.2956,126.9721,1.0
2025-06-15 11:30:00+00:00,2025-06-16 04:10:00+00:00,short,104935.51,105995.46,SL,-1.2825,125.6896,1.0
2025-06-16 10:15:00+00:00,2025-06-17 10:05:00+00:00,long,107150.72,106068.61,SL,-1.2693,124.4202,1.0
2025-06-17 22:00:00+00:00,2025-06-18 05:00:00+00:00,short,104414.44,105469.13,SL,-1.2568,123.1634,1.0
2025-06-18 08:40:00+00:00,2025-06-20 08:00:00+00:00,short,104797.02,105855.57,SL,-1.2441,121.9194,1.0
2025-06-20 12:35:00+00:00,2025-06-20 14:40:00+00:00,long,106094.6,105023.15,SL,-1.2313,120.6881,1.0
2025-06-21 01:05:00+00:00,2025-06-22 13:35:00+00:00,short,103213.26,100642.99,TP,3.0054,123.6935,1.0
2025-06-22 19:00:00+00:00,2025-06-22 22:05:00+00:00,short,99217.72,100219.92,SL,-1.2494,122.4441,1.0
2025-06-23 05:05:00+00:00,2025-06-23 16:25:00+00:00,long,101327.86,100304.55,SL,-1.2366,121.2076,1.0
2025-06-24 01:50:00+00:00,2025-06-25 13:45:00+00:00,long,105318.53,107940.7,TP,3.0178,124.2253,1.0
2025-06-26 01:30:00+00:00,2025-06-27 01:05:00+00:00,long,107691.16,106603.59,SL,-1.2546,122.9708,1.0
2025-06-27 12:35:00+00:00,2025-06-29 09:40:00+00:00,short,106848.42,107927.7,SL,-1.2421,121.7286,1.0
2025-06-29 19:20:00+00:00,2025-06-30 00:20:00+00:00,short,107515.64,108601.65,SL,-1.2296,120.4991,1.0
2025-06-30 13:40:00+00:00,2025-07-02 15:55:00+00:00,short,107590.74,108677.51,SL,-1.2172,119.2819,1.0
2025-07-02 18:50:00+00:00,2025-07-04 13:40:00+00:00,long,109466.4,108360.89,SL,-1.2046,118.0773,1.0
2025-07-05 18:20:00+00:00,2025-07-06 21:25:00+00:00,short,107954.72,109045.17,SL,-1.1927,116.8846,1.0
2025-07-07 14:25:00+00:00,2025-07-09 12:05:00+00:00,short,108133.07,109225.32,SL,-1.1807,115.7039,1.0
2025-07-09 18:05:00+00:00,2025-07-10 16:20:00+00:00,long,109461.67,112186.99,TP,2.8807,118.5847,1.0
2025-07-11 01:20:00+00:00,2025-07-13 14:15:00+00:00,long,115963.41,118850.6,TP,2.9525,121.5371,1.0
2025-07-14 17:50:00+00:00,2025-07-15 04:05:00+00:00,short,119828.11,116844.09,TP,3.0266,124.5637,1.0
2025-07-15 05:45:00+00:00,2025-07-15 14:05:00+00:00,short,117181.02,118364.67,SL,-1.2582,123.3055,1.0
2025-07-16 12:30:00+00:00,2025-07-17 01:45:00+00:00,long,118977.24,117775.69,SL,-1.2453,122.0602,1.0
2025-07-17 17:05:00+00:00,2025-07-18 14:30:00+00:00,long,118939.89,117738.72,SL,-1.2327,120.8275,1.0
2025-07-18 18:05:00+00:00,2025-07-20 14:15:00+00:00,short,117441.04,118627.32,SL,-1.2205,119.6071,1.0
2025-07-21 01:35:00+00:00,2025-07-21 02:25:00+00:00,short,116801.42,117981.23,SL,-1.2082,118.3989,1.0
2025-07-21 06:15:00+00:00,2025-07-21 18:45:00+00:00,long,118571.87,117374.41,SL,-1.1957,117.2032,1.0
2025-07-22 08:50:00+00:00,2025-07-25 02:25:00+00:00,long,118310.29,117115.47,SL,-1.1836,116.0196,1.0
2025-07-25 07:45:00+00:00,2025-07-25 10:30:00+00:00,short,115181.84,116345.29,SL,-1.1719,114.8476,1.0
2025-07-26 13:00:00+00:00,2025-07-30 18:50:00+00:00,long,118054.22,116861.99,SL,-1.1598,113.6878,1.0
2025-08-01 05:25:00+00:00,2025-08-02 17:50:00+00:00,short,115577.37,112699.21,TP,2.8311,116.5189,1.0
2025-08-03 05:25:00+00:00,2025-08-07 11:00:00+00:00,long,113606.67,116435.19,TP,2.901,119.4199,1.0
2025-08-07 13:35:00+00:00,2025-08-11 01:30:00+00:00,long,116735.24,119641.66,TP,2.9733,122.3932,1.0
2025-08-12 00:05:00+00:00,2025-08-12 15:25:00+00:00,short,118581.53,119779.32,SL,-1.2363,121.1569,1.0
2025-08-12 19:20:00+00:00,2025-08-13 20:05:00+00:00,long,119766.13,122748.0,TP,3.0165,124.1734,1.0
2025-08-13 22:15:00+00:00,2025-08-14 06:15:00+00:00,long,122943.9,121702.29,SL,-1.254,122.9194,1.0
2025-08-14 15:25:00+00:00,2025-08-18 03:40:00+00:00,short,118138.8,115196.85,TP,3.061,125.9804,1.0
2025-08-18 05:40:00+00:00,2025-08-18 17:15:00+00:00,short,115152.15,116315.31,SL,-1.2725,124.7079,1.0
2025-08-18 20:25:00+00:00,2025-08-19 03:30:00+00:00,long,116511.65,115335.0,SL,-1.2594,123.4484,1.0
2025-08-19 05:55:00+00:00,2025-08-21 19:30:00+00:00,short,114961.4,112098.58,TP,3.0742,126.5226,1.0
2025-08-22 07:20:00+00:00,2025-08-22 12:10:00+00:00,long,113230.56,112087.05,SL,-1.2778,125.2448,1.0
2025-08-22 20:15:00+00:00,2025-08-23 02:30:00+00:00,long,116911.22,115730.53,SL,-1.2648,123.98,1.0
2025-08-24 01:45:00+00:00,2025-08-24 16:50:00+00:00,long,115519.54,114352.91,SL,-1.2521,122.7279,1.0
2025-08-25 10:20:00+00:00,2025-08-25 15:25:00+00:00,short,111324.74,112449.23,SL,-1.2397,121.4883,1.0
2025-08-25 23:15:00+00:00,2025-08-26 19:25:00+00:00,short,110008.99,111120.19,SL,-1.2272,120.2611,1.0
2025-08-27 13:25:00+00:00,2025-08-29 07:20:00+00:00,long,111336.15,110211.77,SL,-1.2145,119.0466,1.0
2025-08-29 17:15:00+00:00,2025-08-31 00:55:00+00:00,short,108276.66,109370.36,SL,-1.2025,117.8441,1.0
2025-08-31 20:30:00+00:00,2025-09-01 00:05:00+00:00,long,109117.01,108015.04,SL,-1.1901,116.654,1.0
2025-09-01 15:00:00+00:00,2025-09-01 21:25:00+00:00,long,109279.94,108176.32,SL,-1.1781,115.4759,1.0
2025-09-02 06:10:00+00:00,2025-09-02 12:35:00+00:00,long,110371.03,109256.39,SL,-1.1662,114.3097,1.0
2025-09-02 22:55:00+00:00,2025-09-04 14:00:00+00:00,long,111271.12,110147.39,SL,-1.1544,113.1553,1.0
2025-09-06 19:40:00+00:00,2025-09-07 08:20:00+00:00,short,110040.99,111152.52,SL,-1.143,112.0123,1.0
2025-09-07 15:15:00+00:00,2025-09-10 13:45:00+00:00,long,111338.13,114110.17,TP,2.7888,114.8011,1.0
2025-09-11 05:40:00+00:00,2025-09-17 06:50:00+00:00,long,114303.95,117149.83,TP,2.8583,117.6594,1.0
2025-09-17 18:15:00+00:00,2025-09-17 22:50:00+00:00,short,115478.87,116645.32,SL,-1.1885,116.4709,1.0
2025-09-18 01:05:00+00:00,2025-09-19 19:05:00+00:00,long,116552.78,115375.72,SL,-1.1762,115.2947,1.0
2025-09-20 16:45:00+00:00,2025-09-22 00:35:00+00:00,long,116032.53,114860.72,SL,-1.1644,114.1303,1.0
2025-09-22 04:50:00+00:00,2025-09-23 20:30:00+00:00,short,114423.96,111574.51,TP,2.8421,116.9724,1.0
2025-09-24 08:55:00+00:00,2025-09-25 11:20:00+00:00,long,112634.06,111496.57,SL,-1.1813,115.7911,1.0
2025-09-25 13:40:00+00:00,2025-09-28 22:40:00+00:00,short,110709.84,111828.12,SL,-1.1696,114.6215,1.0
2025-09-29 13:25:00+00:00,2025-10-01 08:25:00+00:00,long,112190.87,114984.14,TP,2.8538,117.4753,1.0
2025-10-01 20:50:00+00:00,2025-10-02 18:55:00+00:00,long,117539.89,120466.34,TP,2.9248,120.4002,1.0
2025-10-03 12:55:00+00:00,2025-10-03 16:20:00+00:00,long,120370.11,123367.02,TP,2.9977,123.3978,1.0
2025-10-03 18:35:00+00:00,2025-10-06 17:20:00+00:00,long,122699.87,125754.79,TP,3.0723,126.4701,1.0
2025-10-08 05:25:00+00:00,2025-10-08 08:40:00+00:00,short,121378.06,122604.1,SL,-1.2775,125.1927,1.0
2025-10-08 20:20:00+00:00,2025-10-09 01:35:00+00:00,long,123678.67,122429.64,SL,-1.2643,123.9283,1.0
2025-10-09 05:15:00+00:00,2025-10-09 12:15:00+00:00,short,121887.81,123119.0,SL,-1.2518,122.6765,1.0
2025-10-10 04:35:00+00:00,2025-10-10 13:35:00+00:00,short,121083.6,122306.67,SL,-1.2392,121.4374,1.0
2025-10-11 00:00:00+00:00,2025-10-11 21:00:00+00:00,short,112766.67,109958.5,TP,3.0241,124.4615,1.0
2025-10-12 08:25:00+00:00,2025-10-12 20:00:00+00:00,long,111773.27,114556.14,TP,3.0988,127.5603,1.0
2025-10-12 22:10:00+00:00,2025-10-13 11:20:00+00:00,long,115386.11,114220.82,SL,-1.2882,126.272,1.0
2025-10-14 12:30:00+00:00,2025-10-14 15:40:00+00:00,short,111017.89,112139.28,SL,-1.2755,124.9965,1.0
2025-10-15 14:45:00+00:00,2025-10-16 16:15:00+00:00,short,111052.9,108287.41,TP,3.1127,128.1093,1.0
2025-10-17 14:55:00+00:00,2025-10-17 15:45:00+00:00,short,105152.9,106215.05,SL,-1.294,126.8152,1.0
2025-10-18 11:35:00+00:00,2025-10-20 03:50:00+00:00,long,106983.72,109647.34,TP,3.1574,129.9726,1.0
2025-10-20 13:45:00+00:00,2025-10-20 17:35:00+00:00,long,111064.35,109942.71,SL,-1.3126,128.66,1.0
2025-10-21 08:10:00+00:00,2025-10-21 12:20:00+00:00,short,107793.53,108882.35,SL,-1.2996,127.3604,1.0
2025-10-22 02:55:00+00:00,2025-10-23 06:15:00+00:00,short,108188.03,109280.84,SL,-1.2865,126.074,1.0
2025-10-23 08:30:00+00:00,2025-10-26 09:25:00+00:00,long,109765.98,112498.87,TP,3.1389,129.2129,1.0
2025-10-26 19:25:00+00:00,2025-10-28 20:25:00+00:00,long,113701.81,112553.53,SL,-1.3049,127.908,1.0
2025-10-28 23:20:00+00:00,2025-10-29 18:35:00+00:00,short,112895.65,110084.27,TP,3.1852,131.0932,1.0
2025-10-30 17:05:00+00:00,2025-10-31 00:45:00+00:00,short,107672.83,108760.43,SL,-1.3242,129.769,1.0
2025-10-31 14:40:00+00:00,2025-10-31 16:55:00+00:00,long,110039.59,108928.3,SL,-1.3105,128.4585,1.0
2025-11-01 02:50:00+00:00,2025-11-03 03:10:00+00:00,long,109878.57,108768.9,SL,-1.2973,127.1612,1.0
2025-11-03 09:30:00+00:00,2025-11-04 05:45:00+00:00,short,107290.57,104618.77,TP,3.1666,130.3278,1.0
2025-11-04 19:55:00+00:00,2025-11-04 22:30:00+00:00,short,100532.59,101548.07,SL,-1.3164,129.0114,1.0
2025-11-05 08:00:00+00:00,2025-11-05 13:40:00+00:00,short,101729.65,102757.22,SL,-1.3031,127.7082,1.0
2025-11-06 11:05:00+00:00,2025-11-07 11:10:00+00:00,short,102830.64,100269.9,TP,3.1803,130.8885,1.0
2025-11-07 14:35:00+00:00,2025-11-07 14:40:00+00:00,short,99580.05,100585.91,SL,-1.3221,129.5664,1.0
2025-11-08 03:15:00+00:00,2025-11-08 06:00:00+00:00,long,103273.67,102230.71,SL,-1.3085,128.2579,1.0
2025-11-08 17:10:00+00:00,2025-11-09 13:30:00+00:00,short,101638.41,102665.05,SL,-1.2955,126.9624,1.0
2025-11-10 00:10:00+00:00,2025-11-11 14:45:00+00:00,long,105038.76,103977.98,SL,-1.2822,125.6802,1.0
2025-11-12 13:45:00+00:00,2025-11-12 14:45:00+00:00,long,105175.73,104113.56,SL,-1.2692,124.4109,1.0
2025-11-13 15:30:00+00:00,2025-11-13 18:20:00+00:00,short,101855.85,99319.39,TP,3.0981,127.5091,1.0
2025-11-14 08:10:00+00:00,2025-11-14 20:40:00+00:00,short,96899.97,94486.92,TP,3.1753,130.6844,1.0
2025-11-14 23:00:00+00:00,2025-11-15 01:40:00+00:00,short,94467.76,95421.98,SL,-1.32,129.3643,1.0
2025-11-15 05:50:00+00:00,2025-11-15 20:45:00+00:00,long,96391.62,95418.16,SL,-1.3065,128.0579,1.0
2025-11-16 07:45:00+00:00,2025-11-16 15:50:00+00:00,long,96009.59,95039.99,SL,-1.2933,126.7646,1.0
2025-11-16 18:45:00+00:00,2025-11-17 00:35:00+00:00,short,93898.41,94846.88,SL,-1.2804,125.4842,1.0
2025-11-17 15:15:00+00:00,2025-11-17 20:05:00+00:00,short,93885.61,91547.62,TP,3.1249,128.609,1.0
2025-11-18 00:30:00+00:00,2025-11-18 06:40:00+00:00,short,91813.38,89527.0,TP,3.2027,131.8117,1.0
2025-11-19 10:45:00+00:00,2025-11-19 15:05:00+00:00,short,91290.47,92212.6,SL,-1.3314,130.4803,1.0
2025-11-20 04:50:00+00:00,2025-11-20 09:40:00+00:00,long,92669.27,91733.4,SL,-1.3177,129.1626,1.0
2025-11-20 13:10:00+00:00,2025-11-20 14:00:00+00:00,long,92020.58,91091.27,SL,-1.3044,127.8582,1.0
2025-11-21 01:15:00+00:00,2025-11-21 07:30:00+00:00,short,86919.15,84754.64,TP,3.184,131.0421,1.0
2025-11-21 11:50:00+00:00,2025-11-21 12:45:00+00:00,short,82248.94,83079.74,SL,-1.3237,129.7185,1.0
2025-11-22 01:45:00+00:00,2025-11-22 04:10:00+00:00,long,85057.67,84198.68,SL,-1.31,128.4085,1.0
2025-11-23 15:35:00+00:00,2025-11-24 00:15:00+00:00,long,87002.72,86124.08,SL,-1.2968,127.1117,1.0
2025-11-24 12:15:00+00:00,2025-11-24 16:00:00+00:00,short,85950.99,86819.19,SL,-1.284,125.8277,1.0
2025-11-26 12:10:00+00:00,2025-11-26 14:45:00+00:00,short,86551.15,87425.41,SL,-1.271,124.5567,1.0
2025-11-27 00:50:00+00:00,2025-11-28 14:25:00+00:00,long,90517.04,92770.69,TP,3.1012,127.6579,1.0
2025-11-28 23:35:00+00:00,2025-11-30 13:20:00+00:00,short,90972.03,91890.94,SL,-1.2895,126.3684,1.0
2025-12-02 00:55:00+00:00,2025-12-02 14:30:00+00:00,long,86521.98,88676.16,TP,3.1463,129.5147,1.0
2025-12-03 19:50:00+00:00,2025-12-04 14:50:00+00:00,long,93003.9,92064.65,SL,-1.308,128.2067,1.0
2025-12-04 18:50:00+00:00,2025-12-05 16:05:00+00:00,short,92040.79,89748.74,TP,3.1927,131.3994,1.0
2025-12-05 18:55:00+00:00,2025-12-06 14:15:00+00:00,short,88927.15,89825.4,SL,-1.3273,130.0721,1.0
2025-12-06 16:05:00+00:00,2025-12-06 23:20:00+00:00,long,89983.2,89074.46,SL,-1.3136,128.7585,1.0
2025-12-07 11:45:00+00:00,2025-12-07 17:15:00+00:00,short,89153.8,90054.35,SL,-1.3006,127.4579,1.0
2025-12-08 18:55:00+00:00,2025-12-08 20:50:00+00:00,short,89912.69,90820.9,SL,-1.2875,126.1704,1.0
2025-12-09 04:35:00+00:00,2025-12-09 15:00:00+00:00,short,89861.73,90769.43,SL,-1.2744,124.896,1.0
2025-12-10 06:40:00+00:00,2025-12-10 15:30:00+00:00,long,92697.09,91760.94,SL,-1.2613,123.6347,1.0
2025-12-10 19:10:00+00:00,2025-12-10 21:05:00+00:00,long,93011.01,92071.69,SL,-1.2486,122.3861,1.0
2025-12-11 08:05:00+00:00,2025-12-11 18:40:00+00:00,short,90098.66,91008.75,SL,-1.2362,121.1499,1.0
2025-12-12 19:10:00+00:00,2025-12-15 15:00:00+00:00,short,90031.16,87789.16,TP,3.0169,124.1668,1.0
2025-12-15 20:10:00+00:00,2025-12-16 10:35:00+00:00,short,85753.04,86619.24,SL,-1.2542,122.9126,1.0
2025-12-16 18:30:00+00:00,2025-12-17 04:45:00+00:00,long,87726.66,86840.71,SL,-1.2413,121.6713,1.0
2025-12-17 07:15:00+00:00,2025-12-17 13:45:00+00:00,short,86602.87,87477.64,SL,-1.229,120.4423,1.0
2025-12-17 21:25:00+00:00,2025-12-18 02:40:00+00:00,short,85836.1,86703.13,SL,-1.2166,119.2257,1.0
2025-12-18 12:00:00+00:00,2025-12-18 17:10:00+00:00,long,87343.73,86461.65,SL,-1.2041,118.0217,1.0
2025-12-19 14:40:00+00:00,2025-12-19 17:25:00+00:00,long,88510.63,87616.76,SL,-1.1919,116.8297,1.0
2025-12-19 22:15:00+00:00,2025-12-23 06:15:00+00:00,long,88197.64,87306.93,SL,-1.1799,115.6499,1.0
2025-12-23 08:50:00+00:00,2025-12-25 15:40:00+00:00,short,87436.39,88319.58,SL,-1.1682,114.4817,1.0
2025-12-25 18:05:00+00:00,2025-12-25 22:45:00+00:00,long,88291.72,87400.06,SL,-1.1562,113.3256,1.0
2025-12-27 23:30:00+00:00,2025-12-29 03:35:00+00:00,long,87673.25,89856.09,TP,2.8215,116.1471,1.0
2025-12-30 00:30:00+00:00,2025-12-30 08:15:00+00:00,short,87168.28,88048.77,SL,-1.1732,114.9739,1.0
2025-12-30 12:15:00+00:00,2026-01-02 16:30:00+00:00,long,88073.35,90266.15,TP,2.8626,117.8364,1.0
2026-01-03 16:30:00+00:00,2026-01-05 00:55:00+00:00,long,90147.33,92391.78,TP,2.9338,120.7703,1.0
2026-01-05 17:50:00+00:00,2026-01-06 16:25:00+00:00,long,94048.69,93098.9,SL,-1.2197,119.5506,1.0
2026-01-07 06:55:00+00:00,2026-01-08 06:20:00+00:00,short,92605.58,90299.47,TP,2.9771,122.5277,1.0
2026-01-08 11:35:00+00:00,2026-01-08 17:00:00+00:00,short,90065.13,90974.88,SL,-1.2377,121.2901,1.0
2026-01-10 06:20:00+00:00,2026-01-12 01:00:00+00:00,short,90469.22,91383.05,SL,-1.2252,120.0649,1.0
2026-01-12 13:40:00+00:00,2026-01-12 15:55:00+00:00,short,90643.98,91559.58,SL,-1.2128,118.8521,1.0
2026-01-12 18:25:00+00:00,2026-01-12 21:50:00+00:00,long,91933.19,91004.76,SL,-1.2003,117.6519,1.0
2026-01-13 08:35:00+00:00,2026-01-13 20:20:00+00:00,long,92145.14,94439.33,TP,2.9292,120.5811,1.0
2026-01-13 22:10:00+00:00,2026-01-16 15:30:00+00:00,long,95613.66,94648.06,SL,-1.2177,119.3633,1.0
2026-01-17 04:20:00+00:00,2026-01-19 00:10:00+00:00,short,95262.83,92890.55,TP,2.9724,122.3358,1.0
2026-01-20 16:40:00+00:00,2026-01-21 16:55:00+00:00,short,90119.03,87874.84,TP,3.0465,125.3823,1.0
2026-01-23 03:25:00+00:00,2026-01-23 09:45:00+00:00,long,89906.73,88998.76,SL,-1.2662,124.116,1.0
2026-01-24 09:30:00+00:00,2026-01-25 18:30:00+00:00,short,89606.97,87375.53,TP,3.0908,127.2068,1.0
2026-01-25 22:05:00+00:00,2026-01-26 01:05:00+00:00,short,86422.54,87295.49,SL,-1.2849,125.9219,1.0
2026-01-26 12:00:00+00:00,2026-01-28 13:10:00+00:00,long,87969.44,90159.66,TP,3.1351,129.057,1.0
2026-01-28 22:35:00+00:00,2026-01-29 15:00:00+00:00,short,89206.73,86985.26,TP,3.2138,132.2709,1.0
2026-01-30 08:30:00+00:00,2026-01-30 14:35:00+00:00,short,82511.64,83345.09,SL,-1.3361,130.9348,1.0
2026-01-30 17:00:00+00:00,2026-01-30 18:45:00+00:00,short,82731.73,83567.4,SL,-1.3226,129.6122,1.0
2026-01-30 23:40:00+00:00,2026-01-31 08:10:00+00:00,long,84240.41,83389.67,SL,-1.309,128.3033,1.0
2026-01-31 11:40:00+00:00,2026-01-31 16:05:00+00:00,short,82975.7,80909.4,TP,3.1951,131.4984,1.0
2026-02-01 12:20:00+00:00,2026-02-01 23:05:00+00:00,short,78297.17,76347.37,TP,3.2746,134.773,1.0
2026-02-02 05:10:00+00:00,2026-02-02 06:40:00+00:00,short,75518.11,76280.92,SL,-1.3613,133.4117,1.0
2026-02-02 14:30:00+00:00,2026-02-03 14:55:00+00:00,long,78376.08,77584.56,SL,-1.3473,132.0643,1.0
2026-02-04 09:15:00+00:00,2026-02-04 15:30:00+00:00,short,76246.17,74347.45,TP,3.2887,135.3531,1.0
2026-02-05 01:15:00+00:00,2026-02-05 05:15:00+00:00,short,72485.51,70680.44,TP,3.3706,138.7237,1.0
2026-02-05 15:00:00+00:00,2026-02-05 15:25:00+00:00,short,68974.45,67256.82,TP,3.4546,142.1783,1.0
2026-02-05 23:40:00+00:00,2026-02-06 00:05:00+00:00,short,63465.73,61885.28,TP,3.5406,145.7189,1.0
2026-02-06 19:30:00+00:00,2026-02-07 06:50:00+00:00,long,70407.05,69696.01,SL,-1.4716,144.2472,1.0
2026-02-07 09:40:00+00:00,2026-02-07 12:10:00+00:00,short,68110.18,68798.16,SL,-1.457,142.7902,1.0
2026-02-07 18:15:00+00:00,2026-02-08 11:50:00+00:00,long,69273.53,70998.26,TP,3.5551,146.3453,1.0
2026-02-10 05:25:00+00:00,2026-02-11 04:25:00+00:00,short,69519.85,67788.63,TP,3.6444,149.9897,1.0
2026-02-11 16:40:00+00:00,2026-02-11 18:20:00+00:00,short,66120.89,66788.77,SL,-1.515,148.4746,1.0
2026-02-12 07:05:00+00:00,2026-02-12 10:30:00+00:00,short,67000.74,67677.51,SL,-1.4997,146.9749,1.0
2026-02-12 13:40:00+00:00,2026-02-12 15:00:00+00:00,long,68123.64,67435.66,SL,-1.4843,145.4906,1.0
2026-02-12 20:25:00+00:00,2026-02-12 22:40:00+00:00,short,65499.15,66160.76,SL,-1.4696,144.021,1.0
2026-02-14 22:40:00+00:00,2026-02-15 13:25:00+00:00,long,69995.09,69288.21,SL,-1.4545,142.5665,1.0
2026-02-17 02:15:00+00:00,2026-02-17 05:15:00+00:00,long,69017.24,68320.24,SL,-1.4398,141.1268,1.0
2026-02-17 07:20:00+00:00,2026-02-18 18:40:00+00:00,short,68297.27,66596.5,TP,3.5144,144.6412,1.0
2026-02-20 09:00:00+00:00,2026-02-20 11:40:00+00:00,long,68188.12,67499.49,SL,-1.4607,143.1804,1.0
2026-02-20 21:05:00+00:00,2026-02-23 00:45:00+00:00,long,67781.99,67097.46,SL,-1.446,141.7345,1.0
2026-02-24 07:45:00+00:00,2026-02-24 15:15:00+00:00,short,63033.25,63669.94,SL,-1.4317,140.3028,1.0
2026-02-25 20:45:00+00:00,2026-02-25 22:40:00+00:00,long,69258.93,68559.48,SL,-1.4169,138.8859,1.0
2026-02-26 22:20:00+00:00,2026-02-27 04:15:00+00:00,short,67372.72,68053.25,SL,-1.4029,137.483,1.0
2026-02-27 14:45:00+00:00,2026-02-28 06:30:00+00:00,short,65879.03,64238.48,TP,3.4237,140.9067,1.0
2026-03-01 19:15:00+00:00,2026-03-02 01:05:00+00:00,short,66050.99,66718.18,SL,-1.4233,139.4834,1.0
2026-03-02 03:15:00+00:00,2026-03-02 07:00:00+00:00,long,66639.1,65966.11,SL,-1.4086,138.0747,1.0
2026-03-05 12:50:00+00:00,2026-03-05 14:35:00+00:00,long,72999.97,72262.74,SL,-1.3944,136.6803,1.0
2026-03-05 19:50:00+00:00,2026-03-06 14:05:00+00:00,short,70928.77,69162.46,TP,3.4037,140.084,1.0
2026-03-06 19:35:00+00:00,2026-03-08 22:00:00+00:00,short,68165.77,66468.27,TP,3.4884,143.5724,1.0
2026-03-09 16:45:00+00:00,2026-03-10 08:05:00+00:00,long,69022.85,70741.35,TP,3.5746,147.147,1.0
2026-03-11 11:25:00+00:00,2026-03-11 13:20:00+00:00,short,69440.51,70141.92,SL,-1.4863,145.6607,1.0
2026-03-11 16:20:00+00:00,2026-03-12 02:15:00+00:00,long,70407.04,69696.0,SL,-1.471,144.1897,1.0
2026-03-12 21:15:00+00:00,2026-03-13 10:00:00+00:00,long,70328.83,72079.84,TP,3.59,147.7796,1.0
2026-03-14 00:40:00+00:00,2026-03-14 04:40:00+00:00,short,70561.69,71274.44,SL,-1.4927,146.2869,1.0
2026-03-14 09:45:00+00:00,2026-03-14 23:35:00+00:00,short,70441.21,71152.73,SL,-1.4776,144.8093,1.0
2026-03-15 02:00:00+00:00,2026-03-15 23:10:00+00:00,long,71196.16,72968.77,TP,3.6054,148.4146,1.0
2026-03-16 01:45:00+00:00,2026-03-16 21:00:00+00:00,long,72636.18,74444.64,TP,3.6952,152.1098,1.0
2026-03-16 23:40:00+00:00,2026-03-17 04:35:00+00:00,long,74882.42,74126.18,SL,-1.5362,150.5736,1.0
2026-03-17 21:10:00+00:00,2026-03-17 23:40:00+00:00,long,74712.56,73958.04,SL,-1.5206,149.053,1.0
2026-03-19 14:25:00+00:00,2026-03-19 17:50:00+00:00,short,69158.83,69857.41,SL,-1.5056,147.5474,1.0
2026-03-20 02:55:00+00:00,2026-03-20 14:50:00+00:00,long,70422.51,69711.31,SL,-1.4901,146.0573,1.0
2026-03-20 16:40:00+00:00,2026-03-20 21:15:00+00:00,short,69764.67,70469.37,SL,-1.4753,144.582,1.0
2026-03-21 00:20:00+00:00,2026-03-21 23:45:00+00:00,long,70696.13,69982.17,SL,-1.4601,143.1219,1.0
2026-03-22 17:35:00+00:00,2026-03-23 11:05:00+00:00,short,68690.46,69384.3,SL,-1.4457,141.6762,1.0
2026-03-24 11:45:00+00:00,2026-03-24 13:35:00+00:00,long,71288.28,70568.34,SL,-1.4308,140.2454,1.0
2026-03-26 13:35:00+00:00,2026-03-27 10:35:00+00:00,short,69310.08,67584.08,TP,3.4925,143.7379,1.0
2026-03-27 16:00:00+00:00,2026-03-28 13:30:00+00:00,short,65943.4,66609.5,SL,-1.4519,142.286,1.0
2026-03-29 17:00:00+00:00,2026-03-30 02:45:00+00:00,short,66475.5,67146.97,SL,-1.4372,140.8487,1.0
2026-03-31 00:15:00+00:00,2026-03-31 01:15:00+00:00,short,66607.42,67280.22,SL,-1.4227,139.426,1.0
2026-04-01 12:15:00+00:00,2026-04-02 01:15:00+00:00,long,68658.88,67965.49,SL,-1.4081,138.018,1.0
2026-04-02 20:25:00+00:00,2026-04-03 02:35:00+00:00,long,67059.7,66382.46,SL,-1.3938,136.6241,1.0
2026-04-03 04:30:00+00:00,2026-04-03 08:05:00+00:00,short,66531.05,67203.08,SL,-1.38,135.2441,1.0
2026-04-03 21:10:00+00:00,2026-04-05 23:10:00+00:00,long,66916.35,68582.4,TP,3.3672,138.6113,1.0
2026-04-06 02:15:00+00:00,2026-04-06 23:25:00+00:00,long,69262.26,68562.78,SL,-1.3998,137.2115,1.0
2026-04-07 13:45:00+00:00,2026-04-07 19:50:00+00:00,short,68282.37,68972.09,SL,-1.386,135.8255,1.0
2026-04-08 08:15:00+00:00,2026-04-08 14:30:00+00:00,long,71812.78,71087.54,SL,-1.3717,134.4538,1.0
2026-04-10 14:00:00+00:00,2026-04-12 01:45:00+00:00,long,72440.1,71708.53,SL,-1.3578,133.096,1.0
2026-04-12 08:50:00+00:00,2026-04-13 14:55:00+00:00,short,71599.75,72322.98,SL,-1.3444,131.7516,1.0
2026-04-13 18:55:00+00:00,2026-04-13 22:30:00+00:00,long,72432.1,74235.48,TP,3.2803,135.0318,1.0
2026-04-14 01:50:00+00:00,2026-04-15 07:15:00+00:00,long,74412.04,73660.55,SL,-1.3637,133.6682,1.0
2026-04-15 14:40:00+00:00,2026-04-15 19:25:00+00:00,short,73955.35,74702.38,SL,-1.3502,132.318,1.0
2026-04-15 22:00:00+00:00,2026-04-16 13:50:00+00:00,long,75006.74,74249.25,SL,-1.3363,130.9817,1.0
2026-04-18 13:30:00+00:00,2026-04-19 22:00:00+00:00,short,75991.69,74099.31,TP,3.2618,134.2435,1.0
2026-04-20 14:20:00+00:00,2026-04-22 02:50:00+00:00,long,75531.66,77412.21,TP,3.3423,137.5858,1.0
2026-04-22 09:25:00+00:00,2026-04-23 10:05:00+00:00,long,78164.94,77375.55,SL,-1.3895,136.1963,1.0
2026-04-23 19:00:00+00:00,2026-04-24 00:25:00+00:00,short,77617.96,78401.98,SL,-1.3757,134.8206,1.0
2026-04-24 09:05:00+00:00,2026-04-24 11:10:00+00:00,short,77434.23,78216.39,SL,-1.3618,133.4588,1.0
