strategy,entry_time,exit_time,direction,entry,exit,result,risk_used,pnl,capital,streak
U1. Triple EMA + MACD,2026-02-26 20:00:00+00:00,2026-02-26 20:25:00+00:00,long,67783.77,67613.7,SL ❌,1.0,-1.0,99.0,-1
U1. Triple EMA + MACD,2026-02-28 15:55:00+00:00,2026-02-28 17:15:00+00:00,long,64862.44,64933.91,SL ❌,0.99,-0.99,98.01,-2
U1. Triple EMA + MACD,2026-02-28 18:30:00+00:00,2026-02-28 18:35:00+00:00,long,65396.56,65711.88,TP ✅,0.49,1.2251,99.2351,1
U1. Triple EMA + MACD,2026-02-28 19:30:00+00:00,2026-02-28 20:00:00+00:00,long,66199.2,66277.8,SL ❌,0.9924,-0.9924,98.2428,-1
U1. Triple EMA + MACD,2026-03-03 18:25:00+00:00,2026-03-03 19:05:00+00:00,long,68566.45,68421.19,SL ❌,0.9824,-0.9824,97.2603,-2
U1. Triple EMA + MACD,2026-03-06 13:55:00+00:00,2026-03-06 14:10:00+00:00,short,69358.98,68742.54,TP ✅,0.4863,1.2158,98.4761,1
U1. Triple EMA + MACD,2026-03-07 11:15:00+00:00,2026-03-07 11:45:00+00:00,long,68142.19,68075.27,SL ❌,0.9848,-0.9848,97.4913,-1
U1. Triple EMA + MACD,2026-03-07 16:20:00+00:00,2026-03-07 17:20:00+00:00,short,67838.82,67918.02,SL ❌,0.9749,-0.9749,96.5164,-2
U1. Triple EMA + MACD,2026-03-08 13:10:00+00:00,2026-03-08 13:50:00+00:00,short,67037.69,67178.28,SL ❌,0.4826,-0.4826,96.0338,-3
U1. Triple EMA + MACD,2026-03-08 18:10:00+00:00,2026-03-08 19:10:00+00:00,short,66959.27,66987.02,BE 〰,0.4802,0.0,96.0338,0
U1. Triple EMA + MACD,2026-03-08 20:35:00+00:00,2026-03-08 20:40:00+00:00,long,67480.87,67388.06,SL ❌,0.9603,-0.9603,95.0735,-1
U1. Triple EMA + MACD,2026-03-10 09:25:00+00:00,2026-03-10 09:35:00+00:00,long,71225.74,71105.35,SL ❌,0.9507,-0.9507,94.1228,-2
U1. Triple EMA + MACD,2026-03-11 20:05:00+00:00,2026-03-11 20:55:00+00:00,short,70527.77,70665.5,SL ❌,0.4706,-0.4706,93.6522,-3
U1. Triple EMA + MACD,2026-03-12 14:25:00+00:00,2026-03-12 14:40:00+00:00,short,70036.86,69453.7,TP ✅,0.4683,1.1707,94.8228,1
U1. Triple EMA + MACD,2026-03-13 12:45:00+00:00,2026-03-13 12:50:00+00:00,long,72852.18,72702.68,SL ❌,0.9482,-0.9482,93.8746,-1
U1. Triple EMA + MACD,2026-03-15 20:25:00+00:00,2026-03-15 20:30:00+00:00,short,71451.88,71646.09,SL ❌,0.9387,-0.9387,92.9358,-2
U1. Triple EMA + MACD,2026-03-16 12:25:00+00:00,2026-03-16 12:30:00+00:00,long,73783.45,74002.42,TP ✅,0.4647,1.1617,94.0975,1
U1. Triple EMA + MACD,2026-03-18 14:25:00+00:00,2026-03-18 14:35:00+00:00,short,71651.88,71811.43,SL ❌,0.941,-0.941,93.1566,-1
U1. Triple EMA + MACD,2026-03-21 20:20:00+00:00,2026-03-21 21:00:00+00:00,long,70455.83,70415.17,SL ❌,0.9316,-0.9316,92.225,-2
U1. Triple EMA + MACD,2026-03-22 10:40:00+00:00,2026-03-22 11:10:00+00:00,short,68616.57,68667.04,SL ❌,0.4611,-0.4611,91.7639,-3
U1. Triple EMA + MACD,2026-03-22 11:25:00+00:00,2026-03-22 11:50:00+00:00,short,68422.95,68252.08,TP ✅,0.4588,1.147,92.9109,1
U1. Triple EMA + MACD,2026-03-22 15:10:00+00:00,2026-03-22 15:35:00+00:00,long,68890.62,68756.6,SL ❌,0.9291,-0.9291,91.9818,-1
U1. Triple EMA + MACD,2026-03-22 17:35:00+00:00,2026-03-22 18:35:00+00:00,short,68699.15,68455.22,TP ✅,0.9198,2.2995,94.2814,1
U1. Triple EMA + MACD,2026-03-24 20:20:00+00:00,2026-03-24 20:30:00+00:00,long,69833.77,70152.36,TP ✅,0.9428,2.357,96.6384,2
U1. Triple EMA + MACD,2026-03-25 18:55:00+00:00,2026-03-25 19:05:00+00:00,short,70758.75,70888.4,SL ❌,1.4496,-1.4496,95.1888,-1
U1. Triple EMA + MACD,2026-03-25 20:00:00+00:00,2026-03-25 20:40:00+00:00,short,70733.35,70892.05,SL ❌,0.9519,-0.9519,94.2369,-2
U1. Triple EMA + MACD,2026-03-26 09:30:00+00:00,2026-03-26 10:20:00+00:00,short,69518.16,69652.8,SL ❌,0.4712,-0.4712,93.7657,-3
U1. Triple EMA + MACD,2026-03-27 10:35:00+00:00,2026-03-27 10:55:00+00:00,short,67025.74,66486.01,TP ✅,0.4688,1.1721,94.9378,1
U1. Triple EMA + MACD,2026-03-27 20:55:00+00:00,2026-03-27 22:05:00+00:00,long,65980.79,65936.7,BE 〰,0.9494,0.0,94.9378,1
U1. Triple EMA + MACD,2026-03-28 15:30:00+00:00,2026-03-28 16:00:00+00:00,long,67024.87,66916.07,SL ❌,0.9494,-0.9494,93.9884,-1
U1. Triple EMA + MACD,2026-03-29 19:45:00+00:00,2026-03-29 20:05:00+00:00,short,66360.59,66425.31,SL ❌,0.9399,-0.9399,93.0485,-2
U1. Triple EMA + MACD,2026-03-30 13:20:00+00:00,2026-03-30 13:25:00+00:00,long,68039.06,67884.31,SL ❌,0.4652,-0.4652,92.5833,-3
U1. Triple EMA + MACD,2026-04-01 12:25:00+00:00,2026-04-01 13:00:00+00:00,short,68495.72,68254.84,TP ✅,0.4629,1.1573,93.7406,1
U1. Triple EMA + MACD,2026-04-02 16:40:00+00:00,2026-04-02 17:00:00+00:00,long,67148.41,66879.77,SL ❌,0.9374,-0.9374,92.8032,-1
U1. Triple EMA + MACD,2026-04-02 17:15:00+00:00,2026-04-02 17:30:00+00:00,long,67384.45,67066.07,SL ❌,0.928,-0.928,91.8752,-2
U1. Triple EMA + MACD,2026-04-02 20:35:00+00:00,2026-04-02 20:45:00+00:00,long,67084.67,66977.45,SL ❌,0.4594,-0.4594,91.4158,-3
U1. Triple EMA + MACD,2026-04-04 10:40:00+00:00,2026-04-04 10:50:00+00:00,long,67030.56,67148.18,TP ✅,0.4571,1.1427,92.5585,1
U1. Triple EMA + MACD,2026-04-04 19:05:00+00:00,2026-04-04 19:25:00+00:00,long,67409.79,67360.95,SL ❌,0.9256,-0.9256,91.6329,-1
U1. Triple EMA + MACD,2026-04-05 10:35:00+00:00,2026-04-05 10:40:00+00:00,long,67095.8,67040.58,SL ❌,0.9163,-0.9163,90.7166,-2
U1. Triple EMA + MACD,2026-04-06 13:35:00+00:00,2026-04-06 13:40:00+00:00,short,69290.49,69367.76,SL ❌,0.4536,-0.4536,90.263,-3
U1. Triple EMA + MACD,2026-04-07 19:45:00+00:00,2026-04-07 20:00:00+00:00,long,68885.13,69341.69,TP ✅,0.4513,1.1283,91.3913,1
U1. Triple EMA + MACD,2026-04-08 11:35:00+00:00,2026-04-08 11:40:00+00:00,short,71417.46,71523.95,SL ❌,0.9139,-0.9139,90.4774,-1
U1. Triple EMA + MACD,2026-04-10 12:40:00+00:00,2026-04-10 12:55:00+00:00,long,72367.26,72259.93,SL ❌,0.9048,-0.9048,89.5726,-2
U1. Triple EMA + MACD,2026-04-12 08:25:00+00:00,2026-04-12 08:45:00+00:00,long,71722.76,71671.68,SL ❌,0.4479,-0.4479,89.1247,-3
U1. Triple EMA + MACD,2026-04-12 12:50:00+00:00,2026-04-12 13:00:00+00:00,short,71210.23,70971.16,TP ✅,0.4456,1.1141,90.2388,1
U1. Triple EMA + MACD,2026-04-12 19:10:00+00:00,2026-04-12 19:15:00+00:00,long,71216.52,71152.76,SL ❌,0.9024,-0.9024,89.3364,-1
U1. Triple EMA + MACD,2026-04-13 13:45:00+00:00,2026-04-13 14:25:00+00:00,long,71337.41,71665.67,TP ✅,0.8934,2.2334,91.5698,1
U1. Triple EMA + MACD,2026-04-13 17:30:00+00:00,2026-04-13 17:50:00+00:00,long,72511.62,72169.97,SL ❌,0.9157,-0.9157,90.6541,-1
U1. Triple EMA + MACD,2026-04-15 16:50:00+00:00,2026-04-15 17:00:00+00:00,short,73861.47,74083.71,SL ❌,0.9065,-0.9065,89.7476,-2
U1. Triple EMA + MACD,2026-04-19 20:15:00+00:00,2026-04-19 20:30:00+00:00,short,74711.98,74900.47,SL ❌,0.4487,-0.4487,89.2988,-3
U1. Triple EMA + MACD,2026-04-20 15:25:00+00:00,2026-04-20 16:05:00+00:00,long,75747.39,75493.01,SL ❌,0.4465,-0.4465,88.8523,-4
U1. Triple EMA + MACD,2026-04-20 18:50:00+00:00,2026-04-20 19:20:00+00:00,long,76448.27,76236.09,SL ❌,0.4443,-0.4443,88.4081,-5
U1. Triple EMA + MACD,2026-04-21 10:20:00+00:00,2026-04-21 10:50:00+00:00,long,76598.55,76868.97,TP ✅,0.442,1.1051,89.5132,1
U1. Triple EMA + MACD,2026-04-22 15:35:00+00:00,2026-04-22 16:10:00+00:00,long,79307.78,79238.58,BE 〰,0.8951,0.0,89.5132,1
U1. Triple EMA + MACD,2026-04-23 10:05:00+00:00,2026-04-23 11:00:00+00:00,short,77326.08,77524.68,SL ❌,0.8951,-0.8951,88.618,-1
U2. Momentum Score,2026-02-26 08:25:00+00:00,2026-02-26 08:35:00+00:00,short,68016.98,68092.24,SL ❌,1.0,-1.0,99.0,-1
U2. Momentum Score,2026-02-26 08:40:00+00:00,2026-02-26 08:45:00+00:00,short,67970.1,68067.31,SL ❌,0.99,-0.99,98.01,-2
U2. Momentum Score,2026-02-26 08:55:00+00:00,2026-02-26 09:05:00+00:00,short,67954.36,68093.44,SL ❌,0.49,-0.49,97.52,-3
U2. Momentum Score,2026-02-26 09:10:00+00:00,2026-02-26 09:15:00+00:00,long,68360.92,68232.02,SL ❌,0.4876,-0.4876,97.0324,-4
U2. Momentum Score,2026-02-26 12:45:00+00:00,2026-02-26 12:50:00+00:00,short,68081.47,68172.73,SL ❌,0.4852,-0.4852,96.5472,-5
U2. Momentum Score,2026-02-26 13:05:00+00:00,2026-02-26 13:10:00+00:00,short,68177.24,68014.74,TP ✅,0.4827,1.2068,97.754,1
U2. Momentum Score,2026-02-26 14:30:00+00:00,2026-02-26 14:35:00+00:00,short,67955.54,68117.91,SL ❌,0.9775,-0.9775,96.7765,-1
U2. Momentum Score,2026-02-26 14:40:00+00:00,2026-02-26 14:45:00+00:00,short,67871.74,67369.8,TP ✅,0.9678,2.4194,99.1959,1
U2. Momentum Score,2026-02-26 16:00:00+00:00,2026-02-26 16:25:00+00:00,short,67371.26,67514.53,SL ❌,0.992,-0.992,98.2039,-1
U2. Momentum Score,2026-02-26 16:30:00+00:00,2026-02-26 16:50:00+00:00,short,67191.1,66640.6,TP ✅,0.982,2.4551,100.659,1
U2. Momentum Score,2026-02-26 18:20:00+00:00,2026-02-26 18:30:00+00:00,short,66873.84,67233.22,SL ❌,1.0066,-1.0066,99.6524,-1
U2. Momentum Score,2026-02-26 20:35:00+00:00,2026-02-26 21:25:00+00:00,short,67409.88,67494.6,SL ❌,0.9965,-0.9965,98.6559,-2
U2. Momentum Score,2026-02-27 09:45:00+00:00,2026-02-27 10:10:00+00:00,short,67456.7,66991.5,TP ✅,0.4933,1.2332,99.8891,1
U2. Momentum Score,2026-02-27 13:05:00+00:00,2026-02-27 13:35:00+00:00,short,66047.66,65749.11,TP ✅,0.9989,2.4972,102.3864,2
U2. Momentum Score,2026-02-27 14:40:00+00:00,2026-02-27 14:45:00+00:00,short,65812.81,65960.27,SL ❌,1.5358,-1.5358,100.8506,-1
U2. Momentum Score,2026-02-27 15:40:00+00:00,2026-02-27 15:50:00+00:00,short,66030.6,66216.17,SL ❌,1.0085,-1.0085,99.8421,-2
U2. Momentum Score,2026-02-27 16:05:00+00:00,2026-02-27 16:45:00+00:00,short,65926.79,65560.27,TP ✅,0.4992,1.248,101.0901,1
U2. Momentum Score,2026-02-27 18:20:00+00:00,2026-02-27 18:25:00+00:00,short,65430.07,65536.4,SL ❌,1.0109,-1.0109,100.0792,-1
U2. Momentum Score,2026-02-27 18:30:00+00:00,2026-02-27 18:50:00+00:00,short,65570.57,65350.33,TP ✅,1.0008,2.502,102.5812,1
U2. Momentum Score,2026-02-28 08:05:00+00:00,2026-02-28 08:15:00+00:00,short,63603.21,63799.15,SL ❌,1.0258,-1.0258,101.5553,-1
U2. Momentum Score,2026-02-28 08:45:00+00:00,2026-02-28 09:10:00+00:00,short,63658.8,63654.37,BE 〰,1.0156,0.0,101.5553,0
U2. Momentum Score,2026-02-28 09:45:00+00:00,2026-02-28 10:15:00+00:00,short,63629.39,63730.34,SL ❌,1.0156,-1.0156,100.5398,-1
U2. Momentum Score,2026-02-28 11:55:00+00:00,2026-02-28 12:05:00+00:00,short,63836.73,63925.39,SL ❌,1.0054,-1.0054,99.5344,-2
U2. Momentum Score,2026-02-28 12:45:00+00:00,2026-02-28 12:55:00+00:00,short,63931.43,64032.43,SL ❌,0.4977,-0.4977,99.0367,-3
U2. Momentum Score,2026-02-28 13:20:00+00:00,2026-02-28 13:35:00+00:00,long,64075.66,64000.58,SL ❌,0.4952,-0.4952,98.5415,-4
U2. Momentum Score,2026-02-28 13:45:00+00:00,2026-02-28 13:50:00+00:00,long,64205.95,64987.59,TP ✅,0.4927,1.2318,99.7733,1
U2. Momentum Score,2026-02-28 15:25:00+00:00,2026-02-28 17:15:00+00:00,long,64821.32,64933.91,SL ❌,0.9977,-0.9977,98.7756,-1
U2. Momentum Score,2026-02-28 17:45:00+00:00,2026-02-28 17:55:00+00:00,long,65133.37,65421.79,TP ✅,0.9878,2.4694,101.245,1
U2. Momentum Score,2026-03-01 10:55:00+00:00,2026-03-01 11:15:00+00:00,short,66472.52,66600.69,SL ❌,1.0125,-1.0125,100.2325,-1
U2. Momentum Score,2026-03-01 11:35:00+00:00,2026-03-01 12:40:00+00:00,short,66475.16,66509.04,BE 〰,1.0023,0.0,100.2325,0
U2. Momentum Score,2026-03-01 19:05:00+00:00,2026-03-01 19:15:00+00:00,short,66217.1,65995.22,TP ✅,1.0023,2.5058,102.7383,1
U2. Momentum Score,2026-03-02 10:10:00+00:00,2026-03-02 10:25:00+00:00,short,66122.65,66224.54,SL ❌,1.0274,-1.0274,101.7109,-1
U2. Momentum Score,2026-03-02 10:35:00+00:00,2026-03-02 11:40:00+00:00,short,66217.95,66324.62,SL ❌,1.0171,-1.0171,100.6938,-2
U2. Momentum Score,2026-03-02 11:45:00+00:00,2026-03-02 12:00:00+00:00,long,66360.2,66268.85,SL ❌,0.5035,-0.5035,100.1904,-3
U2. Momentum Score,2026-03-02 12:20:00+00:00,2026-03-02 13:00:00+00:00,short,66122.14,65931.98,TP ✅,0.501,1.2524,101.4427,1
U2. Momentum Score,2026-03-02 14:35:00+00:00,2026-03-02 14:45:00+00:00,long,66243.41,66818.44,TP ✅,1.0144,2.5361,103.9788,2
U2. Momentum Score,2026-03-02 18:30:00+00:00,2026-03-02 18:35:00+00:00,long,69227.86,69085.83,SL ❌,1.5597,-1.5597,102.4191,-1
U2. Momentum Score,2026-03-02 18:45:00+00:00,2026-03-02 18:50:00+00:00,long,69140.49,68991.96,SL ❌,1.0242,-1.0242,101.3949,-2
U2. Momentum Score,2026-03-02 20:00:00+00:00,2026-03-02 20:05:00+00:00,long,69186.77,68878.58,SL ❌,0.507,-0.507,100.888,-3
U2. Momentum Score,2026-03-02 20:20:00+00:00,2026-03-02 20:45:00+00:00,long,68928.3,69361.53,TP ✅,0.5044,1.2611,102.1491,1
U2. Momentum Score,2026-03-03 08:20:00+00:00,2026-03-03 08:30:00+00:00,short,67940.87,67614.92,TP ✅,1.0215,2.5537,104.7028,2
U2. Momentum Score,2026-03-03 13:10:00+00:00,2026-03-03 14:05:00+00:00,short,67049.84,67209.77,SL ❌,1.5705,-1.5705,103.1323,-1
U2. Momentum Score,2026-03-03 14:30:00+00:00,2026-03-03 14:35:00+00:00,short,66830.73,67108.35,SL ❌,1.0313,-1.0313,102.1009,-2
U2. Momentum Score,2026-03-03 17:20:00+00:00,2026-03-03 17:30:00+00:00,long,68253.07,67829.41,SL ❌,0.5105,-0.5105,101.5904,-3
U2. Momentum Score,2026-03-03 17:40:00+00:00,2026-03-03 18:10:00+00:00,long,68154.08,68010.43,SL ❌,0.508,-0.508,101.0825,-4
U2. Momentum Score,2026-03-04 10:40:00+00:00,2026-03-04 10:45:00+00:00,long,71362.16,71219.54,SL ❌,0.5054,-0.5054,100.5771,-5
U2. Momentum Score,2026-03-04 11:15:00+00:00,2026-03-04 11:20:00+00:00,long,71421.44,71306.68,SL ❌,0.5029,-0.5029,100.0742,-6
U2. Momentum Score,2026-03-04 12:50:00+00:00,2026-03-04 13:05:00+00:00,long,71115.12,71594.09,TP ✅,0.5004,1.2509,101.3251,1
U2. Momentum Score,2026-03-04 17:35:00+00:00,2026-03-04 18:10:00+00:00,long,73215.66,73091.55,SL ❌,1.0133,-1.0133,100.3118,-1
U2. Momentum Score,2026-03-04 18:15:00+00:00,2026-03-04 18:30:00+00:00,long,73253.27,73246.18,BE 〰,1.0031,0.0,100.3118,0
U2. Momentum Score,2026-03-04 18:40:00+00:00,2026-03-04 19:10:00+00:00,long,73499.04,73973.26,TP ✅,1.0031,2.5078,102.8196,1
U2. Momentum Score,2026-03-05 12:50:00+00:00,2026-03-05 13:00:00+00:00,long,72958.58,72801.28,SL ❌,1.0282,-1.0282,101.7914,-1
U2. Momentum Score,2026-03-05 13:10:00+00:00,2026-03-05 13:30:00+00:00,short,72625.83,72324.31,TP ✅,1.0179,2.5448,104.3362,1
U2. Momentum Score,2026-03-05 14:30:00+00:00,2026-03-05 14:40:00+00:00,long,72690.33,72170.67,SL ❌,1.0434,-1.0434,103.2929,-1
U2. Momentum Score,2026-03-05 14:55:00+00:00,2026-03-05 15:00:00+00:00,long,72711.29,72436.43,SL ❌,1.0329,-1.0329,102.2599,-2
U2. Momentum Score,2026-03-05 17:05:00+00:00,2026-03-05 17:30:00+00:00,short,71244.48,70825.44,TP ✅,0.5113,1.2782,103.5382,1
U2. Momentum Score,2026-03-05 19:55:00+00:00,2026-03-05 20:10:00+00:00,short,70952.46,71049.16,SL ❌,1.0354,-1.0354,102.5028,-1
U2. Momentum Score,2026-03-06 08:40:00+00:00,2026-03-06 08:50:00+00:00,long,70933.48,70815.57,SL ❌,1.025,-1.025,101.4778,-2
U2. Momentum Score,2026-03-06 10:40:00+00:00,2026-03-06 10:50:00+00:00,short,70527.96,70598.06,SL ❌,0.5074,-0.5074,100.9704,-3
U2. Momentum Score,2026-03-06 13:45:00+00:00,2026-03-06 13:55:00+00:00,short,69882.43,69358.98,TP ✅,0.5049,1.2621,102.2325,1
U2. Momentum Score,2026-03-06 15:25:00+00:00,2026-03-06 15:35:00+00:00,short,68863.4,69012.08,SL ❌,1.0223,-1.0223,101.2102,-1
U2. Momentum Score,2026-03-06 15:50:00+00:00,2026-03-06 15:55:00+00:00,short,68334.02,68543.03,SL ❌,1.0121,-1.0121,100.1981,-2
U2. Momentum Score,2026-03-06 16:55:00+00:00,2026-03-06 17:35:00+00:00,short,68470.2,67854.32,TP ✅,0.501,1.2525,101.4506,1
U2. Momentum Score,2026-03-06 19:00:00+00:00,2026-03-06 19:10:00+00:00,short,68282.82,68395.76,SL ❌,1.0145,-1.0145,100.4361,-1
U2. Momentum Score,2026-03-06 19:25:00+00:00,2026-03-06 20:00:00+00:00,short,68181.26,68212.13,BE 〰,1.0044,0.0,100.4361,0
U2. Momentum Score,2026-03-07 08:55:00+00:00,2026-03-07 09:05:00+00:00,short,67763.16,67830.52,SL ❌,1.0044,-1.0044,99.4317,-1
U2. Momentum Score,2026-03-07 10:25:00+00:00,2026-03-07 10:35:00+00:00,short,67925.17,67979.52,SL ❌,0.9943,-0.9943,98.4374,-2
U2. Momentum Score,2026-03-07 10:40:00+00:00,2026-03-07 10:55:00+00:00,short,67989.44,67882.58,TP ✅,0.4922,1.2305,99.6679,1
U2. Momentum Score,2026-03-07 11:10:00+00:00,2026-03-07 12:05:00+00:00,long,68059.88,67990.76,SL ❌,0.9967,-0.9967,98.6712,-1
U2. Momentum Score,2026-03-07 13:05:00+00:00,2026-03-07 13:10:00+00:00,short,67966.15,68031.12,SL ❌,0.9867,-0.9867,97.6845,-2
U2. Momentum Score,2026-03-07 13:15:00+00:00,2026-03-07 13:20:00+00:00,long,68071.13,67994.23,SL ❌,0.4884,-0.4884,97.196,-3
U2. Momentum Score,2026-03-07 13:35:00+00:00,2026-03-07 14:10:00+00:00,short,67881.52,67631.5,TP ✅,0.486,1.2149,98.411,1
U2. Momentum Score,2026-03-07 14:50:00+00:00,2026-03-07 16:20:00+00:00,long,68038.7,67838.82,SL ❌,0.9841,-0.9841,97.4269,-1
U2. Momentum Score,2026-03-07 17:55:00+00:00,2026-03-07 18:05:00+00:00,short,67781.77,67600.22,TP ✅,0.9743,2.4357,99.8626,1
U2. Momentum Score,2026-03-08 08:40:00+00:00,2026-03-08 09:10:00+00:00,long,67446.88,67650.63,TP ✅,0.9986,2.4966,102.3591,2
U2. Momentum Score,2026-03-08 14:20:00+00:00,2026-03-08 14:25:00+00:00,long,67335.8,67251.23,SL ❌,1.5354,-1.5354,100.8237,-1
U2. Momentum Score,2026-03-08 14:30:00+00:00,2026-03-08 14:40:00+00:00,long,67342.49,67081.12,SL ❌,1.0082,-1.0082,99.8155,-2
U2. Momentum Score,2026-03-08 15:00:00+00:00,2026-03-08 15:05:00+00:00,long,67342.79,67258.71,SL ❌,0.4991,-0.4991,99.3164,-3
U2. Momentum Score,2026-03-08 15:25:00+00:00,2026-03-08 16:30:00+00:00,short,67212.89,67023.64,TP ✅,0.4966,1.2415,100.5579,1
U2. Momentum Score,2026-03-08 17:55:00+00:00,2026-03-08 18:15:00+00:00,short,66978.2,66836.5,TP ✅,1.0056,2.5139,103.0718,2
U2. Momentum Score,2026-03-08 20:25:00+00:00,2026-03-08 20:30:00+00:00,short,67085.56,67294.51,SL ❌,1.5461,-1.5461,101.5257,-1
U2. Momentum Score,2026-03-09 11:50:00+00:00,2026-03-09 12:15:00+00:00,long,67719.51,67893.95,TP ✅,1.0153,2.5381,104.0639,1
U2. Momentum Score,2026-03-09 15:00:00+00:00,2026-03-09 15:25:00+00:00,long,69232.68,69072.64,SL ❌,1.0406,-1.0406,103.0232,-1
U2. Momentum Score,2026-03-09 16:40:00+00:00,2026-03-09 17:20:00+00:00,long,69068.23,68756.75,SL ❌,1.0302,-1.0302,101.993,-2
U2. Momentum Score,2026-03-09 20:55:00+00:00,2026-03-09 21:20:00+00:00,long,69026.19,68884.05,SL ❌,0.51,-0.51,101.4831,-3
U2. Momentum Score,2026-03-10 09:20:00+00:00,2026-03-10 09:45:00+00:00,long,71030.98,71015.66,BE 〰,0.5074,0.0,101.4831,0
U2. Momentum Score,2026-03-10 13:05:00+00:00,2026-03-10 13:25:00+00:00,long,70722.61,70907.7,TP ✅,1.0148,2.5371,104.0201,1
U2. Momentum Score,2026-03-10 13:35:00+00:00,2026-03-10 13:45:00+00:00,short,69809.53,70136.77,SL ❌,1.0402,-1.0402,102.9799,-1
U2. Momentum Score,2026-03-10 14:45:00+00:00,2026-03-10 14:50:00+00:00,long,70604.79,71121.16,TP ✅,1.0298,2.5745,105.5544,1
U2. Momentum Score,2026-03-10 16:15:00+00:00,2026-03-10 16:30:00+00:00,long,71339.14,71330.76,BE 〰,1.0555,0.0,105.5544,1
U2. Momentum Score,2026-03-10 20:15:00+00:00,2026-03-10 20:20:00+00:00,short,70043.07,70235.88,SL ❌,1.0555,-1.0555,104.4989,-1
U2. Momentum Score,2026-03-11 08:50:00+00:00,2026-03-11 08:55:00+00:00,short,69526.95,69637.3,SL ❌,1.045,-1.045,103.4539,-2
U2. Momentum Score,2026-03-11 09:25:00+00:00,2026-03-11 09:35:00+00:00,short,69608.15,69404.74,TP ✅,0.5173,1.2932,104.7471,1
U2. Momentum Score,2026-03-11 09:50:00+00:00,2026-03-11 10:40:00+00:00,short,69587.49,69672.51,SL ❌,1.0475,-1.0475,103.6996,-1
U2. Momentum Score,2026-03-11 11:25:00+00:00,2026-03-11 11:30:00+00:00,short,69453.68,69537.64,SL ❌,1.037,-1.037,102.6626,-2
U2. Momentum Score,2026-03-11 15:30:00+00:00,2026-03-11 15:35:00+00:00,short,69874.46,70197.96,SL ❌,0.5133,-0.5133,102.1493,-3
U2. Momentum Score,2026-03-11 16:10:00+00:00,2026-03-11 17:00:00+00:00,long,70446.06,70910.82,TP ✅,0.5107,1.2769,103.4261,1
U2. Momentum Score,2026-03-11 19:40:00+00:00,2026-03-11 20:00:00+00:00,long,70655.57,70558.28,SL ❌,1.0343,-1.0343,102.3919,-1
U2. Momentum Score,2026-03-11 20:55:00+00:00,2026-03-11 21:10:00+00:00,long,70665.5,70526.96,SL ❌,1.0239,-1.0239,101.368,-2
U2. Momentum Score,2026-03-12 09:00:00+00:00,2026-03-12 09:10:00+00:00,long,69853.41,69757.48,SL ❌,0.5068,-0.5068,100.8611,-3
U2. Momentum Score,2026-03-12 09:15:00+00:00,2026-03-12 09:25:00+00:00,short,69661.31,69744.73,SL ❌,0.5043,-0.5043,100.3568,-4
U2. Momentum Score,2026-03-12 09:40:00+00:00,2026-03-12 09:45:00+00:00,long,70064.09,69962.25,SL ❌,0.5018,-0.5018,99.855,-5
U2. Momentum Score,2026-03-12 12:45:00+00:00,2026-03-12 12:50:00+00:00,long,70604.2,70429.64,SL ❌,0.4993,-0.4993,99.3558,-6
U2. Momentum Score,2026-03-12 13:00:00+00:00,2026-03-12 13:15:00+00:00,long,70458.68,70259.25,SL ❌,0.4968,-0.4968,98.859,-7
U2. Momentum Score,2026-03-12 13:45:00+00:00,2026-03-12 14:00:00+00:00,short,69913.8,70321.2,SL ❌,0.4943,-0.4943,98.3647,-8
U2. Momentum Score,2026-03-12 14:10:00+00:00,2026-03-12 14:15:00+00:00,long,70423.12,70193.97,SL ❌,0.4918,-0.4918,97.8729,-9
U2. Momentum Score,2026-03-12 14:20:00+00:00,2026-03-12 14:30:00+00:00,long,70190.07,69858.8,SL ❌,0.4894,-0.4894,97.3835,-10
U2. Momentum Score,2026-03-12 15:25:00+00:00,2026-03-12 15:30:00+00:00,long,70369.37,70207.06,SL ❌,0.4869,-0.4869,96.8966,-11
U2. Momentum Score,2026-03-12 16:10:00+00:00,2026-03-12 16:25:00+00:00,long,70039.37,70158.13,SL ❌,0.4845,-0.4845,96.4121,-12
U2. Momentum Score,2026-03-12 17:35:00+00:00,2026-03-12 17:50:00+00:00,long,70438.39,70340.68,SL ❌,0.4821,-0.4821,95.93,-13
U2. Momentum Score,2026-03-12 19:25:00+00:00,2026-03-12 19:50:00+00:00,long,70208.8,70433.34,TP ✅,0.4797,1.1991,97.1292,1
U2. Momentum Score,2026-03-13 08:15:00+00:00,2026-03-13 08:35:00+00:00,long,71554.37,71928.49,TP ✅,0.9713,2.4282,99.5574,2
U2. Momentum Score,2026-03-13 11:30:00+00:00,2026-03-13 11:35:00+00:00,long,72362.81,72279.09,SL ❌,1.4934,-1.4934,98.064,-1
U2. Momentum Score,2026-03-13 12:05:00+00:00,2026-03-13 12:15:00+00:00,long,72426.68,72351.29,SL ❌,0.9806,-0.9806,97.0834,-2
U2. Momentum Score,2026-03-13 17:25:00+00:00,2026-03-13 17:40:00+00:00,short,71637.68,71116.12,TP ✅,0.4854,1.2135,98.2969,1
U2. Momentum Score,2026-03-13 19:20:00+00:00,2026-03-13 20:05:00+00:00,short,71109.91,71252.65,SL ❌,0.983,-0.983,97.314,-1
U2. Momentum Score,2026-03-14 08:15:00+00:00,2026-03-14 08:20:00+00:00,short,70629.62,70683.07,SL ❌,0.9731,-0.9731,96.3408,-2
U2. Momentum Score,2026-03-14 08:35:00+00:00,2026-03-14 09:05:00+00:00,short,70623.66,70699.68,SL ❌,0.4817,-0.4817,95.8591,-3
U2. Momentum Score,2026-03-14 09:30:00+00:00,2026-03-14 09:35:00+00:00,short,70594.36,70633.52,SL ❌,0.4793,-0.4793,95.3798,-4
U2. Momentum Score,2026-03-14 12:35:00+00:00,2026-03-14 12:45:00+00:00,short,70650.29,70736.77,SL ❌,0.4769,-0.4769,94.9029,-5
U2. Momentum Score,2026-03-14 13:05:00+00:00,2026-03-14 13:20:00+00:00,long,70774.16,70898.99,TP ✅,0.4745,1.1863,96.0892,1
U2. Momentum Score,2026-03-15 08:10:00+00:00,2026-03-15 08:35:00+00:00,long,71583.66,71532.12,SL ❌,0.9609,-0.9609,95.1283,-1
U2. Momentum Score,2026-03-15 10:15:00+00:00,2026-03-15 10:35:00+00:00,long,71840.63,71797.62,SL ❌,0.9513,-0.9513,94.177,-2
U2. Momentum Score,2026-03-15 10:40:00+00:00,2026-03-15 11:00:00+00:00,long,71822.61,71775.66,SL ❌,0.4709,-0.4709,93.7062,-3
U2. Momentum Score,2026-03-15 11:50:00+00:00,2026-03-15 12:00:00+00:00,long,71857.89,71744.3,SL ❌,0.4685,-0.4685,93.2376,-4
U2. Momentum Score,2026-03-15 14:20:00+00:00,2026-03-15 14:45:00+00:00,short,71433.82,71512.35,SL ❌,0.4662,-0.4662,92.7714,-5
U2. Momentum Score,2026-03-15 14:50:00+00:00,2026-03-15 15:25:00+00:00,long,71561.6,71490.59,SL ❌,0.4639,-0.4639,92.3076,-6
U2. Momentum Score,2026-03-15 15:55:00+00:00,2026-03-15 16:05:00+00:00,short,71488.06,71564.23,SL ❌,0.4615,-0.4615,91.846,-7
U2. Momentum Score,2026-03-15 16:10:00+00:00,2026-03-15 16:15:00+00:00,long,71568.39,71387.79,SL ❌,0.4592,-0.4592,91.3868,-8
U2. Momentum Score,2026-03-15 18:45:00+00:00,2026-03-15 19:25:00+00:00,short,71450.32,71546.49,SL ❌,0.4569,-0.4569,90.9299,-9
U2. Momentum Score,2026-03-15 19:55:00+00:00,2026-03-15 20:20:00+00:00,long,71558.02,71522.11,SL ❌,0.4546,-0.4546,90.4752,-10
U2. Momentum Score,2026-03-15 20:25:00+00:00,2026-03-15 20:30:00+00:00,short,71451.88,71646.09,SL ❌,0.4524,-0.4524,90.0229,-11
U2. Momentum Score,2026-03-16 08:15:00+00:00,2026-03-16 08:40:00+00:00,short,73460.69,73140.18,TP ✅,0.4501,1.1253,91.1481,1
U2. Momentum Score,2026-03-16 12:10:00+00:00,2026-03-16 12:25:00+00:00,long,73586.77,73783.45,TP ✅,0.9115,2.2787,93.4268,2
U2. Momentum Score,2026-03-16 14:35:00+00:00,2026-03-16 14:55:00+00:00,short,73191.4,73457.05,SL ❌,1.4014,-1.4014,92.0254,-1
U2. Momentum Score,2026-03-16 15:50:00+00:00,2026-03-16 16:15:00+00:00,short,73400.16,73451.41,BE 〰,0.9203,0.0,92.0254,0
U2. Momentum Score,2026-03-16 16:50:00+00:00,2026-03-16 17:00:00+00:00,long,73838.91,73749.06,SL ❌,0.9203,-0.9203,91.1052,-1
U2. Momentum Score,2026-03-16 19:10:00+00:00,2026-03-16 19:50:00+00:00,long,74089.12,73909.72,SL ❌,0.9111,-0.9111,90.1941,-2
U2. Momentum Score,2026-03-16 20:35:00+00:00,2026-03-16 21:00:00+00:00,long,74086.34,74282.22,TP ✅,0.451,1.1274,91.3216,1
U2. Momentum Score,2026-03-17 08:15:00+00:00,2026-03-17 08:20:00+00:00,short,74158.89,74309.36,SL ❌,0.9132,-0.9132,90.4083,-1
U2. Momentum Score,2026-03-17 08:35:00+00:00,2026-03-17 08:40:00+00:00,short,74233.07,74425.85,SL ❌,0.9041,-0.9041,89.5043,-2
U2. Momentum Score,2026-03-17 08:55:00+00:00,2026-03-17 09:20:00+00:00,short,74167.98,74185.55,BE 〰,0.4475,0.0,89.5043,0
U2. Momentum Score,2026-03-17 12:25:00+00:00,2026-03-17 13:30:00+00:00,short,73831.28,73985.05,SL ❌,0.895,-0.895,88.6092,-1
U2. Momentum Score,2026-03-17 13:45:00+00:00,2026-03-17 13:50:00+00:00,short,73810.9,73515.3,TP ✅,0.8861,2.2152,90.8244,1
U2. Momentum Score,2026-03-17 15:35:00+00:00,2026-03-17 15:50:00+00:00,short,73767.46,74067.96,SL ❌,0.9082,-0.9082,89.9162,-1
U2. Momentum Score,2026-03-17 19:35:00+00:00,2026-03-17 19:40:00+00:00,long,74757.9,74678.32,SL ❌,0.8992,-0.8992,89.017,-2
U2. Momentum Score,2026-03-17 20:00:00+00:00,2026-03-17 20:25:00+00:00,short,74479.77,74679.12,SL ❌,0.4451,-0.4451,88.572,-3
U2. Momentum Score,2026-03-18 09:00:00+00:00,2026-03-18 09:10:00+00:00,long,74074.53,74176.31,TP ✅,0.4429,1.1071,89.6791,1
U2. Momentum Score,2026-03-18 10:10:00+00:00,2026-03-18 10:20:00+00:00,long,74261.8,74196.89,SL ❌,0.8968,-0.8968,88.7823,-1
U2. Momentum Score,2026-03-18 10:35:00+00:00,2026-03-18 10:40:00+00:00,short,74036.17,73907.33,TP ✅,0.8878,2.2196,91.0019,1
U2. Momentum Score,2026-03-18 13:45:00+00:00,2026-03-18 14:15:00+00:00,short,72228.09,71912.5,TP ✅,0.91,2.275,93.2769,2
U2. Momentum Score,2026-03-18 16:05:00+00:00,2026-03-18 16:50:00+00:00,short,71276.71,71403.73,SL ❌,1.3992,-1.3992,91.8778,-1
U2. Momentum Score,2026-03-18 17:00:00+00:00,2026-03-18 17:10:00+00:00,short,71220.63,71309.01,SL ❌,0.9188,-0.9188,90.959,-2
U2. Momentum Score,2026-03-18 18:45:00+00:00,2026-03-18 18:55:00+00:00,short,71478.35,70992.88,TP ✅,0.4548,1.137,92.096,1
U2. Momentum Score,2026-03-19 08:25:00+00:00,2026-03-19 09:20:00+00:00,short,70070.23,70336.17,SL ❌,0.921,-0.921,91.175,-1
U2. Momentum Score,2026-03-19 10:35:00+00:00,2026-03-19 11:35:00+00:00,short,70259.09,70061.56,TP ✅,0.9117,2.2794,93.4544,1
U2. Momentum Score,2026-03-19 14:20:00+00:00,2026-03-19 14:40:00+00:00,short,69308.78,69335.55,BE 〰,0.9345,0.0,93.4544,1
U2. Momentum Score,2026-03-19 15:25:00+00:00,2026-03-19 15:50:00+00:00,short,69250.7,69384.96,SL ❌,0.9345,-0.9345,92.5198,-1
U2. Momentum Score,2026-03-19 16:10:00+00:00,2026-03-19 16:20:00+00:00,short,69264.61,69429.42,SL ❌,0.9252,-0.9252,91.5946,-2
U2. Momentum Score,2026-03-19 17:05:00+00:00,2026-03-19 17:15:00+00:00,short,69220.39,69367.39,SL ❌,0.458,-0.458,91.1367,-3
U2. Momentum Score,2026-03-20 10:55:00+00:00,2026-03-20 11:35:00+00:00,long,70606.2,70411.9,SL ❌,0.4557,-0.4557,90.681,-4
U2. Momentum Score,2026-03-20 11:40:00+00:00,2026-03-20 12:05:00+00:00,short,70396.48,70647.55,SL ❌,0.4534,-0.4534,90.2276,-5
U2. Momentum Score,2026-03-20 12:20:00+00:00,2026-03-20 12:25:00+00:00,long,70627.22,70463.4,SL ❌,0.4511,-0.4511,89.7765,-6
U2. Momentum Score,2026-03-20 13:30:00+00:00,2026-03-20 13:40:00+00:00,short,70031.23,70305.11,SL ❌,0.4489,-0.4489,89.3276,-7
U2. Momentum Score,2026-03-20 14:45:00+00:00,2026-03-20 15:05:00+00:00,short,69952.77,69522.09,TP ✅,0.4466,1.1166,90.4442,1
U2. Momentum Score,2026-03-20 15:55:00+00:00,2026-03-20 16:10:00+00:00,short,69812.22,70021.69,SL ❌,0.9044,-0.9044,89.5397,-1
U2. Momentum Score,2026-03-20 16:35:00+00:00,2026-03-20 16:55:00+00:00,short,69705.88,69862.08,SL ❌,0.8954,-0.8954,88.6443,-2
U2. Momentum Score,2026-03-20 17:10:00+00:00,2026-03-20 17:35:00+00:00,short,69783.48,69511.47,TP ✅,0.4432,1.1081,89.7524,1
U2. Momentum Score,2026-03-20 18:25:00+00:00,2026-03-20 18:50:00+00:00,short,69700.52,69823.45,SL ❌,0.8975,-0.8975,88.8549,-1
U2. Momentum Score,2026-03-20 20:30:00+00:00,2026-03-20 20:40:00+00:00,short,69826.31,69917.7,SL ❌,0.8885,-0.8885,87.9663,-2
U2. Momentum Score,2026-03-21 08:10:00+00:00,2026-03-21 08:20:00+00:00,short,70710.38,70542.97,TP ✅,0.4398,1.0996,89.0659,1
U2. Momentum Score,2026-03-21 10:10:00+00:00,2026-03-21 12:00:00+00:00,short,70613.4,70676.37,SL ❌,0.8907,-0.8907,88.1752,-1
U2. Momentum Score,2026-03-21 13:55:00+00:00,2026-03-21 14:05:00+00:00,long,70725.48,70799.83,TP ✅,0.8818,2.2044,90.3796,1
U2. Momentum Score,2026-03-21 14:55:00+00:00,2026-03-21 15:30:00+00:00,short,70592.34,70734.1,SL ❌,0.9038,-0.9038,89.4758,-1
U2. Momentum Score,2026-03-21 15:35:00+00:00,2026-03-21 16:25:00+00:00,short,70663.52,70353.84,TP ✅,0.8948,2.2369,91.7127,1
U2. Momentum Score,2026-03-21 17:40:00+00:00,2026-03-21 18:35:00+00:00,short,70398.55,70451.95,SL ❌,0.9171,-0.9171,90.7956,-1
U2. Momentum Score,2026-03-21 19:30:00+00:00,2026-03-21 20:20:00+00:00,short,70367.92,70455.83,SL ❌,0.908,-0.908,89.8876,-2
U2. Momentum Score,2026-03-22 09:15:00+00:00,2026-03-22 09:20:00+00:00,short,68668.9,68762.75,SL ❌,0.4494,-0.4494,89.4382,-3
U2. Momentum Score,2026-03-22 10:05:00+00:00,2026-03-22 11:25:00+00:00,short,68712.77,68422.95,TP ✅,0.4472,1.118,90.5562,1
U2. Momentum Score,2026-03-22 13:40:00+00:00,2026-03-22 13:45:00+00:00,short,68583.57,68666.62,SL ❌,0.9056,-0.9056,89.6506,-1
U2. Momentum Score,2026-03-22 14:00:00+00:00,2026-03-22 14:05:00+00:00,short,68574.56,68656.35,SL ❌,0.8965,-0.8965,88.7541,-2
U2. Momentum Score,2026-03-22 14:20:00+00:00,2026-03-22 14:30:00+00:00,long,68868.82,68794.43,SL ❌,0.4438,-0.4438,88.3103,-3
U2. Momentum Score,2026-03-22 15:05:00+00:00,2026-03-22 15:35:00+00:00,long,68875.44,68756.6,SL ❌,0.4416,-0.4416,87.8688,-4
U2. Momentum Score,2026-03-22 15:40:00+00:00,2026-03-22 15:50:00+00:00,short,68750.56,68812.14,SL ❌,0.4393,-0.4393,87.4294,-5
U2. Momentum Score,2026-03-22 16:20:00+00:00,2026-03-22 16:50:00+00:00,short,68766.66,68834.44,SL ❌,0.4371,-0.4371,86.9923,-6
U2. Momentum Score,2026-03-22 17:35:00+00:00,2026-03-22 18:35:00+00:00,short,68699.15,68455.22,TP ✅,0.435,1.0874,88.0797,1
U2. Momentum Score,2026-03-22 20:25:00+00:00,2026-03-22 20:50:00+00:00,short,68307.74,68123.08,TP ✅,0.8808,2.202,90.2817,2
U2. Momentum Score,2026-03-23 09:05:00+00:00,2026-03-23 09:35:00+00:00,short,68250.84,67975.23,TP ✅,1.3542,3.3856,93.6672,3
U2. Momentum Score,2026-03-23 10:05:00+00:00,2026-03-23 10:20:00+00:00,long,68483.61,68410.55,SL ❌,1.8733,-1.8733,91.7939,-1
U2. Momentum Score,2026-03-23 12:20:00+00:00,2026-03-23 13:40:00+00:00,long,70372.92,71324.69,TP ✅,0.9179,2.2948,94.0887,1
U2. Momentum Score,2026-03-23 14:55:00+00:00,2026-03-23 15:10:00+00:00,long,71365.32,71389.07,BE 〰,0.9409,0.0,94.0887,1
U2. Momentum Score,2026-03-23 17:00:00+00:00,2026-03-23 17:20:00+00:00,long,70545.01,70432.61,SL ❌,0.9409,-0.9409,93.1479,-1
U2. Momentum Score,2026-03-23 17:25:00+00:00,2026-03-23 17:35:00+00:00,long,70576.17,70988.38,TP ✅,0.9315,2.3287,95.4766,1
U2. Momentum Score,2026-03-23 19:25:00+00:00,2026-03-23 19:35:00+00:00,long,71041.94,70942.63,SL ❌,0.9548,-0.9548,94.5218,-1
U2. Momentum Score,2026-03-23 20:35:00+00:00,2026-03-23 21:10:00+00:00,long,70911.94,70845.17,SL ❌,0.9452,-0.9452,93.5766,-2
U2. Momentum Score,2026-03-24 08:35:00+00:00,2026-03-24 08:55:00+00:00,long,71027.02,70915.66,SL ❌,0.4679,-0.4679,93.1087,-3
U2. Momentum Score,2026-03-24 09:00:00+00:00,2026-03-24 09:40:00+00:00,long,70978.34,71206.3,TP ✅,0.4655,1.1639,94.2725,1
U2. Momentum Score,2026-03-24 11:40:00+00:00,2026-03-24 11:50:00+00:00,long,71277.16,71038.44,SL ❌,0.9427,-0.9427,93.3298,-1
U2. Momentum Score,2026-03-24 15:30:00+00:00,2026-03-24 15:35:00+00:00,short,69799.03,70067.91,SL ❌,0.9333,-0.9333,92.3965,-2
U2. Momentum Score,2026-03-24 15:55:00+00:00,2026-03-24 16:40:00+00:00,short,69875.77,69527.55,TP ✅,0.462,1.155,93.5515,1
U2. Momentum Score,2026-03-24 19:40:00+00:00,2026-03-24 20:20:00+00:00,short,69440.61,69833.77,SL ❌,0.9355,-0.9355,92.616,-1
U2. Momentum Score,2026-03-25 08:10:00+00:00,2026-03-25 08:15:00+00:00,short,70795.35,70965.91,SL ❌,0.9262,-0.9262,91.6898,-2
U2. Momentum Score,2026-03-25 08:25:00+00:00,2026-03-25 08:30:00+00:00,long,71214.69,71468.23,TP ✅,0.4584,1.1461,92.8359,1
U2. Momentum Score,2026-03-25 10:00:00+00:00,2026-03-25 10:45:00+00:00,long,71323.45,71534.49,TP ✅,0.9284,2.3209,95.1568,2
U2. Momentum Score,2026-03-25 13:00:00+00:00,2026-03-25 13:15:00+00:00,long,71759.34,71617.9,SL ❌,1.4274,-1.4274,93.7295,-1
U2. Momentum Score,2026-03-25 17:15:00+00:00,2026-03-25 17:25:00+00:00,short,70956.2,71155.15,SL ❌,0.9373,-0.9373,92.7922,-2
U2. Momentum Score,2026-03-25 18:30:00+00:00,2026-03-25 19:35:00+00:00,short,70915.25,70945.48,BE 〰,0.464,0.0,92.7922,0
U2. Momentum Score,2026-03-25 19:55:00+00:00,2026-03-25 20:40:00+00:00,short,70781.01,70892.05,SL ❌,0.9279,-0.9279,91.8643,-1
U2. Momentum Score,2026-03-26 08:10:00+00:00,2026-03-26 09:05:00+00:00,short,69924.09,70075.05,SL ❌,0.9186,-0.9186,90.9456,-2
U2. Momentum Score,2026-03-26 09:15:00+00:00,2026-03-26 09:20:00+00:00,short,69870.55,69950.63,SL ❌,0.4547,-0.4547,90.4909,-3
U2. Momentum Score,2026-03-26 09:30:00+00:00,2026-03-26 10:15:00+00:00,short,69518.16,69617.96,SL ❌,0.4525,-0.4525,90.0384,-4
U2. Momentum Score,2026-03-26 10:45:00+00:00,2026-03-26 11:00:00+00:00,short,69502.05,69593.64,SL ❌,0.4502,-0.4502,89.5882,-5
U2. Momentum Score,2026-03-26 12:45:00+00:00,2026-03-26 13:05:00+00:00,short,69386.9,69461.92,SL ❌,0.4479,-0.4479,89.1403,-6
U2. Momentum Score,2026-03-26 13:30:00+00:00,2026-03-26 13:35:00+00:00,short,69278.35,69354.88,SL ❌,0.4457,-0.4457,88.6946,-7
U2. Momentum Score,2026-03-26 14:45:00+00:00,2026-03-26 15:10:00+00:00,short,69441.44,69105.02,TP ✅,0.4435,1.1087,89.8033,1
U2. Momentum Score,2026-03-26 17:45:00+00:00,2026-03-26 17:55:00+00:00,short,68787.43,68448.48,TP ✅,0.898,2.2451,92.0484,2
U2. Momentum Score,2026-03-26 19:30:00+00:00,2026-03-26 19:35:00+00:00,short,68331.02,68539.85,SL ❌,1.3807,-1.3807,90.6676,-1
U2. Momentum Score,2026-03-27 09:55:00+00:00,2026-03-27 10:35:00+00:00,short,67670.02,67025.74,TP ✅,0.9067,2.2667,92.9343,1
U2. Momentum Score,2026-03-27 12:15:00+00:00,2026-03-27 13:30:00+00:00,short,66626.0,66415.66,TP ✅,0.9293,2.3234,95.2577,2
U2. Momentum Score,2026-03-27 16:00:00+00:00,2026-03-27 16:45:00+00:00,short,66003.92,65995.55,BE 〰,1.4289,0.0,95.2577,2
U2. Momentum Score,2026-03-27 17:25:00+00:00,2026-03-27 17:45:00+00:00,short,65862.75,65585.16,TP ✅,1.4289,3.5722,98.8298,3
U2. Momentum Score,2026-03-27 19:05:00+00:00,2026-03-27 19:15:00+00:00,short,65668.41,65842.4,SL ❌,1.9766,-1.9766,96.8532,-1
U2. Momentum Score,2026-03-27 20:25:00+00:00,2026-03-27 20:45:00+00:00,short,65824.49,65945.45,SL ❌,0.9685,-0.9685,95.8847,-2
U2. Momentum Score,2026-03-28 10:20:00+00:00,2026-03-28 10:25:00+00:00,short,66208.92,66125.45,TP ✅,0.4794,1.1986,97.0833,1
U2. Momentum Score,2026-03-28 11:40:00+00:00,2026-03-28 12:10:00+00:00,long,66284.59,66355.3,TP ✅,0.9708,2.4271,99.5104,2
U2. Momentum Score,2026-03-28 15:30:00+00:00,2026-03-28 15:50:00+00:00,long,67024.87,66941.19,SL ❌,1.4927,-1.4927,98.0177,-1
U2. Momentum Score,2026-03-28 18:05:00+00:00,2026-03-28 18:35:00+00:00,long,66866.13,66808.03,SL ❌,0.9802,-0.9802,97.0375,-2
U2. Momentum Score,2026-03-28 18:40:00+00:00,2026-03-28 19:10:00+00:00,long,66882.3,66789.86,SL ❌,0.4852,-0.4852,96.5523,-3
U2. Momentum Score,2026-03-28 20:00:00+00:00,2026-03-28 20:20:00+00:00,long,66950.6,66897.66,SL ❌,0.4828,-0.4828,96.0696,-4
U2. Momentum Score,2026-03-29 08:25:00+00:00,2026-03-29 08:30:00+00:00,short,66619.05,66660.59,SL ❌,0.4803,-0.4803,95.5892,-5
U2. Momentum Score,2026-03-29 09:20:00+00:00,2026-03-29 09:35:00+00:00,short,66604.62,66525.49,TP ✅,0.4779,1.1949,96.7841,1
U2. Momentum Score,2026-03-29 11:05:00+00:00,2026-03-29 11:35:00+00:00,long,66703.12,66848.8,TP ✅,0.9678,2.4196,99.2037,2
U2. Momentum Score,2026-03-29 12:25:00+00:00,2026-03-29 12:30:00+00:00,long,66732.72,66685.73,SL ❌,1.4881,-1.4881,97.7156,-1
U2. Momentum Score,2026-03-29 12:50:00+00:00,2026-03-29 13:05:00+00:00,long,66806.3,66537.98,SL ❌,0.9772,-0.9772,96.7385,-2
U2. Momentum Score,2026-03-29 15:10:00+00:00,2026-03-29 15:15:00+00:00,short,66472.85,66563.8,SL ❌,0.4837,-0.4837,96.2548,-3
U2. Momentum Score,2026-03-29 15:20:00+00:00,2026-03-29 15:50:00+00:00,short,66465.53,66467.06,BE 〰,0.4813,0.0,96.2548,0
U2. Momentum Score,2026-03-29 16:50:00+00:00,2026-03-29 17:15:00+00:00,short,66453.56,66335.09,TP ✅,0.9625,2.4064,98.6612,1
U2. Momentum Score,2026-03-29 18:20:00+00:00,2026-03-29 18:35:00+00:00,short,66322.84,66386.01,SL ❌,0.9866,-0.9866,97.6746,-1
U2. Momentum Score,2026-03-29 19:40:00+00:00,2026-03-29 20:00:00+00:00,short,66329.88,66378.63,SL ❌,0.9767,-0.9767,96.6978,-2
U2. Momentum Score,2026-03-30 11:00:00+00:00,2026-03-30 11:20:00+00:00,long,67477.57,67571.97,TP ✅,0.4835,1.2087,97.9065,1
U2. Momentum Score,2026-03-30 15:00:00+00:00,2026-03-30 15:05:00+00:00,long,67743.82,67562.48,SL ❌,0.9791,-0.9791,96.9275,-1
U2. Momentum Score,2026-03-30 15:35:00+00:00,2026-03-30 15:55:00+00:00,long,67765.12,67578.47,SL ❌,0.9693,-0.9693,95.9582,-2
U2. Momentum Score,2026-03-31 08:25:00+00:00,2026-03-31 08:30:00+00:00,short,67263.38,67108.41,TP ✅,0.4798,1.1995,97.1577,1
U2. Momentum Score,2026-03-31 14:50:00+00:00,2026-03-31 15:05:00+00:00,short,66570.59,66908.8,SL ❌,0.9716,-0.9716,96.1861,-1
U2. Momentum Score,2026-03-31 15:25:00+00:00,2026-03-31 16:05:00+00:00,short,66928.89,66928.25,BE 〰,0.9619,0.0,96.1861,0
U2. Momentum Score,2026-03-31 16:10:00+00:00,2026-03-31 16:15:00+00:00,short,66812.27,66971.54,SL ❌,0.9619,-0.9619,95.2242,-1
U2. Momentum Score,2026-03-31 18:15:00+00:00,2026-03-31 18:30:00+00:00,long,67832.84,67676.23,SL ❌,0.9522,-0.9522,94.272,-2
U2. Momentum Score,2026-03-31 19:45:00+00:00,2026-03-31 19:50:00+00:00,long,67901.22,67812.24,SL ❌,0.4714,-0.4714,93.8006,-3
U2. Momentum Score,2026-03-31 20:00:00+00:00,2026-03-31 20:10:00+00:00,long,67820.97,68111.42,TP ✅,0.469,1.1725,94.9731,1
U2. Momentum Score,2026-04-01 09:20:00+00:00,2026-04-01 09:25:00+00:00,short,68368.17,68508.27,SL ❌,0.9497,-0.9497,94.0234,-1
U2. Momentum Score,2026-04-01 09:55:00+00:00,2026-04-01 10:05:00+00:00,long,68618.85,68542.12,SL ❌,0.9402,-0.9402,93.0832,-2
U2. Momentum Score,2026-04-01 11:10:00+00:00,2026-04-01 12:00:00+00:00,long,68558.87,68488.15,SL ❌,0.4654,-0.4654,92.6178,-3
U2. Momentum Score,2026-04-01 12:15:00+00:00,2026-04-01 12:20:00+00:00,long,68631.77,68548.76,SL ❌,0.4631,-0.4631,92.1547,-4
U2. Momentum Score,2026-04-01 13:35:00+00:00,2026-04-01 13:40:00+00:00,long,68504.62,68006.92,SL ❌,0.4608,-0.4608,91.6939,-5
U2. Momentum Score,2026-04-01 14:20:00+00:00,2026-04-01 14:35:00+00:00,long,68444.41,68325.3,SL ❌,0.4585,-0.4585,91.2354,-6
U2. Momentum Score,2026-04-01 17:35:00+00:00,2026-04-01 18:00:00+00:00,short,68439.48,67981.91,TP ✅,0.4562,1.1404,92.3759,1
U2. Momentum Score,2026-04-01 19:15:00+00:00,2026-04-01 19:25:00+00:00,short,68045.77,68170.12,SL ❌,0.9238,-0.9238,91.4521,-1
U2. Momentum Score,2026-04-01 20:00:00+00:00,2026-04-01 20:45:00+00:00,short,68076.95,68159.45,SL ❌,0.9145,-0.9145,90.5376,-2
U2. Momentum Score,2026-04-02 08:15:00+00:00,2026-04-02 08:35:00+00:00,short,66692.56,66547.78,TP ✅,0.4527,1.1317,91.6693,1
U2. Momentum Score,2026-04-02 10:35:00+00:00,2026-04-02 11:10:00+00:00,short,66424.45,66247.01,TP ✅,0.9167,2.2917,93.961,2
U2. Momentum Score,2026-04-02 11:30:00+00:00,2026-04-02 11:55:00+00:00,short,66395.49,66194.65,TP ✅,1.4094,3.5235,97.4846,3
U2. Momentum Score,2026-04-02 13:30:00+00:00,2026-04-02 13:50:00+00:00,short,65883.95,66105.94,SL ❌,1.9497,-1.9497,95.5349,-1
U2. Momentum Score,2026-04-02 14:35:00+00:00,2026-04-02 15:20:00+00:00,long,66853.04,66712.26,SL ❌,0.9553,-0.9553,94.5795,-2
U2. Momentum Score,2026-04-02 15:25:00+00:00,2026-04-02 17:00:00+00:00,long,66835.34,66879.77,BE 〰,0.4729,0.0,94.5795,0
U2. Momentum Score,2026-04-02 17:50:00+00:00,2026-04-02 18:15:00+00:00,short,66778.43,66784.18,BE 〰,0.9458,0.0,94.5795,0
U2. Momentum Score,2026-04-02 18:50:00+00:00,2026-04-02 19:30:00+00:00,long,66982.16,66884.28,SL ❌,0.9458,-0.9458,93.6337,-1
U2. Momentum Score,2026-04-02 20:30:00+00:00,2026-04-02 21:05:00+00:00,long,66999.75,66918.16,SL ❌,0.9363,-0.9363,92.6974,-2
U2. Momentum Score,2026-04-03 10:55:00+00:00,2026-04-03 11:10:00+00:00,long,66879.49,66832.55,SL ❌,0.4635,-0.4635,92.2339,-3
U2. Momentum Score,2026-04-03 18:25:00+00:00,2026-04-03 18:40:00+00:00,long,66888.41,66843.06,SL ❌,0.4612,-0.4612,91.7727,-4
U2. Momentum Score,2026-04-03 19:50:00+00:00,2026-04-03 20:55:00+00:00,long,66874.2,66842.6,SL ❌,0.4589,-0.4589,91.3139,-5
U2. Momentum Score,2026-04-04 09:50:00+00:00,2026-04-04 10:10:00+00:00,long,66957.16,66920.42,SL ❌,0.4566,-0.4566,90.8573,-6
U2. Momentum Score,2026-04-04 10:40:00+00:00,2026-04-04 10:50:00+00:00,long,67030.56,67148.18,TP ✅,0.4543,1.1357,91.993,1
U2. Momentum Score,2026-04-04 13:20:00+00:00,2026-04-04 13:35:00+00:00,long,67090.92,67229.01,TP ✅,0.9199,2.2998,94.2929,2
U2. Momentum Score,2026-04-04 15:00:00+00:00,2026-04-04 15:10:00+00:00,long,67186.26,67379.13,TP ✅,1.4144,3.536,97.8288,3
U2. Momentum Score,2026-04-04 17:25:00+00:00,2026-04-04 17:35:00+00:00,long,67399.76,67336.55,SL ❌,1.9566,-1.9566,95.8723,-1
U2. Momentum Score,2026-04-04 19:05:00+00:00,2026-04-04 19:25:00+00:00,long,67409.79,67360.95,SL ❌,0.9587,-0.9587,94.9135,-2
U2. Momentum Score,2026-04-05 09:15:00+00:00,2026-04-05 09:25:00+00:00,long,66919.6,67001.05,TP ✅,0.4746,1.1864,96.1,1
U2. Momentum Score,2026-04-05 10:35:00+00:00,2026-04-05 10:40:00+00:00,long,67095.8,67040.58,SL ❌,0.961,-0.961,95.139,-1
U2. Momentum Score,2026-04-05 10:55:00+00:00,2026-04-05 11:25:00+00:00,long,67033.01,66979.57,SL ❌,0.9514,-0.9514,94.1876,-2
U2. Momentum Score,2026-04-05 14:00:00+00:00,2026-04-05 14:10:00+00:00,long,66930.84,66865.96,SL ❌,0.4709,-0.4709,93.7166,-3
U2. Momentum Score,2026-04-05 14:40:00+00:00,2026-04-05 14:45:00+00:00,long,66942.19,66898.7,SL ❌,0.4686,-0.4686,93.248,-4
U2. Momentum Score,2026-04-05 15:10:00+00:00,2026-04-05 15:25:00+00:00,long,66941.48,67427.82,TP ✅,0.4662,1.1656,94.4136,1
U2. Momentum Score,2026-04-05 17:30:00+00:00,2026-04-05 18:40:00+00:00,long,67304.24,67407.84,TP ✅,0.9441,2.3603,96.774,2
U2. Momentum Score,2026-04-05 20:20:00+00:00,2026-04-05 20:35:00+00:00,long,67409.08,67634.62,TP ✅,1.4516,3.629,100.403,3
U2. Momentum Score,2026-04-06 10:30:00+00:00,2026-04-06 10:55:00+00:00,long,69817.55,69730.77,SL ❌,2.0081,-2.0081,98.395,-1
U2. Momentum Score,2026-04-06 13:35:00+00:00,2026-04-06 13:40:00+00:00,short,69290.49,69367.76,SL ❌,0.9839,-0.9839,97.411,-2
U2. Momentum Score,2026-04-06 13:45:00+00:00,2026-04-06 13:50:00+00:00,short,69307.7,69410.34,SL ❌,0.4871,-0.4871,96.9239,-3
U2. Momentum Score,2026-04-06 14:00:00+00:00,2026-04-06 14:15:00+00:00,short,69284.92,69372.76,SL ❌,0.4846,-0.4846,96.4393,-4
U2. Momentum Score,2026-04-06 14:20:00+00:00,2026-04-06 14:35:00+00:00,long,69509.78,69406.07,SL ❌,0.4822,-0.4822,95.9571,-5
U2. Momentum Score,2026-04-06 14:50:00+00:00,2026-04-06 15:50:00+00:00,long,69580.62,69903.57,TP ✅,0.4798,1.1995,97.1566,1
U2. Momentum Score,2026-04-06 17:10:00+00:00,2026-04-06 17:25:00+00:00,short,69344.39,69523.33,SL ❌,0.9716,-0.9716,96.185,-1
U2. Momentum Score,2026-04-06 18:15:00+00:00,2026-04-06 19:05:00+00:00,long,69766.74,69617.28,SL ❌,0.9618,-0.9618,95.2232,-2
U2. Momentum Score,2026-04-06 19:20:00+00:00,2026-04-06 19:35:00+00:00,long,69837.34,69770.32,SL ❌,0.4761,-0.4761,94.7471,-3
U2. Momentum Score,2026-04-06 20:15:00+00:00,2026-04-06 21:00:00+00:00,long,69822.1,69753.15,BE 〰,0.4737,0.0,94.7471,0
U2. Momentum Score,2026-04-07 12:30:00+00:00,2026-04-07 12:55:00+00:00,short,68337.18,68412.97,SL ❌,0.9475,-0.9475,93.7996,-1
U2. Momentum Score,2026-04-07 13:05:00+00:00,2026-04-07 13:20:00+00:00,long,68607.77,68484.32,SL ❌,0.938,-0.938,92.8616,-2
U2. Momentum Score,2026-04-07 13:45:00+00:00,2026-04-07 13:50:00+00:00,short,68205.89,68354.49,SL ❌,0.4643,-0.4643,92.3973,-3
U2. Momentum Score,2026-04-07 17:25:00+00:00,2026-04-07 17:35:00+00:00,long,68363.87,68781.11,TP ✅,0.462,1.155,93.5523,1
U2. Momentum Score,2026-04-07 18:50:00+00:00,2026-04-07 19:15:00+00:00,short,68372.33,68541.71,SL ❌,0.9355,-0.9355,92.6167,-1
U2. Momentum Score,2026-04-07 19:25:00+00:00,2026-04-07 19:30:00+00:00,long,68601.55,68490.41,SL ❌,0.9262,-0.9262,91.6906,-2
U2. Momentum Score,2026-04-07 19:45:00+00:00,2026-04-07 20:00:00+00:00,long,68885.13,69341.69,TP ✅,0.4585,1.1461,92.8367,1
U2. Momentum Score,2026-04-08 08:15:00+00:00,2026-04-08 08:35:00+00:00,long,71762.02,71702.87,SL ❌,0.9284,-0.9284,91.9083,-1
U2. Momentum Score,2026-04-08 08:45:00+00:00,2026-04-08 09:00:00+00:00,long,71712.68,71854.09,TP ✅,0.9191,2.2977,94.206,1
U2. Momentum Score,2026-04-08 09:45:00+00:00,2026-04-08 09:50:00+00:00,short,71615.01,71676.28,SL ❌,0.9421,-0.9421,93.264,-1
U2. Momentum Score,2026-04-08 11:20:00+00:00,2026-04-08 11:25:00+00:00,short,71530.53,71642.0,SL ❌,0.9326,-0.9326,92.3313,-2
U2. Momentum Score,2026-04-08 11:35:00+00:00,2026-04-08 11:40:00+00:00,short,71417.46,71523.95,SL ❌,0.4617,-0.4617,91.8697,-3
U2. Momentum Score,2026-04-08 11:50:00+00:00,2026-04-08 12:35:00+00:00,long,71702.69,71937.93,TP ✅,0.4593,1.1484,93.018,1
U2. Momentum Score,2026-04-08 13:50:00+00:00,2026-04-08 14:30:00+00:00,short,71612.2,71103.41,TP ✅,0.9302,2.3255,95.3435,2
U2. Momentum Score,2026-04-08 18:15:00+00:00,2026-04-08 18:20:00+00:00,long,71674.07,71432.85,SL ❌,1.4302,-1.4302,93.9133,-1
U2. Momentum Score,2026-04-08 18:25:00+00:00,2026-04-08 18:30:00+00:00,short,71366.11,71497.31,SL ❌,0.9391,-0.9391,92.9742,-2
U2. Momentum Score,2026-04-08 20:45:00+00:00,2026-04-08 20:55:00+00:00,short,71309.05,71367.48,SL ❌,0.4649,-0.4649,92.5093,-3
U2. Momentum Score,2026-04-09 08:30:00+00:00,2026-04-09 08:40:00+00:00,long,71108.8,71234.46,TP ✅,0.4625,1.1564,93.6657,1
U2. Momentum Score,2026-04-09 12:20:00+00:00,2026-04-09 12:25:00+00:00,short,71059.3,71265.88,SL ❌,0.9367,-0.9367,92.7291,-1
U2. Momentum Score,2026-04-09 12:40:00+00:00,2026-04-09 13:05:00+00:00,long,71209.68,71125.06,SL ❌,0.9273,-0.9273,91.8018,-2
U2. Momentum Score,2026-04-09 14:55:00+00:00,2026-04-09 15:05:00+00:00,long,71116.17,70975.6,SL ❌,0.459,-0.459,91.3428,-3
U2. Momentum Score,2026-04-09 15:10:00+00:00,2026-04-09 15:20:00+00:00,long,71205.52,71476.11,TP ✅,0.4567,1.1418,92.4845,1
U2. Momentum Score,2026-04-09 17:00:00+00:00,2026-04-09 17:25:00+00:00,long,72271.95,72272.56,BE 〰,0.9248,0.0,92.4845,1
U2. Momentum Score,2026-04-09 18:30:00+00:00,2026-04-09 18:35:00+00:00,short,71774.89,71891.49,SL ❌,0.9248,-0.9248,91.5597,-1
U2. Momentum Score,2026-04-09 19:10:00+00:00,2026-04-09 19:20:00+00:00,long,72008.44,71799.42,SL ❌,0.9156,-0.9156,90.6441,-2
U2. Momentum Score,2026-04-09 19:40:00+00:00,2026-04-09 20:15:00+00:00,long,72086.08,72266.41,TP ✅,0.4532,1.1331,91.7771,1
U2. Momentum Score,2026-04-10 08:45:00+00:00,2026-04-10 09:05:00+00:00,short,71576.84,71685.79,SL ❌,0.9178,-0.9178,90.8594,-1
U2. Momentum Score,2026-04-10 10:35:00+00:00,2026-04-10 10:40:00+00:00,short,71748.48,71811.95,SL ❌,0.9086,-0.9086,89.9508,-2
U2. Momentum Score,2026-04-10 12:30:00+00:00,2026-04-10 12:35:00+00:00,long,72354.94,72234.23,SL ❌,0.4498,-0.4498,89.501,-3
U2. Momentum Score,2026-04-10 13:55:00+00:00,2026-04-10 14:10:00+00:00,long,72353.12,72703.45,TP ✅,0.4475,1.1188,90.6198,1
U2. Momentum Score,2026-04-10 16:45:00+00:00,2026-04-10 16:55:00+00:00,long,72792.77,73034.77,TP ✅,0.9062,2.2655,92.8853,2
U2. Momentum Score,2026-04-10 19:55:00+00:00,2026-04-10 20:35:00+00:00,long,73234.45,73109.27,SL ❌,1.3933,-1.3933,91.492,-1
U2. Momentum Score,2026-04-11 08:35:00+00:00,2026-04-11 08:45:00+00:00,short,72735.49,72770.07,SL ❌,0.9149,-0.9149,90.5771,-2
U2. Momentum Score,2026-04-11 09:20:00+00:00,2026-04-11 09:30:00+00:00,long,72903.59,72853.52,SL ❌,0.4529,-0.4529,90.1242,-3
U2. Momentum Score,2026-04-11 11:05:00+00:00,2026-04-11 11:25:00+00:00,long,72914.4,72880.64,SL ❌,0.4506,-0.4506,89.6736,-4
U2. Momentum Score,2026-04-11 11:50:00+00:00,2026-04-11 12:05:00+00:00,long,72911.15,72964.66,TP ✅,0.4484,1.1209,90.7945,1
U2. Momentum Score,2026-04-11 12:35:00+00:00,2026-04-11 13:00:00+00:00,long,72926.66,72847.79,SL ❌,0.9079,-0.9079,89.8866,-1
U2. Momentum Score,2026-04-11 13:05:00+00:00,2026-04-11 13:10:00+00:00,short,72782.58,72594.53,TP ✅,0.8989,2.2472,92.1337,1
U2. Momentum Score,2026-04-11 14:30:00+00:00,2026-04-11 14:55:00+00:00,short,72710.64,72745.45,SL ❌,0.9213,-0.9213,91.2124,-1
U2. Momentum Score,2026-04-11 18:10:00+00:00,2026-04-11 18:20:00+00:00,long,73111.91,73230.62,TP ✅,0.9121,2.2803,93.4927,1
U2. Momentum Score,2026-04-12 08:10:00+00:00,2026-04-12 08:15:00+00:00,short,71654.59,71683.77,SL ❌,0.9349,-0.9349,92.5578,-1
U2. Momentum Score,2026-04-12 08:40:00+00:00,2026-04-12 08:45:00+00:00,long,71778.58,71671.68,SL ❌,0.9256,-0.9256,91.6322,-2
U2. Momentum Score,2026-04-12 08:50:00+00:00,2026-04-12 09:45:00+00:00,short,71641.64,71547.71,TP ✅,0.4582,1.1454,92.7776,1
U2. Momentum Score,2026-04-12 10:35:00+00:00,2026-04-12 10:50:00+00:00,short,71580.67,71435.13,TP ✅,0.9278,2.3194,95.097,2
U2. Momentum Score,2026-04-12 12:50:00+00:00,2026-04-12 13:00:00+00:00,short,71210.23,70971.16,TP ✅,1.4265,3.5661,98.6632,3
U2. Momentum Score,2026-04-12 14:35:00+00:00,2026-04-12 14:40:00+00:00,short,70995.62,70847.63,TP ✅,1.9733,4.9332,103.5963,4
U2. Momentum Score,2026-04-12 16:45:00+00:00,2026-04-12 17:00:00+00:00,short,70878.34,71011.29,SL ❌,2.0719,-2.0719,101.5244,-1
U2. Momentum Score,2026-04-12 19:35:00+00:00,2026-04-12 19:40:00+00:00,short,71102.66,71134.73,SL ❌,1.0152,-1.0152,100.5092,-2
U2. Momentum Score,2026-04-12 19:45:00+00:00,2026-04-12 20:05:00+00:00,short,71131.17,71041.02,TP ✅,0.5025,1.2564,101.7655,1
U2. Momentum Score,2026-04-13 09:10:00+00:00,2026-04-13 09:25:00+00:00,short,70719.39,70791.6,SL ❌,1.0177,-1.0177,100.7479,-1
U2. Momentum Score,2026-04-13 10:50:00+00:00,2026-04-13 11:00:00+00:00,short,70756.45,70822.97,SL ❌,1.0075,-1.0075,99.7404,-2
U2. Momentum Score,2026-04-13 12:30:00+00:00,2026-04-13 12:50:00+00:00,short,70860.34,71141.66,SL ❌,0.4987,-0.4987,99.2417,-3
U2. Momentum Score,2026-04-13 13:45:00+00:00,2026-04-13 13:55:00+00:00,long,71337.41,71608.93,TP ✅,0.4962,1.2405,100.4822,1
U2. Momentum Score,2026-04-13 16:10:00+00:00,2026-04-13 16:30:00+00:00,long,71990.71,72324.04,TP ✅,1.0048,2.5121,102.9943,2
U2. Momentum Score,2026-04-13 18:35:00+00:00,2026-04-13 19:20:00+00:00,long,72337.74,72634.14,TP ✅,1.5449,3.8623,106.8565,3
U2. Momentum Score,2026-04-14 08:25:00+00:00,2026-04-14 08:30:00+00:00,long,74614.85,74779.54,TP ✅,2.1371,5.3428,112.1994,4
U2. Momentum Score,2026-04-14 11:25:00+00:00,2026-04-14 12:10:00+00:00,short,74420.33,74314.99,TP ✅,2.244,5.61,117.8093,5
U2. Momentum Score,2026-04-14 12:20:00+00:00,2026-04-14 12:55:00+00:00,short,74348.01,74457.59,SL ❌,2.3562,-2.3562,115.4532,-1
U2. Momentum Score,2026-04-14 15:45:00+00:00,2026-04-14 16:05:00+00:00,long,75220.45,75543.14,TP ✅,1.1545,2.8863,118.3395,1
U2. Momentum Score,2026-04-14 18:20:00+00:00,2026-04-14 18:35:00+00:00,short,74623.05,74309.12,TP ✅,1.1834,2.9585,121.298,2
U2. Momentum Score,2026-04-14 20:20:00+00:00,2026-04-14 20:30:00+00:00,short,74150.95,74277.2,SL ❌,1.8195,-1.8195,119.4785,-1
U2. Momentum Score,2026-04-15 09:30:00+00:00,2026-04-15 09:55:00+00:00,short,73954.5,74033.46,SL ❌,1.1948,-1.1948,118.2837,-2
U2. Momentum Score,2026-04-15 10:25:00+00:00,2026-04-15 10:40:00+00:00,short,73934.84,74080.66,SL ❌,0.5914,-0.5914,117.6923,-3
U2. Momentum Score,2026-04-15 10:55:00+00:00,2026-04-15 11:05:00+00:00,short,73890.9,74019.35,SL ❌,0.5885,-0.5885,117.1038,-4
U2. Momentum Score,2026-04-15 11:15:00+00:00,2026-04-15 11:40:00+00:00,short,73990.38,74087.86,SL ❌,0.5855,-0.5855,116.5183,-5
U2. Momentum Score,2026-04-15 13:35:00+00:00,2026-04-15 13:50:00+00:00,short,74143.78,73864.38,TP ✅,0.5826,1.4565,117.9748,1
U2. Momentum Score,2026-04-15 14:20:00+00:00,2026-04-15 14:35:00+00:00,long,74464.42,74013.13,SL ❌,1.1797,-1.1797,116.795,-1
U2. Momentum Score,2026-04-15 14:40:00+00:00,2026-04-15 14:50:00+00:00,short,73977.29,74165.99,SL ❌,1.168,-1.168,115.6271,-2
U2. Momentum Score,2026-04-15 15:10:00+00:00,2026-04-15 15:20:00+00:00,long,74311.38,74068.79,SL ❌,0.5781,-0.5781,115.049,-3
U2. Momentum Score,2026-04-15 16:40:00+00:00,2026-04-15 17:00:00+00:00,short,73918.84,74083.71,SL ❌,0.5752,-0.5752,114.4737,-4
U2. Momentum Score,2026-04-15 20:50:00+00:00,2026-04-15 21:10:00+00:00,long,74876.2,74749.75,SL ❌,0.5724,-0.5724,113.9013,-5
U2. Momentum Score,2026-04-16 08:50:00+00:00,2026-04-16 09:15:00+00:00,short,74704.9,74847.75,SL ❌,0.5695,-0.5695,113.3318,-6
U2. Momentum Score,2026-04-16 09:45:00+00:00,2026-04-16 10:10:00+00:00,short,74628.94,74453.12,TP ✅,0.5667,1.4166,114.7485,1
U2. Momentum Score,2026-04-16 11:30:00+00:00,2026-04-16 11:50:00+00:00,short,74423.61,74567.48,SL ❌,1.1475,-1.1475,113.601,-1
U2. Momentum Score,2026-04-16 13:05:00+00:00,2026-04-16 13:25:00+00:00,long,74763.53,74980.48,TP ✅,1.136,2.84,116.441,1
U2. Momentum Score,2026-04-16 13:40:00+00:00,2026-04-16 13:50:00+00:00,short,74619.17,73428.18,TP ✅,1.1644,2.911,119.3521,2
U2. Momentum Score,2026-04-16 15:50:00+00:00,2026-04-16 16:25:00+00:00,long,74642.62,74587.99,BE 〰,1.7903,0.0,119.3521,2
U2. Momentum Score,2026-04-16 16:45:00+00:00,2026-04-16 17:20:00+00:00,short,74335.34,74265.06,BE 〰,1.7903,0.0,119.3521,2
U2. Momentum Score,2026-04-16 18:35:00+00:00,2026-04-16 18:50:00+00:00,long,74536.12,74904.02,TP ✅,1.7903,4.4757,123.8278,3
U2. Momentum Score,2026-04-16 20:55:00+00:00,2026-04-16 21:15:00+00:00,long,75245.99,75109.96,SL ❌,2.4766,-2.4766,121.3512,-1
U2. Momentum Score,2026-04-17 10:30:00+00:00,2026-04-17 11:30:00+00:00,short,75311.25,75587.26,SL ❌,1.2135,-1.2135,120.1377,-2
U2. Momentum Score,2026-04-17 16:00:00+00:00,2026-04-17 16:45:00+00:00,long,77949.14,77994.0,BE 〰,0.6007,0.0,120.1377,0
U2. Momentum Score,2026-04-17 19:20:00+00:00,2026-04-17 20:30:00+00:00,long,77386.72,77231.26,SL ❌,1.2014,-1.2014,118.9363,-1
U2. Momentum Score,2026-04-18 09:55:00+00:00,2026-04-18 10:00:00+00:00,short,76631.26,76421.99,TP ✅,1.1894,2.9734,121.9097,1
U2. Momentum Score,2026-04-18 12:35:00+00:00,2026-04-18 12:40:00+00:00,short,76091.22,76210.81,SL ❌,1.2191,-1.2191,120.6906,-1
U2. Momentum Score,2026-04-18 13:15:00+00:00,2026-04-18 13:35:00+00:00,short,76150.89,75903.75,TP ✅,1.2069,3.0173,123.7079,1
U2. Momentum Score,2026-04-18 19:20:00+00:00,2026-04-18 20:30:00+00:00,short,75668.64,75766.23,SL ❌,1.2371,-1.2371,122.4708,-1
U2. Momentum Score,2026-04-19 08:25:00+00:00,2026-04-19 08:40:00+00:00,short,75180.01,75265.48,SL ❌,1.2247,-1.2247,121.2461,-2
U2. Momentum Score,2026-04-19 09:10:00+00:00,2026-04-19 09:45:00+00:00,short,75209.05,75041.97,TP ✅,0.6062,1.5156,122.7617,1
U2. Momentum Score,2026-04-19 10:35:00+00:00,2026-04-19 10:45:00+00:00,short,75098.63,75158.86,SL ❌,1.2276,-1.2276,121.5341,-1
U2. Momentum Score,2026-04-19 12:30:00+00:00,2026-04-19 12:35:00+00:00,long,75577.99,75509.32,SL ❌,1.2153,-1.2153,120.3187,-2
U2. Momentum Score,2026-04-19 12:50:00+00:00,2026-04-19 13:05:00+00:00,long,75588.34,75804.0,TP ✅,0.6016,1.504,121.8227,1
U2. Momentum Score,2026-04-19 14:25:00+00:00,2026-04-19 14:30:00+00:00,long,75999.41,75892.67,SL ❌,1.2182,-1.2182,120.6045,-1
U2. Momentum Score,2026-04-19 14:35:00+00:00,2026-04-19 15:30:00+00:00,long,75962.48,75779.02,SL ❌,1.206,-1.206,119.3984,-2
U2. Momentum Score,2026-04-19 16:15:00+00:00,2026-04-19 17:00:00+00:00,short,75643.35,75199.98,TP ✅,0.597,1.4925,120.8909,1
U2. Momentum Score,2026-04-19 20:00:00+00:00,2026-04-19 20:30:00+00:00,short,74764.69,74900.47,SL ❌,1.2089,-1.2089,119.682,-1
U2. Momentum Score,2026-04-20 08:15:00+00:00,2026-04-20 08:25:00+00:00,long,75020.86,74849.24,SL ❌,1.1968,-1.1968,118.4852,-2
U2. Momentum Score,2026-04-20 09:05:00+00:00,2026-04-20 10:05:00+00:00,long,74982.81,75290.74,TP ✅,0.5924,1.4811,119.9662,1
U2. Momentum Score,2026-04-20 11:15:00+00:00,2026-04-20 12:15:00+00:00,long,75236.01,75483.64,TP ✅,1.1997,2.9992,122.9654,2
U2. Momentum Score,2026-04-20 14:15:00+00:00,2026-04-20 14:40:00+00:00,long,75334.61,75376.21,BE 〰,1.8445,0.0,122.9654,2
U2. Momentum Score,2026-04-20 15:00:00+00:00,2026-04-20 15:10:00+00:00,short,74836.03,75090.4,SL ❌,1.8445,-1.8445,121.1209,-1
U2. Momentum Score,2026-04-20 15:20:00+00:00,2026-04-20 16:05:00+00:00,long,75468.82,75493.01,BE 〰,1.2112,0.0,121.1209,0
U2. Momentum Score,2026-04-20 17:05:00+00:00,2026-04-20 17:15:00+00:00,long,75603.64,75899.61,TP ✅,1.2112,3.028,124.1489,1
U2. Momentum Score,2026-04-20 19:30:00+00:00,2026-04-20 21:05:00+00:00,long,76266.56,76187.03,SL ❌,1.2415,-1.2415,122.9075,-1
U2. Momentum Score,2026-04-21 10:00:00+00:00,2026-04-21 10:45:00+00:00,long,76452.05,76764.01,TP ✅,1.2291,3.0727,125.9801,1
U2. Momentum Score,2026-04-21 11:20:00+00:00,2026-04-21 11:40:00+00:00,long,76712.14,76511.02,SL ❌,1.2598,-1.2598,124.7203,-1
U2. Momentum Score,2026-04-21 14:15:00+00:00,2026-04-21 14:45:00+00:00,long,76193.44,76236.93,BE 〰,1.2472,0.0,124.7203,0
U2. Momentum Score,2026-04-21 14:55:00+00:00,2026-04-21 15:15:00+00:00,short,75687.48,75979.95,SL ❌,1.2472,-1.2472,123.4731,-1
U2. Momentum Score,2026-04-21 16:30:00+00:00,2026-04-21 16:40:00+00:00,long,76090.98,75907.25,SL ❌,1.2347,-1.2347,122.2384,-2
U2. Momentum Score,2026-04-21 17:00:00+00:00,2026-04-21 17:15:00+00:00,short,75752.82,75107.18,TP ✅,0.6112,1.528,123.7664,1
U2. Momentum Score,2026-04-21 18:35:00+00:00,2026-04-21 19:00:00+00:00,short,75538.97,75752.82,SL ❌,1.2377,-1.2377,122.5287,-1
U2. Momentum Score,2026-04-21 19:35:00+00:00,2026-04-21 19:40:00+00:00,short,75278.0,74874.37,TP ✅,1.2253,3.0632,125.5919,1
U2. Momentum Score,2026-04-22 08:55:00+00:00,2026-04-22 11:00:00+00:00,long,78029.69,78232.76,TP ✅,1.2559,3.1398,128.7317,2
U2. Momentum Score,2026-04-22 13:00:00+00:00,2026-04-22 13:40:00+00:00,long,78329.0,78657.92,TP ✅,1.931,4.8274,133.5592,3
U2. Momentum Score,2026-04-22 17:50:00+00:00,2026-04-22 19:00:00+00:00,long,79024.01,78826.01,SL ❌,2.6712,-2.6712,130.888,-1
U2. Momentum Score,2026-04-22 19:25:00+00:00,2026-04-22 19:35:00+00:00,long,79062.64,78904.43,SL ❌,1.3089,-1.3089,129.5791,-2
U2. Momentum Score,2026-04-23 11:30:00+00:00,2026-04-23 11:35:00+00:00,short,77409.9,77550.71,SL ❌,0.6479,-0.6479,128.9312,-3
U2. Momentum Score,2026-04-23 13:25:00+00:00,2026-04-23 14:05:00+00:00,short,77627.55,77630.2,BE 〰,0.6447,0.0,128.9312,0
U2. Momentum Score,2026-04-23 16:45:00+00:00,2026-04-23 16:50:00+00:00,long,78363.25,78151.0,SL ❌,1.2893,-1.2893,127.6419,-1
U2. Momentum Score,2026-04-23 17:00:00+00:00,2026-04-23 17:25:00+00:00,short,77949.99,77625.79,TP ✅,1.2764,3.191,130.833,1
U2. Momentum Score,2026-04-23 18:10:00+00:00,2026-04-23 18:55:00+00:00,long,78000.02,77739.09,SL ❌,1.3083,-1.3083,129.5246,-1
U2. Momentum Score,2026-04-23 19:00:00+00:00,2026-04-23 19:15:00+00:00,short,77652.74,77853.4,SL ❌,1.2952,-1.2952,128.2294,-2
U2. Momentum Score,2026-04-23 20:25:00+00:00,2026-04-23 20:30:00+00:00,short,77759.49,77882.61,SL ❌,0.6411,-0.6411,127.5882,-3
U2. Momentum Score,2026-04-23 20:35:00+00:00,2026-04-23 21:00:00+00:00,long,77998.11,77862.35,SL ❌,0.6379,-0.6379,126.9503,-4
U2. Momentum Score,2026-04-24 08:20:00+00:00,2026-04-24 08:30:00+00:00,long,77942.78,77805.16,SL ❌,0.6348,-0.6348,126.3155,-5
U2. Momentum Score,2026-04-24 08:35:00+00:00,2026-04-24 09:00:00+00:00,long,77830.64,77720.21,SL ❌,0.6316,-0.6316,125.684,-6
U2. Momentum Score,2026-04-24 09:05:00+00:00,2026-04-24 09:15:00+00:00,short,77467.68,77583.55,SL ❌,0.6284,-0.6284,125.0555,-7
U2. Momentum Score,2026-04-24 13:00:00+00:00,2026-04-24 13:20:00+00:00,long,78386.41,78280.77,SL ❌,0.6253,-0.6253,124.4303,-8
U2. Momentum Score,2026-04-24 14:00:00+00:00,2026-04-24 14:35:00+00:00,short,77914.08,78011.11,SL ❌,0.6222,-0.6222,123.8081,-9
U2. Momentum Score,2026-04-24 15:00:00+00:00,2026-04-24 15:40:00+00:00,short,77878.4,78004.96,SL ❌,0.619,-0.619,123.1891,-10
U2. Momentum Score,2026-04-24 15:50:00+00:00,2026-04-24 16:10:00+00:00,long,78018.02,77814.72,SL ❌,0.6159,-0.6159,122.5731,-11
U2. Momentum Score,2026-04-24 18:00:00+00:00,2026-04-24 18:15:00+00:00,short,77688.12,77437.53,TP ✅,0.6129,1.5322,124.1053,1
U2. Momentum Score,2026-04-24 18:50:00+00:00,2026-04-24 20:55:00+00:00,short,77608.1,77748.68,SL ❌,1.2411,-1.2411,122.8642,-1
U3. Stoch+BB+VWAP,2026-02-27 14:10:00+00:00,2026-02-27 14:30:00+00:00,short,66261.36,66286.68,BE 〰,1.0,0.0,100.0,0
U3. Stoch+BB+VWAP,2026-03-01 08:00:00+00:00,2026-03-01 08:10:00+00:00,short,67066.53,67259.24,SL ❌,1.0,-1.0,99.0,-1
U3. Stoch+BB+VWAP,2026-03-01 11:20:00+00:00,2026-03-01 12:35:00+00:00,short,66548.77,66326.52,TP ✅,0.99,2.475,101.475,1
U3. Stoch+BB+VWAP,2026-03-01 18:45:00+00:00,2026-03-01 19:15:00+00:00,short,66401.19,65995.22,TP ✅,1.0148,2.5369,104.0119,2
U3. Stoch+BB+VWAP,2026-03-02 17:45:00+00:00,2026-03-02 18:00:00+00:00,long,68945.09,68829.77,SL ❌,1.5602,-1.5602,102.4517,-1
U3. Stoch+BB+VWAP,2026-03-02 18:05:00+00:00,2026-03-02 18:50:00+00:00,long,69026.0,68991.96,BE 〰,1.0245,0.0,102.4517,0
U3. Stoch+BB+VWAP,2026-03-03 11:05:00+00:00,2026-03-03 11:35:00+00:00,short,66865.55,67033.24,SL ❌,1.0245,-1.0245,101.4272,-1
U3. Stoch+BB+VWAP,2026-03-03 11:50:00+00:00,2026-03-03 12:00:00+00:00,short,67009.03,67179.56,SL ❌,1.0143,-1.0143,100.4129,-2
U3. Stoch+BB+VWAP,2026-03-04 11:25:00+00:00,2026-03-04 11:35:00+00:00,long,71222.85,70965.61,SL ❌,0.5021,-0.5021,99.9108,-3
U3. Stoch+BB+VWAP,2026-03-04 11:40:00+00:00,2026-03-04 12:05:00+00:00,long,71081.62,70881.89,SL ❌,0.4996,-0.4996,99.4113,-4
U3. Stoch+BB+VWAP,2026-03-04 12:30:00+00:00,2026-03-04 12:50:00+00:00,long,70774.24,71115.12,TP ✅,0.4971,1.2426,100.6539,1
U3. Stoch+BB+VWAP,2026-03-04 20:25:00+00:00,2026-03-04 20:30:00+00:00,long,73541.71,73365.41,SL ❌,1.0065,-1.0065,99.6474,-1
U3. Stoch+BB+VWAP,2026-03-05 12:05:00+00:00,2026-03-05 12:15:00+00:00,long,72934.14,72745.28,SL ❌,0.9965,-0.9965,98.6509,-2
U3. Stoch+BB+VWAP,2026-03-05 19:20:00+00:00,2026-03-05 19:30:00+00:00,short,71283.44,71010.56,TP ✅,0.4933,1.2331,99.8841,1
U3. Stoch+BB+VWAP,2026-03-07 08:35:00+00:00,2026-03-07 09:00:00+00:00,short,67909.71,67754.11,TP ✅,0.9988,2.4971,102.3812,2
U3. Stoch+BB+VWAP,2026-03-07 17:30:00+00:00,2026-03-07 18:05:00+00:00,short,67871.44,67600.22,TP ✅,1.5357,3.8393,106.2204,3
U3. Stoch+BB+VWAP,2026-03-08 14:55:00+00:00,2026-03-08 16:30:00+00:00,short,67291.86,67023.64,TP ✅,2.1244,5.311,111.5315,4
U3. Stoch+BB+VWAP,2026-03-09 16:20:00+00:00,2026-03-09 16:30:00+00:00,long,68848.21,68729.26,SL ❌,2.2306,-2.2306,109.3008,-1
U3. Stoch+BB+VWAP,2026-03-09 20:45:00+00:00,2026-03-09 21:00:00+00:00,long,68828.45,69083.97,TP ✅,1.093,2.7325,112.0334,1
U3. Stoch+BB+VWAP,2026-03-10 11:05:00+00:00,2026-03-10 11:10:00+00:00,long,70784.84,70684.78,SL ❌,1.1203,-1.1203,110.913,-1
U3. Stoch+BB+VWAP,2026-03-10 20:25:00+00:00,2026-03-10 21:35:00+00:00,short,70236.64,69796.16,TP ✅,1.1091,2.7728,113.6859,1
U3. Stoch+BB+VWAP,2026-03-11 15:15:00+00:00,2026-03-11 15:30:00+00:00,long,70125.45,69874.46,SL ❌,1.1369,-1.1369,112.549,-1
U3. Stoch+BB+VWAP,2026-03-11 15:35:00+00:00,2026-03-11 15:45:00+00:00,long,70197.96,69963.46,SL ❌,1.1255,-1.1255,111.4235,-2
U3. Stoch+BB+VWAP,2026-03-12 13:35:00+00:00,2026-03-12 13:45:00+00:00,long,70267.05,69913.8,SL ❌,0.5571,-0.5571,110.8664,-3
U3. Stoch+BB+VWAP,2026-03-13 20:25:00+00:00,2026-03-13 20:45:00+00:00,short,71302.25,71432.2,SL ❌,0.5543,-0.5543,110.3121,-4
U3. Stoch+BB+VWAP,2026-03-13 20:55:00+00:00,2026-03-13 21:05:00+00:00,short,71357.4,71482.95,SL ❌,0.5516,-0.5516,109.7605,-5
U3. Stoch+BB+VWAP,2026-03-14 09:15:00+00:00,2026-03-14 09:45:00+00:00,short,70661.97,70435.73,TP ✅,0.5488,1.372,111.1325,1
U3. Stoch+BB+VWAP,2026-03-16 10:05:00+00:00,2026-03-16 10:20:00+00:00,short,73327.36,73464.72,SL ❌,1.1113,-1.1113,110.0212,-1
U3. Stoch+BB+VWAP,2026-03-16 19:55:00+00:00,2026-03-16 21:00:00+00:00,long,73962.58,74282.22,TP ✅,1.1002,2.7505,112.7717,1
U3. Stoch+BB+VWAP,2026-03-18 08:55:00+00:00,2026-03-18 09:05:00+00:00,short,74030.09,74125.13,SL ❌,1.1277,-1.1277,111.644,-1
U3. Stoch+BB+VWAP,2026-03-18 17:50:00+00:00,2026-03-18 18:00:00+00:00,short,71578.88,71854.16,SL ❌,1.1164,-1.1164,110.5275,-2
U3. Stoch+BB+VWAP,2026-03-19 14:05:00+00:00,2026-03-19 14:25:00+00:00,short,69728.88,69164.67,TP ✅,0.5526,1.3816,111.9091,1
U3. Stoch+BB+VWAP,2026-03-19 16:00:00+00:00,2026-03-19 16:25:00+00:00,short,69512.56,69534.56,BE 〰,1.1191,0.0,111.9091,1
U3. Stoch+BB+VWAP,2026-03-20 16:20:00+00:00,2026-03-20 17:30:00+00:00,short,70018.51,69554.84,TP ✅,1.1191,2.7977,114.7069,2
U3. Stoch+BB+VWAP,2026-03-21 18:35:00+00:00,2026-03-21 19:35:00+00:00,short,70451.95,70346.77,TP ✅,1.7206,4.3015,119.0084,3
U3. Stoch+BB+VWAP,2026-03-24 11:25:00+00:00,2026-03-24 11:40:00+00:00,long,71053.98,71277.16,TP ✅,2.3802,5.9504,124.9588,4
U3. Stoch+BB+VWAP,2026-03-24 18:45:00+00:00,2026-03-24 19:10:00+00:00,short,69448.04,69594.95,SL ❌,2.4992,-2.4992,122.4596,-1
U3. Stoch+BB+VWAP,2026-03-24 19:20:00+00:00,2026-03-24 19:45:00+00:00,short,69578.56,69308.58,TP ✅,1.2246,3.0615,125.5211,1
U3. Stoch+BB+VWAP,2026-03-26 13:20:00+00:00,2026-03-26 13:30:00+00:00,short,69422.66,69278.35,TP ✅,1.2552,3.138,128.6591,2
U3. Stoch+BB+VWAP,2026-03-26 13:55:00+00:00,2026-03-26 14:05:00+00:00,short,69518.54,69647.99,SL ❌,1.9299,-1.9299,126.7293,-1
U3. Stoch+BB+VWAP,2026-03-27 15:45:00+00:00,2026-03-27 16:05:00+00:00,short,66298.78,65794.7,TP ✅,1.2673,3.1682,129.8975,1
U3. Stoch+BB+VWAP,2026-03-27 19:40:00+00:00,2026-03-27 19:55:00+00:00,short,65898.5,66041.45,SL ❌,1.299,-1.299,128.5985,-1
U3. Stoch+BB+VWAP,2026-03-28 12:05:00+00:00,2026-03-28 12:10:00+00:00,short,66266.69,66355.3,SL ❌,1.286,-1.286,127.3125,-2
U3. Stoch+BB+VWAP,2026-03-28 16:55:00+00:00,2026-03-28 17:35:00+00:00,long,66881.89,66827.16,SL ❌,0.6366,-0.6366,126.676,-3
U3. Stoch+BB+VWAP,2026-03-29 18:50:00+00:00,2026-03-29 19:55:00+00:00,short,66392.77,66290.3,TP ✅,0.6334,1.5835,128.2594,1
U3. Stoch+BB+VWAP,2026-03-31 11:20:00+00:00,2026-03-31 11:35:00+00:00,short,66592.8,66719.11,SL ❌,1.2826,-1.2826,126.9768,-1
U3. Stoch+BB+VWAP,2026-04-01 08:25:00+00:00,2026-04-01 09:05:00+00:00,long,68688.34,68464.44,SL ❌,1.2698,-1.2698,125.707,-2
U3. Stoch+BB+VWAP,2026-04-01 19:35:00+00:00,2026-04-01 19:45:00+00:00,short,68128.77,68249.81,SL ❌,0.6285,-0.6285,125.0785,-3
U3. Stoch+BB+VWAP,2026-04-02 10:35:00+00:00,2026-04-02 11:10:00+00:00,short,66424.45,66247.01,TP ✅,0.6254,1.5635,126.642,1
U3. Stoch+BB+VWAP,2026-04-04 12:25:00+00:00,2026-04-04 12:40:00+00:00,long,67099.63,67048.65,SL ❌,1.2664,-1.2664,125.3756,-1
U3. Stoch+BB+VWAP,2026-04-04 12:45:00+00:00,2026-04-04 13:35:00+00:00,long,67065.68,67229.01,TP ✅,1.2538,3.1344,128.51,1
U3. Stoch+BB+VWAP,2026-04-04 18:10:00+00:00,2026-04-04 18:30:00+00:00,long,67321.39,67296.06,SL ❌,1.2851,-1.2851,127.2249,-1
U3. Stoch+BB+VWAP,2026-04-05 09:05:00+00:00,2026-04-05 09:15:00+00:00,short,66889.07,66919.6,SL ❌,1.2722,-1.2722,125.9526,-2
U3. Stoch+BB+VWAP,2026-04-05 11:50:00+00:00,2026-04-05 12:00:00+00:00,long,66970.66,66912.42,SL ❌,0.6298,-0.6298,125.3229,-3
U3. Stoch+BB+VWAP,2026-04-05 14:10:00+00:00,2026-04-05 14:35:00+00:00,short,66865.96,66921.12,SL ❌,0.6266,-0.6266,124.6962,-4
U3. Stoch+BB+VWAP,2026-04-05 17:05:00+00:00,2026-04-05 17:20:00+00:00,long,67249.74,67181.32,SL ❌,0.6235,-0.6235,124.0728,-5
U3. Stoch+BB+VWAP,2026-04-06 11:35:00+00:00,2026-04-06 12:00:00+00:00,long,69654.65,69586.0,SL ❌,0.6204,-0.6204,123.4524,-6
U3. Stoch+BB+VWAP,2026-04-07 12:35:00+00:00,2026-04-07 13:05:00+00:00,short,68383.62,68607.77,SL ❌,0.6173,-0.6173,122.8351,-7
U3. Stoch+BB+VWAP,2026-04-07 13:20:00+00:00,2026-04-07 13:45:00+00:00,short,68484.32,68205.89,TP ✅,0.6142,1.5354,124.3706,1
U3. Stoch+BB+VWAP,2026-04-07 15:30:00+00:00,2026-04-07 16:00:00+00:00,short,68158.48,68303.84,SL ❌,1.2437,-1.2437,123.1269,-1
U3. Stoch+BB+VWAP,2026-04-08 16:25:00+00:00,2026-04-08 16:45:00+00:00,short,71421.09,71495.34,SL ❌,1.2313,-1.2313,121.8956,-2
U3. Stoch+BB+VWAP,2026-04-09 15:05:00+00:00,2026-04-09 15:10:00+00:00,short,70975.6,71205.52,SL ❌,0.6095,-0.6095,121.2861,-3
U3. Stoch+BB+VWAP,2026-04-09 18:35:00+00:00,2026-04-09 19:20:00+00:00,long,71891.49,71799.42,SL ❌,0.6064,-0.6064,120.6797,-4
U3. Stoch+BB+VWAP,2026-04-10 09:25:00+00:00,2026-04-10 09:35:00+00:00,short,71739.89,71853.77,SL ❌,0.6034,-0.6034,120.0763,-5
U3. Stoch+BB+VWAP,2026-04-10 16:05:00+00:00,2026-04-10 16:50:00+00:00,long,72590.5,72938.99,TP ✅,0.6004,1.501,121.5772,1
U3. Stoch+BB+VWAP,2026-04-11 10:50:00+00:00,2026-04-11 12:00:00+00:00,long,72844.02,72938.87,TP ✅,1.2158,3.0394,124.6167,2
U3. Stoch+BB+VWAP,2026-04-11 20:45:00+00:00,2026-04-11 20:55:00+00:00,long,73411.59,73331.3,SL ❌,1.8693,-1.8693,122.7474,-1
U3. Stoch+BB+VWAP,2026-04-13 09:05:00+00:00,2026-04-13 11:05:00+00:00,short,70797.27,70869.61,SL ❌,1.2275,-1.2275,121.5199,-2
U3. Stoch+BB+VWAP,2026-04-13 18:00:00+00:00,2026-04-13 18:40:00+00:00,long,72142.3,72392.36,TP ✅,0.6076,1.519,123.0389,1
U3. Stoch+BB+VWAP,2026-04-14 20:10:00+00:00,2026-04-14 20:55:00+00:00,short,74408.88,74052.28,TP ✅,1.2304,3.076,126.1149,2
U3. Stoch+BB+VWAP,2026-04-17 17:55:00+00:00,2026-04-17 18:00:00+00:00,long,77563.51,77365.9,SL ❌,1.8917,-1.8917,124.2232,-1
U3. Stoch+BB+VWAP,2026-04-18 20:10:00+00:00,2026-04-18 20:40:00+00:00,short,75725.66,75821.05,SL ❌,1.2422,-1.2422,122.981,-2
U3. Stoch+BB+VWAP,2026-04-18 20:55:00+00:00,2026-04-18 21:05:00+00:00,short,75784.94,75852.32,SL ❌,0.6149,-0.6149,122.3661,-3
U3. Stoch+BB+VWAP,2026-04-19 08:50:00+00:00,2026-04-19 09:20:00+00:00,short,75299.98,75084.59,TP ✅,0.6118,1.5296,123.8956,1
U3. Stoch+BB+VWAP,2026-04-22 12:45:00+00:00,2026-04-22 13:40:00+00:00,long,78215.99,78657.92,TP ✅,1.239,3.0974,126.993,2
U3. Stoch+BB+VWAP,2026-04-24 19:40:00+00:00,2026-04-24 20:55:00+00:00,short,77637.05,77748.68,SL ❌,1.9049,-1.9049,125.0881,-1
U4. EMA Pullback,2026-02-27 09:25:00+00:00,2026-02-27 09:35:00+00:00,long,68012.11,67796.16,SL ❌,1.0,-1.0,99.0,-1
U4. EMA Pullback,2026-02-28 19:30:00+00:00,2026-02-28 20:00:00+00:00,long,66199.2,66277.8,SL ❌,0.99,-0.99,98.01,-2
U4. EMA Pullback,2026-03-01 14:30:00+00:00,2026-03-01 14:40:00+00:00,long,66979.13,66820.55,SL ❌,0.49,-0.49,97.52,-3
U4. EMA Pullback,2026-03-03 14:30:00+00:00,2026-03-03 14:35:00+00:00,short,66830.73,67108.35,SL ❌,0.4876,-0.4876,97.0324,-4
U4. EMA Pullback,2026-03-04 08:25:00+00:00,2026-03-04 08:40:00+00:00,long,69292.49,69868.27,TP ✅,0.4852,1.2129,98.2453,1
U4. EMA Pullback,2026-03-05 09:50:00+00:00,2026-03-05 10:15:00+00:00,long,72571.62,72828.9,TP ✅,0.9825,2.4561,100.7014,2
U4. EMA Pullback,2026-03-06 11:40:00+00:00,2026-03-06 11:55:00+00:00,short,70388.7,70202.34,TP ✅,1.5105,3.7763,104.4777,3
U4. EMA Pullback,2026-03-07 16:20:00+00:00,2026-03-07 17:20:00+00:00,short,67838.82,67918.02,SL ❌,2.0896,-2.0896,102.3881,-1
U4. EMA Pullback,2026-03-08 09:55:00+00:00,2026-03-08 10:10:00+00:00,long,67733.98,67864.67,TP ✅,1.0239,2.5597,104.9478,1
U4. EMA Pullback,2026-03-09 09:10:00+00:00,2026-03-09 09:25:00+00:00,long,67747.0,68025.85,TP ✅,1.0495,2.6237,107.5715,2
U4. EMA Pullback,2026-03-10 08:00:00+00:00,2026-03-10 08:05:00+00:00,long,70457.14,70914.66,TP ✅,1.6136,4.0339,111.6055,3
U4. EMA Pullback,2026-03-10 15:40:00+00:00,2026-03-10 15:50:00+00:00,long,71221.5,70957.23,SL ❌,2.2321,-2.2321,109.3734,-1
U4. EMA Pullback,2026-03-10 15:55:00+00:00,2026-03-10 16:05:00+00:00,long,71360.66,71110.0,SL ❌,1.0937,-1.0937,108.2796,-2
U4. EMA Pullback,2026-03-11 08:15:00+00:00,2026-03-11 08:40:00+00:00,short,69620.94,69683.66,SL ❌,0.5414,-0.5414,107.7382,-3
U4. EMA Pullback,2026-03-12 16:15:00+00:00,2026-03-12 16:25:00+00:00,long,70256.07,70158.13,SL ❌,0.5387,-0.5387,107.1995,-4
U4. EMA Pullback,2026-03-12 16:30:00+00:00,2026-03-12 17:55:00+00:00,long,70298.02,70276.97,BE 〰,0.536,0.0,107.1995,0
U4. EMA Pullback,2026-03-14 10:25:00+00:00,2026-03-14 10:40:00+00:00,short,70458.98,70535.3,SL ❌,1.072,-1.072,106.1275,-1
U4. EMA Pullback,2026-03-15 18:30:00+00:00,2026-03-15 18:40:00+00:00,long,71784.17,71707.78,SL ❌,1.0613,-1.0613,105.0663,-2
U4. EMA Pullback,2026-03-16 13:10:00+00:00,2026-03-16 13:15:00+00:00,long,73971.27,73844.9,SL ❌,0.5253,-0.5253,104.5409,-3
U4. EMA Pullback,2026-03-16 17:35:00+00:00,2026-03-16 18:05:00+00:00,long,73946.88,74208.67,TP ✅,0.5227,1.3068,105.8477,1
U4. EMA Pullback,2026-03-17 09:50:00+00:00,2026-03-17 10:05:00+00:00,short,74031.12,73715.2,TP ✅,1.0585,2.6462,108.4939,2
U4. EMA Pullback,2026-03-17 13:25:00+00:00,2026-03-17 13:30:00+00:00,short,73692.55,73985.05,SL ❌,1.6274,-1.6274,106.8665,-1
U4. EMA Pullback,2026-03-17 18:30:00+00:00,2026-03-17 19:10:00+00:00,long,74586.5,74796.76,TP ✅,1.0687,2.6717,109.5381,1
U4. EMA Pullback,2026-03-18 11:25:00+00:00,2026-03-18 11:30:00+00:00,short,73784.62,73276.92,TP ✅,1.0954,2.7385,112.2766,2
U4. EMA Pullback,2026-03-19 11:35:00+00:00,2026-03-19 11:55:00+00:00,short,70061.56,69915.0,TP ✅,1.6841,4.2104,116.487,3
U4. EMA Pullback,2026-03-23 18:30:00+00:00,2026-03-23 18:50:00+00:00,long,71075.27,70976.02,SL ❌,2.3297,-2.3297,114.1572,-1
U4. EMA Pullback,2026-03-25 09:10:00+00:00,2026-03-25 09:45:00+00:00,long,71311.48,71112.1,SL ❌,1.1416,-1.1416,113.0157,-2
U4. EMA Pullback,2026-03-26 16:00:00+00:00,2026-03-26 17:30:00+00:00,short,68935.7,69104.58,SL ❌,0.5651,-0.5651,112.4506,-3
U4. EMA Pullback,2026-03-28 14:25:00+00:00,2026-03-28 15:30:00+00:00,long,66784.45,67024.87,TP ✅,0.5623,1.4056,113.8562,1
U4. EMA Pullback,2026-03-28 18:40:00+00:00,2026-03-28 19:10:00+00:00,long,66882.3,66789.86,SL ❌,1.1386,-1.1386,112.7176,-1
U4. EMA Pullback,2026-03-28 20:50:00+00:00,2026-03-28 21:00:00+00:00,long,66915.48,66865.71,SL ❌,1.1272,-1.1272,111.5905,-2
U4. EMA Pullback,2026-03-29 14:40:00+00:00,2026-03-29 15:00:00+00:00,short,66499.91,66606.3,SL ❌,0.558,-0.558,111.0325,-3
U4. EMA Pullback,2026-03-30 08:50:00+00:00,2026-03-30 08:55:00+00:00,long,67743.49,67619.66,SL ❌,0.5552,-0.5552,110.4774,-4
U4. EMA Pullback,2026-03-30 13:00:00+00:00,2026-03-30 13:20:00+00:00,long,67833.52,68039.06,TP ✅,0.5524,1.381,111.8583,1
U4. EMA Pullback,2026-03-30 18:05:00+00:00,2026-03-30 18:55:00+00:00,short,66746.67,66535.01,TP ✅,1.1186,2.7965,114.6548,2
U4. EMA Pullback,2026-04-02 09:45:00+00:00,2026-04-02 09:55:00+00:00,short,66372.58,66420.66,SL ❌,1.7198,-1.7198,112.935,-1
U4. EMA Pullback,2026-04-02 11:50:00+00:00,2026-04-02 12:05:00+00:00,short,66280.68,66098.6,TP ✅,1.1294,2.8234,115.7583,1
U4. EMA Pullback,2026-04-02 19:50:00+00:00,2026-04-02 20:00:00+00:00,long,66997.62,66822.55,SL ❌,1.1576,-1.1576,114.6008,-1
U4. EMA Pullback,2026-04-03 12:25:00+00:00,2026-04-03 12:30:00+00:00,long,67099.05,66935.28,SL ❌,1.146,-1.146,113.4547,-2
U4. EMA Pullback,2026-04-04 14:20:00+00:00,2026-04-04 14:30:00+00:00,long,67192.04,67165.95,SL ❌,0.5673,-0.5673,112.8875,-3
U4. EMA Pullback,2026-04-04 16:00:00+00:00,2026-04-04 16:35:00+00:00,long,67355.2,67459.27,TP ✅,0.5644,1.4111,114.2986,1
U4. EMA Pullback,2026-04-05 13:10:00+00:00,2026-04-05 13:20:00+00:00,short,66778.35,66827.64,SL ❌,1.143,-1.143,113.1556,-1
U4. EMA Pullback,2026-04-07 11:30:00+00:00,2026-04-07 11:35:00+00:00,short,68296.26,68409.18,SL ❌,1.1316,-1.1316,112.024,-2
U4. EMA Pullback,2026-04-07 14:55:00+00:00,2026-04-07 15:25:00+00:00,short,67916.7,68142.05,SL ❌,0.5601,-0.5601,111.4639,-3
U4. EMA Pullback,2026-04-10 12:00:00+00:00,2026-04-10 12:10:00+00:00,long,72178.27,72113.36,SL ❌,0.5573,-0.5573,110.9066,-4
U4. EMA Pullback,2026-04-12 09:40:00+00:00,2026-04-12 10:05:00+00:00,short,71591.98,71665.98,SL ❌,0.5545,-0.5545,110.352,-5
U4. EMA Pullback,2026-04-12 11:30:00+00:00,2026-04-12 11:50:00+00:00,short,71448.32,71483.08,SL ❌,0.5518,-0.5518,109.8003,-6
U4. EMA Pullback,2026-04-12 12:50:00+00:00,2026-04-12 13:00:00+00:00,short,71210.23,70971.16,TP ✅,0.549,1.3725,111.1728,1
U4. EMA Pullback,2026-04-13 08:05:00+00:00,2026-04-13 08:45:00+00:00,short,70750.88,70635.8,TP ✅,1.1117,2.7793,113.9521,2
U4. EMA Pullback,2026-04-15 11:15:00+00:00,2026-04-15 11:40:00+00:00,short,73990.38,74087.86,SL ❌,1.7093,-1.7093,112.2428,-1
U4. EMA Pullback,2026-04-20 18:50:00+00:00,2026-04-20 19:15:00+00:00,long,76448.27,76311.99,SL ❌,1.1224,-1.1224,111.1204,-2
U4. EMA Pullback,2026-04-22 19:25:00+00:00,2026-04-22 19:35:00+00:00,long,79062.64,78904.43,SL ❌,0.5556,-0.5556,110.5648,-3
U4. EMA Pullback,2026-04-24 09:45:00+00:00,2026-04-24 10:20:00+00:00,short,77535.93,77667.3,SL ❌,0.5528,-0.5528,110.012,-4
U5. COMBINED (2+ agree) 🔥,2026-02-28 19:30:00+00:00,2026-02-28 20:00:00+00:00,long,66199.2,66277.8,SL ❌,1.0,-1.0,99.0,-1
U5. COMBINED (2+ agree) 🔥,2026-03-03 14:30:00+00:00,2026-03-03 14:35:00+00:00,short,66830.73,67108.35,SL ❌,0.99,-0.99,98.01,-2
U5. COMBINED (2+ agree) 🔥,2026-03-07 16:20:00+00:00,2026-03-07 17:20:00+00:00,short,67838.82,67918.02,SL ❌,0.49,-0.49,97.52,-3
U5. COMBINED (2+ agree) 🔥,2026-03-15 20:25:00+00:00,2026-03-15 20:30:00+00:00,short,71451.88,71646.09,SL ❌,0.4876,-0.4876,97.0324,-4
U5. COMBINED (2+ agree) 🔥,2026-03-22 17:35:00+00:00,2026-03-22 18:35:00+00:00,short,68699.15,68455.22,TP ✅,0.4852,1.2129,98.2453,1
U5. COMBINED (2+ agree) 🔥,2026-03-26 09:30:00+00:00,2026-03-26 10:15:00+00:00,short,69518.16,69617.96,SL ❌,0.9825,-0.9825,97.2628,-1
U5. COMBINED (2+ agree) 🔥,2026-03-28 15:30:00+00:00,2026-03-28 15:50:00+00:00,long,67024.87,66941.19,SL ❌,0.9726,-0.9726,96.2902,-2
U5. COMBINED (2+ agree) 🔥,2026-03-28 18:40:00+00:00,2026-03-28 19:10:00+00:00,long,66882.3,66789.86,SL ❌,0.4815,-0.4815,95.8087,-3
U5. COMBINED (2+ agree) 🔥,2026-04-02 10:35:00+00:00,2026-04-02 11:10:00+00:00,short,66424.45,66247.01,TP ✅,0.479,1.1976,97.0063,1
U5. COMBINED (2+ agree) 🔥,2026-04-04 10:40:00+00:00,2026-04-04 10:50:00+00:00,long,67030.56,67148.18,TP ✅,0.9701,2.4252,99.4315,2
U5. COMBINED (2+ agree) 🔥,2026-04-04 19:05:00+00:00,2026-04-04 19:25:00+00:00,long,67409.79,67360.95,SL ❌,1.4915,-1.4915,97.94,-1
U5. COMBINED (2+ agree) 🔥,2026-04-05 10:35:00+00:00,2026-04-05 10:40:00+00:00,long,67095.8,67040.58,SL ❌,0.9794,-0.9794,96.9606,-2
U5. COMBINED (2+ agree) 🔥,2026-04-06 13:35:00+00:00,2026-04-06 13:40:00+00:00,short,69290.49,69367.76,SL ❌,0.4848,-0.4848,96.4758,-3
U5. COMBINED (2+ agree) 🔥,2026-04-07 19:45:00+00:00,2026-04-07 20:00:00+00:00,long,68885.13,69341.69,TP ✅,0.4824,1.2059,97.6818,1
U5. COMBINED (2+ agree) 🔥,2026-04-08 11:35:00+00:00,2026-04-08 11:40:00+00:00,short,71417.46,71523.95,SL ❌,0.9768,-0.9768,96.7049,-1
U5. COMBINED (2+ agree) 🔥,2026-04-12 12:50:00+00:00,2026-04-12 13:00:00+00:00,short,71210.23,70971.16,TP ✅,0.967,2.4176,99.1226,1
U5. COMBINED (2+ agree) 🔥,2026-04-13 13:45:00+00:00,2026-04-13 13:55:00+00:00,long,71337.41,71608.93,TP ✅,0.9912,2.4781,101.6006,2
U5. COMBINED (2+ agree) 🔥,2026-04-15 11:15:00+00:00,2026-04-15 11:40:00+00:00,short,73990.38,74087.86,SL ❌,1.524,-1.524,100.0766,-1
U5. COMBINED (2+ agree) 🔥,2026-04-20 18:50:00+00:00,2026-04-20 19:15:00+00:00,long,76448.27,76311.99,SL ❌,1.0008,-1.0008,99.0759,-2
U5. COMBINED (2+ agree) 🔥,2026-04-22 19:25:00+00:00,2026-04-22 19:35:00+00:00,long,79062.64,78904.43,SL ❌,0.4954,-0.4954,98.5805,-3
